feature,sum_features
UNMAPPED,42
UNINTEGRATED,42
1CMET2-PWY: folate transformations III (E. coli),42
ALLANTOINDEG-PWY: superpathway of allantoin degradation in yeast,12
ANAEROFRUCAT-PWY: homolactic fermentation,42
ANAGLYCOLYSIS-PWY: glycolysis III (from glucose),42
ARG+POLYAMINE-SYN: superpathway of arginine and polyamine biosynthesis,39
ARGININE-SYN4-PWY: L-ornithine biosynthesis II,41
ARGSYN-PWY: L-arginine biosynthesis I (via L-ornithine),42
ARGSYNBSUB-PWY: L-arginine biosynthesis II (acetyl cycle),42
ARO-PWY: chorismate biosynthesis I,42
ASPASN-PWY: superpathway of L-aspartate and L-asparagine biosynthesis,42
AST-PWY: L-arginine degradation II (AST pathway),7
BIOTIN-BIOSYNTHESIS-PWY: biotin biosynthesis I,40
BRANCHED-CHAIN-AA-SYN-PWY: superpathway of branched chain amino acid biosynthesis,42
CALVIN-PWY: Calvin-Benson-Bassham cycle,42
CENTFERM-PWY: pyruvate fermentation to butanoate,42
CITRULBIO-PWY: L-citrulline biosynthesis,42
COA-PWY-1: superpathway of coenzyme A biosynthesis III (mammals),42
COA-PWY: coenzyme A biosynthesis I (prokaryotic),42
COBALSYN-PWY: superpathway of adenosylcobalamin salvage from cobinamide I,42
COLANSYN-PWY: colanic acid building blocks biosynthesis,42
COMPLETE-ARO-PWY: superpathway of aromatic amino acid biosynthesis,42
DAPLYSINESYN-PWY: L-lysine biosynthesis I,42
DARABCATK12-PWY: D-arabinose degradation I,6
DTDPRHAMSYN-PWY: dTDP-&beta;-L-rhamnose biosynthesis,42
ECASYN-PWY: enterobacterial common antigen biosynthesis,6
FAO-PWY: fatty acid &beta;-oxidation I (generic),10
FASYN-ELONG-PWY: fatty acid elongation -- saturated,40
FASYN-INITIAL-PWY: superpathway of fatty acid biosynthesis initiation (E. coli),31
FERMENTATION-PWY: mixed acid fermentation,42
FOLSYN-PWY: superpathway of tetrahydrofolate biosynthesis and salvage,32
FUC-RHAMCAT-PWY: superpathway of fucose and rhamnose degradation,39
FUCCAT-PWY: fucose degradation,41
GALACT-GLUCUROCAT-PWY: superpathway of hexuronide and hexuronate degradation,41
GALACTARDEG-PWY: D-galactarate degradation I,22
GALACTITOLCAT-PWY: galactitol degradation,14
GALACTUROCAT-PWY: D-galacturonate degradation I,42
"GLCMANNANAUT-PWY: superpathway of N-acetylglucosamine, N-acetylmannosamine and N-acetylneuraminate degradation",42
GLUCARDEG-PWY: D-glucarate degradation I,20
GLUCARGALACTSUPER-PWY: superpathway of D-glucarate and D-galactarate degradation,22
GLUCONEO-PWY: gluconeogenesis I,42
GLUCOSE1PMETAB-PWY: glucose and glucose-1-phosphate degradation,21
GLUCUROCAT-PWY: superpathway of &beta;-D-glucuronosides degradation,42
GLUDEG-I-PWY: GABA shunt,40
GLUTORN-PWY: L-ornithine biosynthesis I,42
GLYCOCAT-PWY: glycogen degradation I,42
GLYCOGENSYNTH-PWY: glycogen biosynthesis I (from ADP-D-Glucose),42
GLYCOL-GLYOXDEG-PWY: superpathway of glycol metabolism and degradation,8
GLYCOLYSIS-E-D: superpathway of glycolysis and the Entner-Doudoroff pathway,42
GLYCOLYSIS: glycolysis I (from glucose 6-phosphate),42
GLYOXYLATE-BYPASS: glyoxylate cycle,18
"GOLPDLCAT-PWY: superpathway of glycerol degradation to 1,3-propanediol",41
HCAMHPDEG-PWY: 3-phenylpropanoate and 3-(3-hydroxyphenyl)propanoate degradation to 2-hydroxypentadienoate,6
HEME-BIOSYNTHESIS-II-1: heme b biosynthesis V (aerobic),18
HEME-BIOSYNTHESIS-II: heme b biosynthesis I (aerobic),37
HEMESYN2-PWY: heme b biosynthesis II (oxygen-independent),41
HEXITOLDEGSUPER-PWY: superpathway of hexitol degradation (bacteria),14
HISDEG-PWY: L-histidine degradation I,42
HISTSYN-PWY: L-histidine biosynthesis,42
HOMOSER-METSYN-PWY: L-methionine biosynthesis I,34
HSERMETANA-PWY: L-methionine biosynthesis III,42
ILEUSYN-PWY: L-isoleucine biosynthesis I (from threonine),42
KDO-NAGLIPASYN-PWY: superpathway of (Kdo)2-lipid A biosynthesis,5
KETOGLUCONMET-PWY: ketogluconate metabolism,14
LACTOSECAT-PWY: lactose and galactose degradation I,41
MET-SAM-PWY: superpathway of S-adenosyl-L-methionine biosynthesis,34
METH-ACETATE-PWY: methanogenesis from acetate,42
METHGLYUT-PWY: superpathway of methylglyoxal degradation,19
METSYN-PWY: superpathway of L-homoserine and L-methionine biosynthesis,34
NAD-BIOSYNTHESIS-II: NAD salvage pathway III (to nicotinamide riboside),22
NAGLIPASYN-PWY: lipid IVA biosynthesis (E. coli),42
NONMEVIPP-PWY: methylerythritol phosphate pathway I,42
NONOXIPENT-PWY: pentose phosphate pathway (non-oxidative branch) I,42
OANTIGEN-PWY: O-antigen building blocks biosynthesis (E. coli),42
ORNDEG-PWY: superpathway of ornithine degradation,28
P105-PWY: TCA cycle IV (2-oxoglutarate decarboxylase),27
P108-PWY: pyruvate fermentation to propanoate I,18
P122-PWY: heterolactic fermentation,15
P124-PWY: Bifidobacterium shunt,41
"P125-PWY: superpathway of (R,R)-butanediol biosynthesis",15
P161-PWY: acetylene degradation (anaerobic),40
P164-PWY: purine nucleobases degradation I (anaerobic),41
P185-PWY: formaldehyde assimilation III (dihydroxyacetone cycle),37
P23-PWY: reductive TCA cycle I,12
"P4-PWY: superpathway of L-lysine, L-threonine and L-methionine biosynthesis I",33
P41-PWY: pyruvate fermentation to acetate and (S)-lactate I,42
P42-PWY: incomplete reductive TCA cycle,37
P441-PWY: superpathway of N-acetylneuraminate degradation,42
"P461-PWY: hexitol fermentation to lactate, formate, ethanol and acetate",42
P621-PWY: nylon-6 oligomer degradation,19
PANTO-PWY: phosphopantothenate biosynthesis I,42
PANTOSYN-PWY: superpathway of coenzyme A biosynthesis I (bacteria),42
PENTOSE-P-PWY: pentose phosphate pathway,42
PEPTIDOGLYCANSYN-PWY: peptidoglycan biosynthesis I (meso-diaminopimelate containing),42
PHOSLIPSYN-PWY: superpathway of phospholipid biosynthesis I (bacteria),42
POLYAMINSYN3-PWY: superpathway of polyamine biosynthesis II,28
POLYAMSYN-PWY: superpathway of polyamine biosynthesis I,39
POLYISOPRENSYN-PWY: polyisoprenoid biosynthesis (E. coli),40
PPGPPMET-PWY: ppGpp metabolism,41
PROPFERM-PWY: superpathway of L-alanine fermentation (Stickland reaction),13
PWY-1042: glycolysis IV,42
PWY-1269: CMP-3-deoxy-D-manno-octulosonate biosynthesis,42
PWY-1861: formaldehyde assimilation II (assimilatory RuMP Cycle),40
"PWY-241: C4 photosynthetic carbon assimilation cycle, NADP-ME type",42
PWY-2941: L-lysine biosynthesis II,42
PWY-2942: L-lysine biosynthesis III,42
PWY-3001: superpathway of L-isoleucine biosynthesis I,42
PWY-3841: folate transformations II (plants),42
PWY-4041: &gamma;-glutamyl cycle,42
PWY-4984: urea cycle,42
PWY-5004: superpathway of L-citrulline metabolism,13
PWY-5005: biotin biosynthesis II,30
PWY-5022: 4-aminobutanoate degradation V,32
PWY-5030: L-histidine degradation III,42
PWY-5097: L-lysine biosynthesis VI,42
PWY-5100: pyruvate fermentation to acetate and lactate II,42
PWY-5103: L-isoleucine biosynthesis III,42
PWY-5104: L-isoleucine biosynthesis IV,14
PWY-5121: superpathway of geranylgeranyl diphosphate biosynthesis II (via MEP),41
PWY-5130: 2-oxobutanoate degradation I,36
PWY-5136: fatty acid &beta;-oxidation II (plant peroxisome),39
"PWY-5138: fatty acid &beta;-oxidation IV (unsaturated, even number)",9
PWY-5154: L-arginine biosynthesis III (via N-acetyl-L-citrulline),42
PWY-5188: tetrapyrrole biosynthesis I (from glutamate),42
PWY-5189: tetrapyrrole biosynthesis II (from glycine),30
PWY-5345: superpathway of L-methionine biosynthesis (by sulfhydrylation),34
PWY-5347: superpathway of L-methionine biosynthesis (transsulfuration),34
PWY-5367: petroselinate biosynthesis,28
PWY-5384: sucrose degradation IV (sucrose phosphorylase),42
PWY-5392: reductive TCA cycle II,8
PWY-5484: glycolysis II (from fructose 6-phosphate),42
PWY-5494: pyruvate fermentation to propanoate II (acrylate pathway),13
PWY-5497: purine nucleobases degradation II (anaerobic),40
PWY-5505: L-glutamate and L-glutamine biosynthesis,41
PWY-561: superpathway of glyoxylate cycle and fatty acid degradation,10
PWY-5656: mannosylglycerate biosynthesis I,8
PWY-5659: GDP-mannose biosynthesis,42
PWY-5667: CDP-diacylglycerol biosynthesis I,42
PWY-5675: nitrate reduction V (assimilatory),15
PWY-5676: acetyl-CoA fermentation to butanoate II,42
PWY-5677: succinate fermentation to butanoate,16
PWY-5686: UMP biosynthesis I,42
PWY-5690: TCA cycle II (plants and fungi),31
PWY-5695: inosine 5'-phosphate degradation,42
PWY-5723: Rubisco shunt,12
PWY-5747: 2-methylcitrate cycle II,8
"PWY-5837: 2-carboxy-1,4-naphthoquinol biosynthesis",16
PWY-5838: superpathway of menaquinol-8 biosynthesis I,15
PWY-5840: superpathway of menaquinol-7 biosynthesis,15
PWY-5845: superpathway of menaquinol-9 biosynthesis,9
PWY-5850: superpathway of menaquinol-6 biosynthesis,5
PWY-5855: ubiquinol-7 biosynthesis (early decarboxylation),6
PWY-5860: superpathway of demethylmenaquinol-6 biosynthesis I,5
PWY-5861: superpathway of demethylmenaquinol-8 biosynthesis I,15
PWY-5862: superpathway of demethylmenaquinol-9 biosynthesis,9
PWY-5896: superpathway of menaquinol-10 biosynthesis,5
PWY-5897: superpathway of menaquinol-11 biosynthesis,16
PWY-5898: superpathway of menaquinol-12 biosynthesis,16
PWY-5899: superpathway of menaquinol-13 biosynthesis,16
PWY-5910: superpathway of geranylgeranyldiphosphate biosynthesis I (via mevalonate),11
PWY-5913: partial TCA cycle (obligate autotrophs),42
PWY-5918: superpathway of heme b biosynthesis from glutamate,30
PWY-5920: superpathway of heme b biosynthesis from glycine,10
PWY-5941: glycogen degradation II,42
PWY-5971: palmitate biosynthesis (type II fatty acid synthase),28
PWY-5973: cis-vaccenate biosynthesis,42
PWY-5981: CDP-diacylglycerol biosynthesis III,33
PWY-5989: stearate biosynthesis II (bacteria and plants),40
PWY-5994: palmitate biosynthesis (type I fatty acid synthase),22
PWY-6121: 5-aminoimidazole ribonucleotide biosynthesis I,42
PWY-6122: 5-aminoimidazole ribonucleotide biosynthesis II,42
PWY-6123: inosine-5'-phosphate biosynthesis I,42
PWY-6124: inosine-5'-phosphate biosynthesis II,42
PWY-6125: superpathway of guanosine nucleotides de novo biosynthesis II,42
PWY-6126: superpathway of adenosine nucleotides de novo biosynthesis II,42
PWY-6147: 6-hydroxymethyl-dihydropterin diphosphate biosynthesis I,42
PWY-6151: S-adenosyl-L-methionine salvage I,42
PWY-6163: chorismate biosynthesis from 3-dehydroquinate,42
PWY-6168: flavin biosynthesis III (fungi),10
PWY-621: sucrose degradation III (sucrose invertase),42
PWY-622: starch biosynthesis,37
PWY-6270: isoprene biosynthesis I,42
PWY-6277: superpathway of 5-aminoimidazole ribonucleotide biosynthesis,42
PWY-6282: palmitoleate biosynthesis I (from (5Z)-dodec-5-enoate),40
PWY-6284: superpathway of unsaturated fatty acids biosynthesis (E. coli),28
PWY-6292: superpathway of L-cysteine biosynthesis (mammalian),42
PWY-6293: superpathway of L-cysteine biosynthesis (fungi),17
PWY-6305: superpathway of putrescine biosynthesis,42
PWY-6317: D-galactose degradation I (Leloir pathway),42
PWY-6353: purine nucleotides degradation II (aerobic),42
PWY-6385: peptidoglycan biosynthesis III (mycobacteria),42
PWY-6386: UDP-N-acetylmuramoyl-pentapeptide biosynthesis II (lysine-containing),42
PWY-6387: UDP-N-acetylmuramoyl-pentapeptide biosynthesis I (meso-diaminopimelate containing),42
PWY-6435: 4-hydroxybenzoate biosynthesis III (plants),15
PWY-6470: peptidoglycan biosynthesis V (&beta;-lactam resistance),39
PWY-6471: peptidoglycan biosynthesis IV (Enterococcus faecium),5
PWY-6507: 4-deoxy-L-threo-hex-4-enopyranuronate degradation,42
PWY-6518: bile acids epimerization,8
PWY-6519: 8-amino-7-oxononanoate biosynthesis I,40
PWY-6527: stachyose degradation,42
PWY-6531: mannitol cycle,30
PWY-6545: pyrimidine deoxyribonucleotides de novo biosynthesis III,31
PWY-6549: L-glutamine biosynthesis III,42
PWY-6572: chondroitin sulfate degradation I (bacterial),18
PWY-6588: pyruvate fermentation to acetone,38
PWY-6590: superpathway of Clostridium acetobutylicum acidogenic fermentation,42
PWY-6595: superpathway of guanosine nucleotides degradation (plants),41
PWY-6606: guanosine nucleotides degradation II,42
PWY-6607: guanosine nucleotides degradation I,41
PWY-6608: guanosine nucleotides degradation III,42
PWY-6609: adenine and adenosine salvage III,42
PWY-6612: superpathway of tetrahydrofolate biosynthesis,32
PWY-6628: superpathway of L-phenylalanine biosynthesis,42
PWY-6629: superpathway of L-tryptophan biosynthesis,42
PWY-6630: superpathway of L-tyrosine biosynthesis,42
PWY-6690: cinnamate and 3-hydroxycinnamate degradation to 2-hydroxypentadienoate,6
PWY-6700: queuosine biosynthesis I (de novo),42
PWY-6703: preQ0 biosynthesis,42
PWY-6731: starch degradation III,42
PWY-6803: phosphatidylcholine acyl editing,16
PWY-6807: xyloglucan degradation II (exoglucanase),13
PWY-6823: molybdopterin biosynthesis,42
PWY-6859: all-trans-farnesol biosynthesis,35
PWY-6876: isopropanol biosynthesis (engineered),10
PWY-6892: thiazole component of thiamine diphosphate biosynthesis I,42
PWY-6895: superpathway of thiamine diphosphate biosynthesis II,37
PWY-6897: thiamine diphosphate salvage II,42
PWY-6901: superpathway of glucose and xylose degradation,42
PWY-6902: chitin degradation II (Vibrio),42
PWY-6906: chitin derivatives degradation,29
PWY-6920: 6-gingerol analog biosynthesis (engineered),8
PWY-6922: L-N&delta;-acetylornithine biosynthesis,22
PWY-6936: seleno-amino acid biosynthesis (plants),42
"PWY-6961: L-ascorbate degradation II (bacterial, aerobic)",18
PWY-6969: TCA cycle V (2-oxoglutarate synthase),42
"PWY-6992: 1,5-anhydrofructose degradation",11
"PWY-7013: (S)-propane-1,2-diol degradation",41
PWY-702: L-methionine biosynthesis II,42
PWY-7094: fatty acid salvage,5
PWY-7111: pyruvate fermentation to isobutanol (engineered),42
"PWY-7115: C4 photosynthetic carbon assimilation cycle, NAD-ME type",42
"PWY-7117: C4 photosynthetic carbon assimilation cycle, PEPCK type",42
PWY-7118: chitin deacetylation,12
PWY-7184: pyrimidine deoxyribonucleotides de novo biosynthesis I,31
PWY-7185: UTP and CTP dephosphorylation I,30
PWY-7196: superpathway of pyrimidine ribonucleosides salvage,18
PWY-7197: pyrimidine deoxyribonucleotide phosphorylation,42
PWY-7198: pyrimidine deoxyribonucleotides de novo biosynthesis IV,42
PWY-7199: pyrimidine deoxyribonucleosides salvage,42
PWY-7204: pyridoxal 5'-phosphate salvage II (plants),10
PWY-7208: superpathway of pyrimidine nucleobases salvage,42
PWY-7209: superpathway of pyrimidine ribonucleosides degradation,33
PWY-7210: pyrimidine deoxyribonucleotides biosynthesis from CTP,30
PWY-7211: superpathway of pyrimidine deoxyribonucleotides de novo biosynthesis,31
PWY-7220: adenosine deoxyribonucleotides de novo biosynthesis II,42
PWY-7221: guanosine ribonucleotides de novo biosynthesis,42
PWY-7222: guanosine deoxyribonucleotides de novo biosynthesis II,42
PWY-7228: superpathway of guanosine nucleotides de novo biosynthesis I,42
PWY-7229: superpathway of adenosine nucleotides de novo biosynthesis I,42
PWY-7234: inosine-5'-phosphate biosynthesis III,42
"PWY-7237: myo-, chiro- and scyllo-inositol degradation",42
PWY-7238: sucrose biosynthesis II,42
PWY-7242: D-fructuronate degradation,42
"PWY-724: superpathway of L-lysine, L-threonine and L-methionine biosynthesis II",42
PWY-7254: TCA cycle VII (acetate-producers),10
PWY-7269: mitochondrial NADPH production (yeast),5
PWY-7282: 4-amino-2-methyl-5-diphosphomethylpyrimidine biosynthesis II,41
PWY-7312: dTDP-&beta;-D-fucofuranose biosynthesis,14
PWY-7315: dTDP-N-acetylthomosamine biosynthesis,36
PWY-7316: dTDP-N-acetylviosamine biosynthesis,5
PWY-7323: superpathway of GDP-mannose-derived O-antigen building blocks biosynthesis,41
PWY-7328: superpathway of UDP-glucose-derived O-antigen building blocks biosynthesis,42
"PWY-7340: 9-cis, 11-trans-octadecadienoyl-CoA degradation (isomerase-dependent, yeast)",5
PWY-7345: superpathway of anaerobic sucrose degradation,42
PWY-7356: thiamine diphosphate salvage IV (yeast),42
PWY-7357: thiamine phosphate formation from pyrithiamine and oxythiamine (yeast),42
"PWY-7371: 1,4-dihydroxy-6-naphthoate biosynthesis II",14
"PWY-7383: anaerobic energy metabolism (invertebrates, cytosol)",42
"PWY-7385: 1,3-propanediol biosynthesis (engineered)",13
"PWY-7388: octanoyl-[acyl-carrier protein] biosynthesis (mitochondria, yeast)",9
PWY-7392: taxadiene biosynthesis (engineered),35
PWY-7400: L-arginine biosynthesis IV (archaebacteria),42
PWY-7434: terminal O-glycans residues modification (via type 2 precursor disaccharide),13
"PWY-7456: &beta;-(1,4)-mannan degradation",42
PWY-7560: methylerythritol phosphate pathway II,42
PWY-7663: gondoate biosynthesis (anaerobic),42
PWY-7664: oleate biosynthesis IV (anaerobic),40
PWY-7688: dTDP-&alpha;-D-ravidosamine and dTDP-4-acetyl-&alpha;-D-ravidosamine biosynthesis,15
PWY-7761: NAD salvage pathway II (PNC IV cycle),42
PWY-7790: UMP biosynthesis II,42
PWY-7791: UMP biosynthesis III,42
PWY-7851: coenzyme A biosynthesis II (eukaryotic),42
PWY-7858: (5Z)-dodecenoate biosynthesis II,7
PWY-7883: anhydromuropeptides recycling II,27
PWY-7942: 5-oxo-L-proline metabolism,10
PWY-7953: UDP-N-acetylmuramoyl-pentapeptide biosynthesis III (meso-diaminopimelate containing),42
PWY-7977: L-methionine biosynthesis IV,42
PWY-7992: superpathway of menaquinol-8 biosynthesis III,14
PWY-8004: Entner-Doudoroff pathway I,42
PWY-801: homocysteine and cysteine interconversion,17
PWY-8073: lipid IVA biosynthesis (P. putida),42
PWY-8131: 5'-deoxyadenosine degradation II,41
PWY-8178: pentose phosphate pathway (non-oxidative branch) II,42
PWY-8187: L-arginine degradation XIII (reductive Stickland reaction),42
PWY-8188: L-alanine degradation VI (reductive Stickland reaction),13
PWY-8189: L-alanine degradation V (oxidative Stickland reaction),13
PWY-821: superpathway of sulfur amino acid biosynthesis (Saccharomyces cerevisiae),15
PWY-822: fructan biosynthesis,18
PWY-841: superpathway of purine nucleotides de novo biosynthesis I,42
PWY-922: mevalonate pathway I (eukaryotes and bacteria),11
PWY-I9: L-cysteine biosynthesis VI (from L-methionine),42
PWY0-1061: superpathway of L-alanine biosynthesis,42
PWY0-1241: ADP-L-glycero-&beta;-D-manno-heptose biosynthesis,38
PWY0-1261: anhydromuropeptides recycling I,41
PWY0-1277: 3-phenylpropanoate and 3-(3-hydroxyphenyl)propanoate degradation,5
PWY0-1296: purine ribonucleosides degradation,42
PWY0-1297: superpathway of purine deoxyribonucleosides degradation,42
PWY0-1298: superpathway of pyrimidine deoxyribonucleosides degradation,41
PWY0-1319: CDP-diacylglycerol biosynthesis II,42
PWY0-1338: polymyxin resistance,7
PWY0-1415: superpathway of heme b biosynthesis from uroporphyrinogen-III,11
PWY0-1477: ethanolamine utilization,42
PWY0-1479: tRNA processing,42
PWY0-1586: peptidoglycan maturation (meso-diaminopimelate containing),42
PWY0-162: superpathway of pyrimidine ribonucleotides de novo biosynthesis,42
PWY0-166: superpathway of pyrimidine deoxyribonucleotides de novo biosynthesis (E. coli),10
"PWY0-301: L-ascorbate degradation I (bacterial, anaerobic)",20
PWY0-42: 2-methylcitrate cycle I,10
PWY0-781: aspartate superpathway,33
PWY0-845: superpathway of pyridoxal 5'-phosphate biosynthesis and salvage,41
PWY0-862: (5Z)-dodecenoate biosynthesis I,40
PWY1ZNC-1: assimilatory sulfate reduction IV,39
PWY3O-4107: NAD salvage pathway V (PNC V cycle),38
PWY490-3: nitrate reduction VI (assimilatory),17
PWY4FS-7: phosphatidylglycerol biosynthesis I (plastidic),42
PWY4FS-8: phosphatidylglycerol biosynthesis II (non-plastidic),42
PWY4LZ-257: superpathway of fermentation (Chlamydomonas reinhardtii),40
PWY66-389: phytol degradation,11
PWY66-391: fatty acid &beta;-oxidation VI (mammalian peroxisome),19
PWY66-399: gluconeogenesis III,42
PWY66-409: superpathway of purine nucleotide salvage,40
PWY66-429: fatty acid biosynthesis initiation (mitochondria),42
PWY66-430: myristate biosynthesis (mitochondria),9
PYRIDNUCSAL-PWY: NAD salvage pathway I (PNC VI cycle),38
PYRIDNUCSYN-PWY: NAD de novo biosynthesis I (from aspartate),42
PYRIDOXSYN-PWY: pyridoxal 5'-phosphate biosynthesis I,41
REDCITCYC: TCA cycle VI (Helicobacter),16
RHAMCAT-PWY: L-rhamnose degradation I,42
RIBOSYN2-PWY: flavin biosynthesis I (bacteria and plants),42
RUMP-PWY: formaldehyde oxidation I,25
SALVADEHYPOX-PWY: adenosine nucleotides degradation II,42
SER-GLYSYN-PWY: superpathway of L-serine and glycine biosynthesis I,42
SO4ASSIM-PWY: assimilatory sulfate reduction I,34
SULFATE-CYS-PWY: superpathway of sulfate assimilation and cysteine biosynthesis,34
TCA-GLYOX-BYPASS: superpathway of glyoxylate bypass and TCA,8
TCA: TCA cycle I (prokaryotic),12
THISYN-PWY: superpathway of thiamine diphosphate biosynthesis I,42
THISYNARA-PWY: superpathway of thiamine diphosphate biosynthesis III (eukaryotes),42
THRESYN-PWY: superpathway of L-threonine biosynthesis,42
TRNA-CHARGING-PWY: tRNA charging,42
TRPSYN-PWY: L-tryptophan biosynthesis,42
UDPNAGSYN-PWY: UDP-N-acetyl-D-glucosamine biosynthesis I,42
VALSYN-PWY: L-valine biosynthesis,42
