tax_id	scientific_name	sample_alias	sample_title	sample_description	metagenomic source	project name	isolation_source	collection date	geographic location (country and/or sea)	host	host subject id
408170	human gut metagenome	Nottingham_11A_S19	Human gut microbiome metagenomic reads - Nottingham turmeric intervention study	Participant 11 - Turmeric 3 months - Timepoint: Baseline	human gut metagenome	PRJEB105724	fecal sample	not provided	United Kingdom	Homo sapiens	11
408170	human gut metagenome	Nottingham_11B_S20	Human gut microbiome metagenomic reads - Nottingham turmeric intervention study	Participant 11 - Turmeric 3 months - Timepoint: 2_weeks	human gut metagenome	PRJEB105724	fecal sample	not provided	United Kingdom	Homo sapiens	11
408170	human gut metagenome	Nottingham_14A_S22	Human gut microbiome metagenomic reads - Nottingham turmeric intervention study	Participant 14 - Baseline sample only - Timepoint: Baseline	human gut metagenome	PRJEB105724	fecal sample	not provided	United Kingdom	Homo sapiens	14
408170	human gut metagenome	Nottingham_15A_S23	Human gut microbiome metagenomic reads - Nottingham turmeric intervention study	Participant 15 - Turmeric 6 months - Timepoint: Baseline	human gut metagenome	PRJEB105724	fecal sample	not provided	United Kingdom	Homo sapiens	15
408170	human gut metagenome	Nottingham_15B_S24	Human gut microbiome metagenomic reads - Nottingham turmeric intervention study	Participant 15 - Turmeric 6 months - Timepoint: 2_weeks	human gut metagenome	PRJEB105724	fecal sample	not provided	United Kingdom	Homo sapiens	15
408170	human gut metagenome	Nottingham_15C_S25	Human gut microbiome metagenomic reads - Nottingham turmeric intervention study	Participant 15 - Turmeric 6 months - Timepoint: 6_months	human gut metagenome	PRJEB105724	fecal sample	not provided	United Kingdom	Homo sapiens	15
408170	human gut metagenome	Nottingham_16A_S26	Human gut microbiome metagenomic reads - Nottingham turmeric intervention study	Participant 16 - Turmeric 6 months - Timepoint: Baseline	human gut metagenome	PRJEB105724	fecal sample	not provided	United Kingdom	Homo sapiens	16
408170	human gut metagenome	Nottingham_16B_S27	Human gut microbiome metagenomic reads - Nottingham turmeric intervention study	Participant 16 - Turmeric 6 months - Timepoint: 2_weeks	human gut metagenome	PRJEB105724	fecal sample	not provided	United Kingdom	Homo sapiens	16
408170	human gut metagenome	Nottingham_16C_S28	Human gut microbiome metagenomic reads - Nottingham turmeric intervention study	Participant 16 - Turmeric 6 months - Timepoint: 6_months	human gut metagenome	PRJEB105724	fecal sample	not provided	United Kingdom	Homo sapiens	16
408170	human gut metagenome	Nottingham_18A_S29	Human gut microbiome metagenomic reads - Nottingham turmeric intervention study	Participant 18 - Didn't take turmeric - Timepoint: Baseline	human gut metagenome	PRJEB105724	fecal sample	not provided	United Kingdom	Homo sapiens	18
408170	human gut metagenome	Nottingham_18B_S30	Human gut microbiome metagenomic reads - Nottingham turmeric intervention study	Participant 18 - Didn't take turmeric - Timepoint: 2_weeks	human gut metagenome	PRJEB105724	fecal sample	not provided	United Kingdom	Homo sapiens	18
408170	human gut metagenome	Nottingham_18C_S31	Human gut microbiome metagenomic reads - Nottingham turmeric intervention study	Participant 18 - Didn't take turmeric - Timepoint: 6_months	human gut metagenome	PRJEB105724	fecal sample	not provided	United Kingdom	Homo sapiens	18
408170	human gut metagenome	Nottingham_19A_S32	Human gut microbiome metagenomic reads - Nottingham turmeric intervention study	Participant 19 - Baseline sample only - Timepoint: Baseline	human gut metagenome	PRJEB105724	fecal sample	not provided	United Kingdom	Homo sapiens	19
408170	human gut metagenome	Nottingham_20A_S33	Human gut microbiome metagenomic reads - Nottingham turmeric intervention study	Participant 20 - Turmeric 3 months - Timepoint: Baseline	human gut metagenome	PRJEB105724	fecal sample	not provided	United Kingdom	Homo sapiens	20
408170	human gut metagenome	Nottingham_20B_S34	Human gut microbiome metagenomic reads - Nottingham turmeric intervention study	Participant 20 - Turmeric 3 months - Timepoint: 2_weeks	human gut metagenome	PRJEB105724	fecal sample	not provided	United Kingdom	Homo sapiens	20
408170	human gut metagenome	Nottingham_21A_S36	Human gut microbiome metagenomic reads - Nottingham turmeric intervention study	Participant 21 - Turmeric 6 months - Timepoint: Baseline	human gut metagenome	PRJEB105724	fecal sample	not provided	United Kingdom	Homo sapiens	21
408170	human gut metagenome	Nottingham_21B_S37	Human gut microbiome metagenomic reads - Nottingham turmeric intervention study	Participant 21 - Turmeric 6 months - Timepoint: 2_weeks	human gut metagenome	PRJEB105724	fecal sample	not provided	United Kingdom	Homo sapiens	21
408170	human gut metagenome	Nottingham_21C_S38	Human gut microbiome metagenomic reads - Nottingham turmeric intervention study	Participant 21 - Turmeric 6 months - Timepoint: 6_months	human gut metagenome	PRJEB105724	fecal sample	not provided	United Kingdom	Homo sapiens	21
408170	human gut metagenome	Nottingham_22A_S39	Human gut microbiome metagenomic reads - Nottingham turmeric intervention study	Participant 22 - Turmeric 6 months - Timepoint: Baseline	human gut metagenome	PRJEB105724	fecal sample	not provided	United Kingdom	Homo sapiens	22
408170	human gut metagenome	Nottingham_22B_S40	Human gut microbiome metagenomic reads - Nottingham turmeric intervention study	Participant 22 - Turmeric 6 months - Timepoint: 2_weeks	human gut metagenome	PRJEB105724	fecal sample	not provided	United Kingdom	Homo sapiens	22
408170	human gut metagenome	Nottingham_22C_S41	Human gut microbiome metagenomic reads - Nottingham turmeric intervention study	Participant 22 - Turmeric 6 months - Timepoint: 6_months	human gut metagenome	PRJEB105724	fecal sample	not provided	United Kingdom	Homo sapiens	22
408170	human gut metagenome	Nottingham_23a_S42	Human gut microbiome metagenomic reads - Nottingham turmeric intervention study	Participant 23 - Baseline sample only - Timepoint: Baseline	human gut metagenome	PRJEB105724	fecal sample	not provided	United Kingdom	Homo sapiens	23
408170	human gut metagenome	Nottingham_3A_S1	Human gut microbiome metagenomic reads - Nottingham turmeric intervention study	Participant 3 - Didn't take turmeric - Timepoint: Baseline	human gut metagenome	PRJEB105724	fecal sample	not provided	United Kingdom	Homo sapiens	3
408170	human gut metagenome	Nottingham_3B_S2	Human gut microbiome metagenomic reads - Nottingham turmeric intervention study	Participant 3 - Didn't take turmeric - Timepoint: 2_weeks	human gut metagenome	PRJEB105724	fecal sample	not provided	United Kingdom	Homo sapiens	3
408170	human gut metagenome	Nottingham_3c_S3	Human gut microbiome metagenomic reads - Nottingham turmeric intervention study	Participant 3 - Didn't take turmeric - Timepoint: 6_months	human gut metagenome	PRJEB105724	fecal sample	not provided	United Kingdom	Homo sapiens	3
408170	human gut metagenome	Nottingham_4a_S4	Human gut microbiome metagenomic reads - Nottingham turmeric intervention study	Participant 4 - Turmeric 6 months - Timepoint: Baseline	human gut metagenome	PRJEB105724	fecal sample	not provided	United Kingdom	Homo sapiens	4
408170	human gut metagenome	Nottingham_4b_S5	Human gut microbiome metagenomic reads - Nottingham turmeric intervention study	Participant 4 - Turmeric 6 months - Timepoint: 2_weeks	human gut metagenome	PRJEB105724	fecal sample	not provided	United Kingdom	Homo sapiens	4
408170	human gut metagenome	Nottingham_4c_S6	Human gut microbiome metagenomic reads - Nottingham turmeric intervention study	Participant 4 - Turmeric 6 months - Timepoint: 6_months	human gut metagenome	PRJEB105724	fecal sample	not provided	United Kingdom	Homo sapiens	4
408170	human gut metagenome	Nottingham_5A_S7	Human gut microbiome metagenomic reads - Nottingham turmeric intervention study	Participant 5 - Turmeric 6 months - Timepoint: Baseline	human gut metagenome	PRJEB105724	fecal sample	not provided	United Kingdom	Homo sapiens	5
408170	human gut metagenome	Nottingham_5B_S8	Human gut microbiome metagenomic reads - Nottingham turmeric intervention study	Participant 5 - Turmeric 6 months - Timepoint: 2_weeks	human gut metagenome	PRJEB105724	fecal sample	not provided	United Kingdom	Homo sapiens	5
408170	human gut metagenome	Nottingham_5C_S9	Human gut microbiome metagenomic reads - Nottingham turmeric intervention study	Participant 5 - Turmeric 6 months - Timepoint: 6_months	human gut metagenome	PRJEB105724	fecal sample	not provided	United Kingdom	Homo sapiens	5
408170	human gut metagenome	Nottingham_6A_S10	Human gut microbiome metagenomic reads - Nottingham turmeric intervention study	Participant 6 - Didn't take turmeric - Timepoint: Baseline	human gut metagenome	PRJEB105724	fecal sample	not provided	United Kingdom	Homo sapiens	6
408170	human gut metagenome	Nottingham_6B_S11	Human gut microbiome metagenomic reads - Nottingham turmeric intervention study	Participant 6 - Didn't take turmeric - Timepoint: 2_weeks	human gut metagenome	PRJEB105724	fecal sample	not provided	United Kingdom	Homo sapiens	6
408170	human gut metagenome	Nottingham_6C_S12	Human gut microbiome metagenomic reads - Nottingham turmeric intervention study	Participant 6 - Didn't take turmeric - Timepoint: 6_months	human gut metagenome	PRJEB105724	fecal sample	not provided	United Kingdom	Homo sapiens	6
408170	human gut metagenome	Nottingham_7A_S13	Human gut microbiome metagenomic reads - Nottingham turmeric intervention study	Participant 7 - Turmeric 6 months - Timepoint: Baseline	human gut metagenome	PRJEB105724	fecal sample	not provided	United Kingdom	Homo sapiens	7
408170	human gut metagenome	Nottingham_7B_S14	Human gut microbiome metagenomic reads - Nottingham turmeric intervention study	Participant 7 - Turmeric 6 months - Timepoint: 2_weeks	human gut metagenome	PRJEB105724	fecal sample	not provided	United Kingdom	Homo sapiens	7
408170	human gut metagenome	Nottingham_7C_S15	Human gut microbiome metagenomic reads - Nottingham turmeric intervention study	Participant 7 - Turmeric 6 months - Timepoint: 6_months	human gut metagenome	PRJEB105724	fecal sample	not provided	United Kingdom	Homo sapiens	7
408170	human gut metagenome	Nottingham_9A_S16	Human gut microbiome metagenomic reads - Nottingham turmeric intervention study	Participant 9 - Turmeric 6 months - Timepoint: Baseline	human gut metagenome	PRJEB105724	fecal sample	not provided	United Kingdom	Homo sapiens	9
408170	human gut metagenome	Nottingham_9B_S17	Human gut microbiome metagenomic reads - Nottingham turmeric intervention study	Participant 9 - Turmeric 6 months - Timepoint: 2_weeks	human gut metagenome	PRJEB105724	fecal sample	not provided	United Kingdom	Homo sapiens	9
408170	human gut metagenome	Nottingham_9C_S18	Human gut microbiome metagenomic reads - Nottingham turmeric intervention study	Participant 9 - Turmeric 6 months - Timepoint: 6_months	human gut metagenome	PRJEB105724	fecal sample	not provided	United Kingdom	Homo sapiens	9
408170	human gut metagenome	Nottingham_CnEG_S43	Human gut microbiome metagenomic reads - Nottingham turmeric intervention study	Sequencing control: CnEG_Control	human gut metagenome	PRJEB105724	sequencing control	not provided	United Kingdom		
408170	human gut metagenome	Nottingham_NegLP_S44	Human gut microbiome metagenomic reads - Nottingham turmeric intervention study	Sequencing control: Negative_LP	human gut metagenome	PRJEB105724	sequencing control	not provided	United Kingdom		
