sample	study	instrument_model	library_name	library_source	library_selection	library_strategy	library_layout	library_construction_protocol	design_description	forward_file_name	forward_file_md5	reverse_file_name	reverse_file_md5
Nottingham_11A_S19	PRJEB105724	Illumina NovaSeq 6000	Nottingham_11A_S19	METAGENOMIC	RANDOM	WGS	PAIRED	Nextera DNA Flex Library Prep Kit (Illumina) - standard protocol. DNA extracted using Qiagen protocol with 50µl elution volume and 10 minute incubation.	Shotgun metagenomic sequencing of human gut microbiome from fecal samples collected during turmeric intervention study. Paired-end sequencing on NovaSeq 6000 platform.	Nottingham_11A_S19_L001_R1_001.fastq.gz	ac90371ef27ce729d3cf9a35acfe3d14	Nottingham_11A_S19_L001_R2_001.fastq.gz	ccf163125289acd7426b49e21df405ac
Nottingham_11B_S20	PRJEB105724	Illumina NovaSeq 6000	Nottingham_11B_S20	METAGENOMIC	RANDOM	WGS	PAIRED	Nextera DNA Flex Library Prep Kit (Illumina) - standard protocol. DNA extracted using Qiagen protocol with 50µl elution volume and 10 minute incubation.	Shotgun metagenomic sequencing of human gut microbiome from fecal samples collected during turmeric intervention study. Paired-end sequencing on NovaSeq 6000 platform.	Nottingham_11B_S20_L001_R1_001.fastq.gz	4a580719a558e6e8ce2ff55ddf7e8499	Nottingham_11B_S20_L001_R2_001.fastq.gz	42d126ab632e10f6a738c56d2d373992
Nottingham_14A_S22	PRJEB105724	Illumina NovaSeq 6000	Nottingham_14A_S22	METAGENOMIC	RANDOM	WGS	PAIRED	Nextera DNA Flex Library Prep Kit (Illumina) - standard protocol. DNA extracted using Qiagen protocol with 50µl elution volume and 10 minute incubation.	Shotgun metagenomic sequencing of human gut microbiome from fecal samples collected during turmeric intervention study. Paired-end sequencing on NovaSeq 6000 platform.	Nottingham_14A_S22_L001_R1_001.fastq.gz	be5db2331b628ccd49faf47a41bd3c9c	Nottingham_14A_S22_L001_R2_001.fastq.gz	3fbdb5b0c1555717eb07ec2f9bf3493f
Nottingham_15A_S23	PRJEB105724	Illumina NovaSeq 6000	Nottingham_15A_S23	METAGENOMIC	RANDOM	WGS	PAIRED	Nextera DNA Flex Library Prep Kit (Illumina) - standard protocol. DNA extracted using Qiagen protocol with 50µl elution volume and 10 minute incubation.	Shotgun metagenomic sequencing of human gut microbiome from fecal samples collected during turmeric intervention study. Paired-end sequencing on NovaSeq 6000 platform.	Nottingham_15A_S23_L001_R1_001.fastq.gz	470d15222c923e1cdd2ac5efb5048ef0	Nottingham_15A_S23_L001_R2_001.fastq.gz	6ac99c472d46139921fe864e67cdfd51
Nottingham_15B_S24	PRJEB105724	Illumina NovaSeq 6000	Nottingham_15B_S24	METAGENOMIC	RANDOM	WGS	PAIRED	Nextera DNA Flex Library Prep Kit (Illumina) - standard protocol. DNA extracted using Qiagen protocol with 50µl elution volume and 10 minute incubation.	Shotgun metagenomic sequencing of human gut microbiome from fecal samples collected during turmeric intervention study. Paired-end sequencing on NovaSeq 6000 platform.	Nottingham_15B_S24_L001_R1_001.fastq.gz	6aa9b5c93eed686941585cc45b4d962e	Nottingham_15B_S24_L001_R2_001.fastq.gz	4aeca17184f470381b203eeef5372404
Nottingham_15C_S25	PRJEB105724	Illumina NovaSeq 6000	Nottingham_15C_S25	METAGENOMIC	RANDOM	WGS	PAIRED	Nextera DNA Flex Library Prep Kit (Illumina) - standard protocol. DNA extracted using Qiagen protocol with 50µl elution volume and 10 minute incubation.	Shotgun metagenomic sequencing of human gut microbiome from fecal samples collected during turmeric intervention study. Paired-end sequencing on NovaSeq 6000 platform.	Nottingham_15C_S25_L001_R1_001.fastq.gz	224b1d8065a94074ba9e2fd1c8388227	Nottingham_15C_S25_L001_R2_001.fastq.gz	dcdaf45e6d5ccc0b6c99e7914b508e47
Nottingham_16A_S26	PRJEB105724	Illumina NovaSeq 6000	Nottingham_16A_S26	METAGENOMIC	RANDOM	WGS	PAIRED	Nextera DNA Flex Library Prep Kit (Illumina) - standard protocol. DNA extracted using Qiagen protocol with 50µl elution volume and 10 minute incubation.	Shotgun metagenomic sequencing of human gut microbiome from fecal samples collected during turmeric intervention study. Paired-end sequencing on NovaSeq 6000 platform.	Nottingham_16A_S26_L001_R1_001.fastq.gz	29c766e9286a0815d5ef5e4be5163335	Nottingham_16A_S26_L001_R2_001.fastq.gz	f9652589521679649f91bd2792d8a660
Nottingham_16B_S27	PRJEB105724	Illumina NovaSeq 6000	Nottingham_16B_S27	METAGENOMIC	RANDOM	WGS	PAIRED	Nextera DNA Flex Library Prep Kit (Illumina) - standard protocol. DNA extracted using Qiagen protocol with 50µl elution volume and 10 minute incubation.	Shotgun metagenomic sequencing of human gut microbiome from fecal samples collected during turmeric intervention study. Paired-end sequencing on NovaSeq 6000 platform.	Nottingham_16B_S27_L001_R1_001.fastq.gz	b8850b4794f9b50f217f70916a35bef9	Nottingham_16B_S27_L001_R2_001.fastq.gz	22e2acae5ec413cf6095128239187b8f
Nottingham_16C_S28	PRJEB105724	Illumina NovaSeq 6000	Nottingham_16C_S28	METAGENOMIC	RANDOM	WGS	PAIRED	Nextera DNA Flex Library Prep Kit (Illumina) - standard protocol. DNA extracted using Qiagen protocol with 50µl elution volume and 10 minute incubation.	Shotgun metagenomic sequencing of human gut microbiome from fecal samples collected during turmeric intervention study. Paired-end sequencing on NovaSeq 6000 platform.	Nottingham_16C_S28_L001_R1_001.fastq.gz	efcced47fb7d4f6fa3121661740e1ef1	Nottingham_16C_S28_L001_R2_001.fastq.gz	5c27dc921d8f707199d7285f1937b874
Nottingham_18A_S29	PRJEB105724	Illumina NovaSeq 6000	Nottingham_18A_S29	METAGENOMIC	RANDOM	WGS	PAIRED	Nextera DNA Flex Library Prep Kit (Illumina) - standard protocol. DNA extracted using Qiagen protocol with 50µl elution volume and 10 minute incubation.	Shotgun metagenomic sequencing of human gut microbiome from fecal samples collected during turmeric intervention study. Paired-end sequencing on NovaSeq 6000 platform.	Nottingham_18A_S29_L001_R1_001.fastq.gz	5a8839ddc27834664e1d6c76d4b7ecd0	Nottingham_18A_S29_L001_R2_001.fastq.gz	b1f241bf7f4d084228f6d0f72df3935c
Nottingham_18B_S30	PRJEB105724	Illumina NovaSeq 6000	Nottingham_18B_S30	METAGENOMIC	RANDOM	WGS	PAIRED	Nextera DNA Flex Library Prep Kit (Illumina) - standard protocol. DNA extracted using Qiagen protocol with 50µl elution volume and 10 minute incubation.	Shotgun metagenomic sequencing of human gut microbiome from fecal samples collected during turmeric intervention study. Paired-end sequencing on NovaSeq 6000 platform.	Nottingham_18B_S30_L001_R1_001.fastq.gz	dc92bd4a293ae0b902995b58819c6f98	Nottingham_18B_S30_L001_R2_001.fastq.gz	53def759753078dca66faecc6b69847b
Nottingham_18C_S31	PRJEB105724	Illumina NovaSeq 6000	Nottingham_18C_S31	METAGENOMIC	RANDOM	WGS	PAIRED	Nextera DNA Flex Library Prep Kit (Illumina) - standard protocol. DNA extracted using Qiagen protocol with 50µl elution volume and 10 minute incubation.	Shotgun metagenomic sequencing of human gut microbiome from fecal samples collected during turmeric intervention study. Paired-end sequencing on NovaSeq 6000 platform.	Nottingham_18C_S31_L001_R1_001.fastq.gz	a0cf4bd88bfebf77345e3fccd3f90772	Nottingham_18C_S31_L001_R2_001.fastq.gz	a9474dc1d2ab4ad853a6794dc450c148
Nottingham_19A_S32	PRJEB105724	Illumina NovaSeq 6000	Nottingham_19A_S32	METAGENOMIC	RANDOM	WGS	PAIRED	Nextera DNA Flex Library Prep Kit (Illumina) - standard protocol. DNA extracted using Qiagen protocol with 50µl elution volume and 10 minute incubation.	Shotgun metagenomic sequencing of human gut microbiome from fecal samples collected during turmeric intervention study. Paired-end sequencing on NovaSeq 6000 platform.	Nottingham_19A_S32_L001_R1_001.fastq.gz	fcb873bd623b8c424f84ad9dc93e1ad0	Nottingham_19A_S32_L001_R2_001.fastq.gz	d9f38142d55336ca24f9e3c18e4a446d
Nottingham_20A_S33	PRJEB105724	Illumina NovaSeq 6000	Nottingham_20A_S33	METAGENOMIC	RANDOM	WGS	PAIRED	Nextera DNA Flex Library Prep Kit (Illumina) - standard protocol. DNA extracted using Qiagen protocol with 50µl elution volume and 10 minute incubation.	Shotgun metagenomic sequencing of human gut microbiome from fecal samples collected during turmeric intervention study. Paired-end sequencing on NovaSeq 6000 platform.	Nottingham_20A_S33_L001_R1_001.fastq.gz	189a5633a93cc4c3759093557b9482a7	Nottingham_20A_S33_L001_R2_001.fastq.gz	70cc8ac733db280672b8bf7a9c5a5790
Nottingham_20B_S34	PRJEB105724	Illumina NovaSeq 6000	Nottingham_20B_S34	METAGENOMIC	RANDOM	WGS	PAIRED	Nextera DNA Flex Library Prep Kit (Illumina) - standard protocol. DNA extracted using Qiagen protocol with 50µl elution volume and 10 minute incubation.	Shotgun metagenomic sequencing of human gut microbiome from fecal samples collected during turmeric intervention study. Paired-end sequencing on NovaSeq 6000 platform.	Nottingham_20B_S34_L001_R1_001.fastq.gz	0df99781028415135f8d275e27b35497	Nottingham_20B_S34_L001_R2_001.fastq.gz	7575c022f1430e80884de71069001b63
Nottingham_21A_S36	PRJEB105724	Illumina NovaSeq 6000	Nottingham_21A_S36	METAGENOMIC	RANDOM	WGS	PAIRED	Nextera DNA Flex Library Prep Kit (Illumina) - standard protocol. DNA extracted using Qiagen protocol with 50µl elution volume and 10 minute incubation.	Shotgun metagenomic sequencing of human gut microbiome from fecal samples collected during turmeric intervention study. Paired-end sequencing on NovaSeq 6000 platform.	Nottingham_21A_S36_L001_R1_001.fastq.gz	8552d612dfac8be96fd8ca6fd0b68f08	Nottingham_21A_S36_L001_R2_001.fastq.gz	7bfba885ce4dca5d0e9f29b54eec3b77
Nottingham_21B_S37	PRJEB105724	Illumina NovaSeq 6000	Nottingham_21B_S37	METAGENOMIC	RANDOM	WGS	PAIRED	Nextera DNA Flex Library Prep Kit (Illumina) - standard protocol. DNA extracted using Qiagen protocol with 50µl elution volume and 10 minute incubation.	Shotgun metagenomic sequencing of human gut microbiome from fecal samples collected during turmeric intervention study. Paired-end sequencing on NovaSeq 6000 platform.	Nottingham_21B_S37_L001_R1_001.fastq.gz	7dc69fd1c83579d680d5804c277f1bb1	Nottingham_21B_S37_L001_R2_001.fastq.gz	8506c9aa7b697f3bc6f92a2f9d3b41cc
Nottingham_21C_S38	PRJEB105724	Illumina NovaSeq 6000	Nottingham_21C_S38	METAGENOMIC	RANDOM	WGS	PAIRED	Nextera DNA Flex Library Prep Kit (Illumina) - standard protocol. DNA extracted using Qiagen protocol with 50µl elution volume and 10 minute incubation.	Shotgun metagenomic sequencing of human gut microbiome from fecal samples collected during turmeric intervention study. Paired-end sequencing on NovaSeq 6000 platform.	Nottingham_21C_S38_L001_R1_001.fastq.gz	dbdc4e0aedd6d16e53bfd50d1a2bfd16	Nottingham_21C_S38_L001_R2_001.fastq.gz	e9de2f563ab396c33019823343934ee3
Nottingham_22A_S39	PRJEB105724	Illumina NovaSeq 6000	Nottingham_22A_S39	METAGENOMIC	RANDOM	WGS	PAIRED	Nextera DNA Flex Library Prep Kit (Illumina) - standard protocol. DNA extracted using Qiagen protocol with 50µl elution volume and 10 minute incubation.	Shotgun metagenomic sequencing of human gut microbiome from fecal samples collected during turmeric intervention study. Paired-end sequencing on NovaSeq 6000 platform.	Nottingham_22A_S39_L001_R1_001.fastq.gz	a33415e9ec2a19440d0444119dde0a5e	Nottingham_22A_S39_L001_R2_001.fastq.gz	c38da0f3398fd867baddf06aff8ec4f6
Nottingham_22B_S40	PRJEB105724	Illumina NovaSeq 6000	Nottingham_22B_S40	METAGENOMIC	RANDOM	WGS	PAIRED	Nextera DNA Flex Library Prep Kit (Illumina) - standard protocol. DNA extracted using Qiagen protocol with 50µl elution volume and 10 minute incubation.	Shotgun metagenomic sequencing of human gut microbiome from fecal samples collected during turmeric intervention study. Paired-end sequencing on NovaSeq 6000 platform.	Nottingham_22B_S40_L001_R1_001.fastq.gz	2203d8e888d77f3907c3425698fd901b	Nottingham_22B_S40_L001_R2_001.fastq.gz	a994dc4e055e1f990a3f79a3446e6df5
Nottingham_22C_S41	PRJEB105724	Illumina NovaSeq 6000	Nottingham_22C_S41	METAGENOMIC	RANDOM	WGS	PAIRED	Nextera DNA Flex Library Prep Kit (Illumina) - standard protocol. DNA extracted using Qiagen protocol with 50µl elution volume and 10 minute incubation.	Shotgun metagenomic sequencing of human gut microbiome from fecal samples collected during turmeric intervention study. Paired-end sequencing on NovaSeq 6000 platform.	Nottingham_22C_S41_L001_R1_001.fastq.gz	2ce68b2ac51870da7537cf46acc243a1	Nottingham_22C_S41_L001_R2_001.fastq.gz	f54bd8bc5a8fbe5765c840d318e619a8
Nottingham_23a_S42	PRJEB105724	Illumina NovaSeq 6000	Nottingham_23a_S42	METAGENOMIC	RANDOM	WGS	PAIRED	Nextera DNA Flex Library Prep Kit (Illumina) - standard protocol. DNA extracted using Qiagen protocol with 50µl elution volume and 10 minute incubation.	Shotgun metagenomic sequencing of human gut microbiome from fecal samples collected during turmeric intervention study. Paired-end sequencing on NovaSeq 6000 platform.	Nottingham_23a_S42_L001_R1_001.fastq.gz	5b8b0d87f639bec7658525fd15b69882	Nottingham_23a_S42_L001_R2_001.fastq.gz	6421fd993522622fb416b54c08c73619
Nottingham_3A_S1	PRJEB105724	Illumina NovaSeq 6000	Nottingham_3A_S1	METAGENOMIC	RANDOM	WGS	PAIRED	Nextera DNA Flex Library Prep Kit (Illumina) - standard protocol. DNA extracted using Qiagen protocol with 50µl elution volume and 10 minute incubation.	Shotgun metagenomic sequencing of human gut microbiome from fecal samples collected during turmeric intervention study. Paired-end sequencing on NovaSeq 6000 platform.	Nottingham_3A_S1_L001_R1_001.fastq.gz	ea6c75d8ccf3a0e91d0f3af38c670e1f	Nottingham_3A_S1_L001_R2_001.fastq.gz	99d836b4e91d9c20503f2682b6605c08
Nottingham_3B_S2	PRJEB105724	Illumina NovaSeq 6000	Nottingham_3B_S2	METAGENOMIC	RANDOM	WGS	PAIRED	Nextera DNA Flex Library Prep Kit (Illumina) - standard protocol. DNA extracted using Qiagen protocol with 50µl elution volume and 10 minute incubation.	Shotgun metagenomic sequencing of human gut microbiome from fecal samples collected during turmeric intervention study. Paired-end sequencing on NovaSeq 6000 platform.	Nottingham_3B_S2_L001_R1_001.fastq.gz	af1cde45dc8209ea7a81bd260ca2cde9	Nottingham_3B_S2_L001_R2_001.fastq.gz	bf5cdf18202b31df52bccf4d991587c1
Nottingham_3c_S3	PRJEB105724	Illumina NovaSeq 6000	Nottingham_3c_S3	METAGENOMIC	RANDOM	WGS	PAIRED	Nextera DNA Flex Library Prep Kit (Illumina) - standard protocol. DNA extracted using Qiagen protocol with 50µl elution volume and 10 minute incubation.	Shotgun metagenomic sequencing of human gut microbiome from fecal samples collected during turmeric intervention study. Paired-end sequencing on NovaSeq 6000 platform.	Nottingham_3c_S3_L001_R1_001.fastq.gz	70af4ca73c5a837b59709e6a07af0e14	Nottingham_3c_S3_L001_R2_001.fastq.gz	4b87ac2fd6db06f0bbc8e85104306f59
Nottingham_4a_S4	PRJEB105724	Illumina NovaSeq 6000	Nottingham_4a_S4	METAGENOMIC	RANDOM	WGS	PAIRED	Nextera DNA Flex Library Prep Kit (Illumina) - standard protocol. DNA extracted using Qiagen protocol with 50µl elution volume and 10 minute incubation.	Shotgun metagenomic sequencing of human gut microbiome from fecal samples collected during turmeric intervention study. Paired-end sequencing on NovaSeq 6000 platform.	Nottingham_4a_S4_L001_R1_001.fastq.gz	6b1e1327a032b25e86eb6258d30f201e	Nottingham_4a_S4_L001_R2_001.fastq.gz	9c39bd5b5a0c8120f8be01a7b8000101
Nottingham_4b_S5	PRJEB105724	Illumina NovaSeq 6000	Nottingham_4b_S5	METAGENOMIC	RANDOM	WGS	PAIRED	Nextera DNA Flex Library Prep Kit (Illumina) - standard protocol. DNA extracted using Qiagen protocol with 50µl elution volume and 10 minute incubation.	Shotgun metagenomic sequencing of human gut microbiome from fecal samples collected during turmeric intervention study. Paired-end sequencing on NovaSeq 6000 platform.	Nottingham_4b_S5_L001_R1_001.fastq.gz	69fcc17f22f063ad71509dced4aa5106	Nottingham_4b_S5_L001_R2_001.fastq.gz	68d81123f9d9ed8d4a440aa276395aad
Nottingham_4c_S6	PRJEB105724	Illumina NovaSeq 6000	Nottingham_4c_S6	METAGENOMIC	RANDOM	WGS	PAIRED	Nextera DNA Flex Library Prep Kit (Illumina) - standard protocol. DNA extracted using Qiagen protocol with 50µl elution volume and 10 minute incubation.	Shotgun metagenomic sequencing of human gut microbiome from fecal samples collected during turmeric intervention study. Paired-end sequencing on NovaSeq 6000 platform.	Nottingham_4c_S6_L001_R1_001.fastq.gz	cb05f080205ffb0aaf22ac61eb66a345	Nottingham_4c_S6_L001_R2_001.fastq.gz	36cb5cedee0de6bc7f636154680a4ccb
Nottingham_5A_S7	PRJEB105724	Illumina NovaSeq 6000	Nottingham_5A_S7	METAGENOMIC	RANDOM	WGS	PAIRED	Nextera DNA Flex Library Prep Kit (Illumina) - standard protocol. DNA extracted using Qiagen protocol with 50µl elution volume and 10 minute incubation.	Shotgun metagenomic sequencing of human gut microbiome from fecal samples collected during turmeric intervention study. Paired-end sequencing on NovaSeq 6000 platform.	Nottingham_5A_S7_L001_R1_001.fastq.gz	91794f116ed168bb53fdf35daddb5482	Nottingham_5A_S7_L001_R2_001.fastq.gz	ed36d553e2a5dbcf81d3220c2e34a51e
Nottingham_5B_S8	PRJEB105724	Illumina NovaSeq 6000	Nottingham_5B_S8	METAGENOMIC	RANDOM	WGS	PAIRED	Nextera DNA Flex Library Prep Kit (Illumina) - standard protocol. DNA extracted using Qiagen protocol with 50µl elution volume and 10 minute incubation.	Shotgun metagenomic sequencing of human gut microbiome from fecal samples collected during turmeric intervention study. Paired-end sequencing on NovaSeq 6000 platform.	Nottingham_5B_S8_L001_R1_001.fastq.gz	54ed3ececfa72b8f42ba2e514acdda0e	Nottingham_5B_S8_L001_R2_001.fastq.gz	32496142dbe42bffb601da4f33c0c78b
Nottingham_5C_S9	PRJEB105724	Illumina NovaSeq 6000	Nottingham_5C_S9	METAGENOMIC	RANDOM	WGS	PAIRED	Nextera DNA Flex Library Prep Kit (Illumina) - standard protocol. DNA extracted using Qiagen protocol with 50µl elution volume and 10 minute incubation.	Shotgun metagenomic sequencing of human gut microbiome from fecal samples collected during turmeric intervention study. Paired-end sequencing on NovaSeq 6000 platform.	Nottingham_5C_S9_L001_R1_001.fastq.gz	0683706bd0101388b98428a05d67f7ae	Nottingham_5C_S9_L001_R2_001.fastq.gz	cfe3511dfa2d5a5de1a16f985a26777d
Nottingham_6A_S10	PRJEB105724	Illumina NovaSeq 6000	Nottingham_6A_S10	METAGENOMIC	RANDOM	WGS	PAIRED	Nextera DNA Flex Library Prep Kit (Illumina) - standard protocol. DNA extracted using Qiagen protocol with 50µl elution volume and 10 minute incubation.	Shotgun metagenomic sequencing of human gut microbiome from fecal samples collected during turmeric intervention study. Paired-end sequencing on NovaSeq 6000 platform.	Nottingham_6A_S10_L001_R1_001.fastq.gz	c0c957da1a46ae4d7da3226edffb9b85	Nottingham_6A_S10_L001_R2_001.fastq.gz	aa40bf419fc37cfd52c9a62f3036209d
Nottingham_6B_S11	PRJEB105724	Illumina NovaSeq 6000	Nottingham_6B_S11	METAGENOMIC	RANDOM	WGS	PAIRED	Nextera DNA Flex Library Prep Kit (Illumina) - standard protocol. DNA extracted using Qiagen protocol with 50µl elution volume and 10 minute incubation.	Shotgun metagenomic sequencing of human gut microbiome from fecal samples collected during turmeric intervention study. Paired-end sequencing on NovaSeq 6000 platform.	Nottingham_6B_S11_L001_R1_001.fastq.gz	763a7505f5a64cff80a754e4fc93f923	Nottingham_6B_S11_L001_R2_001.fastq.gz	4a843996f5c345891d9e6a5f76b4249e
Nottingham_6C_S12	PRJEB105724	Illumina NovaSeq 6000	Nottingham_6C_S12	METAGENOMIC	RANDOM	WGS	PAIRED	Nextera DNA Flex Library Prep Kit (Illumina) - standard protocol. DNA extracted using Qiagen protocol with 50µl elution volume and 10 minute incubation.	Shotgun metagenomic sequencing of human gut microbiome from fecal samples collected during turmeric intervention study. Paired-end sequencing on NovaSeq 6000 platform.	Nottingham_6C_S12_L001_R1_001.fastq.gz	0681fa927767a9f51385cf85bd34851c	Nottingham_6C_S12_L001_R2_001.fastq.gz	c155b83d00b3739aa891e35654997dd0
Nottingham_7A_S13	PRJEB105724	Illumina NovaSeq 6000	Nottingham_7A_S13	METAGENOMIC	RANDOM	WGS	PAIRED	Nextera DNA Flex Library Prep Kit (Illumina) - standard protocol. DNA extracted using Qiagen protocol with 50µl elution volume and 10 minute incubation.	Shotgun metagenomic sequencing of human gut microbiome from fecal samples collected during turmeric intervention study. Paired-end sequencing on NovaSeq 6000 platform.	Nottingham_7A_S13_L001_R1_001.fastq.gz	cd89b657f6fa63cda6143c5df14824da	Nottingham_7A_S13_L001_R2_001.fastq.gz	931c6892121b2f1089ec43c4a8eb11fb
Nottingham_7B_S14	PRJEB105724	Illumina NovaSeq 6000	Nottingham_7B_S14	METAGENOMIC	RANDOM	WGS	PAIRED	Nextera DNA Flex Library Prep Kit (Illumina) - standard protocol. DNA extracted using Qiagen protocol with 50µl elution volume and 10 minute incubation.	Shotgun metagenomic sequencing of human gut microbiome from fecal samples collected during turmeric intervention study. Paired-end sequencing on NovaSeq 6000 platform.	Nottingham_7B_S14_L001_R1_001.fastq.gz	3e048d90d8758b002013e4912b6d4ce3	Nottingham_7B_S14_L001_R2_001.fastq.gz	765a3c5bdd6fea2fb3d8d95266b46cd7
Nottingham_7C_S15	PRJEB105724	Illumina NovaSeq 6000	Nottingham_7C_S15	METAGENOMIC	RANDOM	WGS	PAIRED	Nextera DNA Flex Library Prep Kit (Illumina) - standard protocol. DNA extracted using Qiagen protocol with 50µl elution volume and 10 minute incubation.	Shotgun metagenomic sequencing of human gut microbiome from fecal samples collected during turmeric intervention study. Paired-end sequencing on NovaSeq 6000 platform.	Nottingham_7C_S15_L001_R1_001.fastq.gz	05b4d52010b1702d5dd43ea6bc82fd6b	Nottingham_7C_S15_L001_R2_001.fastq.gz	ccb02f8e2e527b760f9b6b758e0d412b
Nottingham_9A_S16	PRJEB105724	Illumina NovaSeq 6000	Nottingham_9A_S16	METAGENOMIC	RANDOM	WGS	PAIRED	Nextera DNA Flex Library Prep Kit (Illumina) - standard protocol. DNA extracted using Qiagen protocol with 50µl elution volume and 10 minute incubation.	Shotgun metagenomic sequencing of human gut microbiome from fecal samples collected during turmeric intervention study. Paired-end sequencing on NovaSeq 6000 platform.	Nottingham_9A_S16_L001_R1_001.fastq.gz	f70bd1b066df2ed831b9223873f7d034	Nottingham_9A_S16_L001_R2_001.fastq.gz	e07e2a3737c7e75386fe3da7d709db2c
Nottingham_9B_S17	PRJEB105724	Illumina NovaSeq 6000	Nottingham_9B_S17	METAGENOMIC	RANDOM	WGS	PAIRED	Nextera DNA Flex Library Prep Kit (Illumina) - standard protocol. DNA extracted using Qiagen protocol with 50µl elution volume and 10 minute incubation.	Shotgun metagenomic sequencing of human gut microbiome from fecal samples collected during turmeric intervention study. Paired-end sequencing on NovaSeq 6000 platform.	Nottingham_9B_S17_L001_R1_001.fastq.gz	6d5771506b46d09d9f9323093339e83b	Nottingham_9B_S17_L001_R2_001.fastq.gz	68e04a1a80aed4893cc6d08aa94593cc
Nottingham_9C_S18	PRJEB105724	Illumina NovaSeq 6000	Nottingham_9C_S18	METAGENOMIC	RANDOM	WGS	PAIRED	Nextera DNA Flex Library Prep Kit (Illumina) - standard protocol. DNA extracted using Qiagen protocol with 50µl elution volume and 10 minute incubation.	Shotgun metagenomic sequencing of human gut microbiome from fecal samples collected during turmeric intervention study. Paired-end sequencing on NovaSeq 6000 platform.	Nottingham_9C_S18_L001_R1_001.fastq.gz	5fd2a46cc1e1f96b5d5601ecb5694987	Nottingham_9C_S18_L001_R2_001.fastq.gz	59b149b4e79ad79455e64dfc73e0fa8c
Nottingham_CnEG_S43	PRJEB105724	Illumina NovaSeq 6000	Nottingham_CnEG_S43	METAGENOMIC	RANDOM	WGS	PAIRED	Nextera DNA Flex Library Prep Kit (Illumina) - standard protocol. DNA extracted using Qiagen protocol with 50µl elution volume and 10 minute incubation.	Shotgun metagenomic sequencing of human gut microbiome from fecal samples collected during turmeric intervention study. Paired-end sequencing on NovaSeq 6000 platform.	Nottingham_CnEG_S43_L001_R1_001.fastq.gz	83376002f4d6621ce15374b82adca51a	Nottingham_CnEG_S43_L001_R2_001.fastq.gz	809391faad93d38e27a65f21a62bc444
Nottingham_NegLP_S44	PRJEB105724	Illumina NovaSeq 6000	Nottingham_NegLP_S44	METAGENOMIC	RANDOM	WGS	PAIRED	Nextera DNA Flex Library Prep Kit (Illumina) - standard protocol. DNA extracted using Qiagen protocol with 50µl elution volume and 10 minute incubation.	Shotgun metagenomic sequencing of human gut microbiome from fecal samples collected during turmeric intervention study. Paired-end sequencing on NovaSeq 6000 platform.	Nottingham_NegLP_S44_L001_R1_001.fastq.gz	285038d5823898ffa27335144dca8dc9	Nottingham_NegLP_S44_L001_R2_001.fastq.gz	1e347ea3780f218ac25ea74b1109b2fa
