feature,feature_short,level,transform_primary,n_pairs,n_treatment,n_control,mean_change_treatment,sd_change_treatment,mean_change_control,sd_change_control,mean_difference,median_difference,cohens_d,prob_superiority,ci_lower,ci_upper,ci_width,ci_excludes_zero,d_raw,d_log1p,loo_n_folds,loo_sign_agreement,loo_sign_flip_frac,loo_median_d,loo_range_d,loo_iqr_d,loo_median_mean_diff,abs_d,transform_sign_agreement_raw_log1p,ci_width_rank,abs_d_rank,loo_rank,rank_consensus,effect_class,precision_class,interpretation,d_clr,mean_diff_clr,sign_agreement_primary_vs_clr
k__Bacteria|p__Bacteroidetes|c__Bacteroidia|o__Bacteroidales|f__Tannerellaceae|g__Parabacteroides|s__Parabacteroides_distasonis|t__SGB1934,SGB1934,Strain,raw,11,8,3,-0.153095534990956,0.262920447891592,0.177261117762387,0.206567472347297,-0.330356652753343,-0.271117993666804,-1.39727674550713,0.208333333333333,-0.585003946677053,-0.0811905266153438,0.503813420061709,TRUE,-1.39727674550713,-1.40827531629018,13,1,0,-1.39727674550713,0.40779181338344,0.129646242413103,-0.330356652753343,1.39727674550713,TRUE,12,5,1,18,Large,Narrower CI,"Large effect, Narrower CI",-0.862192015230021,-2.09510387603439,TRUE
k__Bacteria|p__Bacteroidetes|c__Bacteroidia|o__Bacteroidales|f__Rikenellaceae|g__Alistipes|s__Alistipes_communis|t__SGB2290,SGB2290,Strain,raw,11,8,3,-0.0552935795843724,0.111445842787825,0.118889221275271,0.208981656049149,-0.174182800859643,-0.0058607843774228,-1.04007334250972,0.25,-0.401645548741238,-0.00821542994651372,0.393430118794725,TRUE,-1.04007334250972,-1.03258040844727,13,1,0,-1.04007334250972,0.209650939648228,0.0330297745559203,-0.174182800859643,1.04007334250972,TRUE,8,9,1,18,Large,Narrower CI,"Large effect, Narrower CI",-0.675164977553563,-2.51350274474056,TRUE
k__Bacteria|p__Bacteroidetes|c__Bacteroidia|o__Bacteroidales|f__Rikenellaceae|g__Alistipes|s__Alistipes_ihumii|t__SGB2328,SGB2328,Strain,raw,11,8,3,-0.133536623877406,0.234174100136453,0.0082282247957172,0.0142517034022802,-0.141764848673123,0,-0.854558694025598,0.291666666666667,-0.306690170126609,-0.00731354452485665,0.299376625601752,TRUE,-0.854558694025598,-0.867470859831915,13,1,0,-0.854558694025598,0.376593688907248,0.0680548555338416,-0.141764848673123,0.854558694025598,TRUE,6,12,1,19,Large,Narrower CI,"Large effect, Narrower CI",-0.903479309418361,-2.63181778946595,TRUE
k__Bacteria|p__Firmicutes|c__Clostridia|o__Eubacteriales|f__Lachnospiraceae|g__Blautia|s__Blautia_glucerasea|t__SGB4804,SGB4804,Strain,raw,11,8,3,0.0849138605408997,0.229682212357564,-0.155888016479239,0.22125946880396,0.240801877020139,0.0585324318099278,1.06780940206721,0.791666666666667,0.0131056933274336,0.498349458690614,0.485243765363181,TRUE,1.06780940206721,1.08411039683077,13,1,0,1.06780940206721,0.180474654231402,0.0149955742398151,0.240801877020139,1.06780940206721,TRUE,11,8,1,20,Large,Narrower CI,"Large effect, Narrower CI",1.0656977052979,3.10141359211318,TRUE
k__Bacteria|p__Firmicutes|c__Clostridia|o__Eubacteriales|f__Lachnospiraceae|g__Blautia|s__Blautia_sp_MSK_20_85|t__SGB4828,SGB4828,Strain,raw,11,8,3,0.217858979302478,0.451692461212907,-0.217747830892821,0.31287058397203,0.435606810195299,0.151165455993776,1.12116097804013,0.75,0.0706417217564379,0.867349965417697,0.796708243661259,TRUE,1.12116097804013,1.28163180350251,13,1,0,1.12116097804013,0.193134282693811,0.0333218024387001,0.435606810195299,1.12116097804013,TRUE,16,7,1,24,Large,Wider CI,"Large effect, Wider CI",1.28849555851177,1.26322004830689,TRUE
k__Bacteria|p__Firmicutes|c__Clostridia|o__Eubacteriales|f__Lachnospiraceae|g__Blautia|s__Blautia_glucerasea|t__SGB4816,SGB4816,Strain,raw,11,8,3,-0.195584383058406,0.330595700957945,-0.0027486057226489,0.00476072476160247,-0.192835777335757,-0.0222496817045014,-0.824822279328279,0.333333333333333,-0.453778099531599,-0.00761861010214187,0.446159489429457,TRUE,-0.824822279328279,-0.839935085320712,13,1,0,-0.824822279328279,0.291491044590273,0.0755732991928634,-0.192835777335757,0.824822279328279,TRUE,10,13,1,24,Large,Narrower CI,"Large effect, Narrower CI",-0.410753544427499,-1.05936601349171,TRUE
k__Bacteria|p__Bacteroidetes|c__Bacteroidia|o__Bacteroidales|f__Bacteroidaceae|g__Bacteroides|s__Bacteroides_xylanisolvens|t__SGB1867,SGB1867,Strain,raw,11,8,3,-0.00631832961045949,0.0296493473073534,-0.0394324952526667,0.0682990852468372,0.0331141656422072,-0.0026327777696103,0.628960142038864,0.541666666666667,-0.0189016512213038,0.109715967401205,0.128617618622509,FALSE,0.628960142038864,0.619526362465537,13,1,0,0.628960142038864,0.260240811877147,0.0246679641895318,0.0331141656422072,0.628960142038864,TRUE,4,19,1,24,Moderate,Narrower CI,"Moderate effect, Narrower CI",0.404390610810987,1.02287032875581,TRUE
k__Bacteria|p__Bacteroidetes|c__Bacteroidia|o__Bacteroidales|f__Rikenellaceae|g__Alistipes|s__Alistipes_onderdonkii|t__SGB2303,SGB2303,Strain,raw,11,8,3,-0.265978972689771,0.546097268282382,1.03286370177796,1.17425078970526,-1.29884267446773,-0.788533206539332,-1.41838370172732,0.145833333333333,-2.51747378356334,-0.265443054126844,2.25203072943649,TRUE,-1.41838370172732,-1.51818710510343,13,1,0,-1.41838370172732,0.217718893110374,0.0259768955621729,-1.29884267446773,1.41838370172732,TRUE,20,4,1,25,Large,Wider CI,"Large effect, Wider CI",-1.45441653341803,-5.70422244043656,TRUE
k__Bacteria|p__Firmicutes|c__Clostridia|o__Eubacteriales|f__Lachnospiraceae|g__Blautia|s__Blautia_luti|t__SGB4832,SGB4832,Strain,raw,11,8,3,0.0135159709097154,0.0419488252359545,0,0,0.0135159709097154,0,0.455661612968762,0.5,-0.00334445387644346,0.0438923666055896,0.0472368204820331,FALSE,0.455661612968762,0.444530059451599,13,0.923076923076923,0.0769230769230769,0.486264999943836,1.0690449676497,0.0306033869750746,0.0154468238968176,0.455661612968762,TRUE,2,21,2,25,Small,Narrower CI,"Small effect, Narrower CI",0.639041039266091,0.465640726585985,TRUE
k__Bacteria|p__Actinobacteria|c__Actinomycetia|o__Bifidobacteriales|f__Bifidobacteriaceae|g__Bifidobacterium|s__Bifidobacterium_catenulatum|t__SGB17241,SGB17241,Strain,raw,11,8,3,0,0,3.06875191162072,1.93792027684092,-3.06875191162072,-3.5187514857313,-2.23944742455917,0,-4.74208304589248,-0.945421203238383,3.7966618426541,TRUE,-2.23944742455917,-8.96077284118224,13,1,0,-2.23944742455917,0,0,-3.06875191162072,2.23944742455917,TRUE,23,2,1,26,Large,Wider CI,"Large effect, Wider CI",-1.05959928604969,-2.65126351140892,TRUE
k__Bacteria|p__Firmicutes|c__Clostridia|o__Eubacteriales|f__Lachnospiraceae|g__Blautia|s__Blautia_wexlerae|t__SGB4837,SGB4837,Strain,raw,11,8,3,2.21848249884333,2.86064305490002,-3.00027871379068,0.943022414193742,5.21876121263401,4.27032663636999,2.45028872048869,1,3.36457961699691,7.41356146000425,4.04898184300733,TRUE,2.45028872048869,2.50564910380288,13,1,0,2.45028872048869,0.734501555308642,0.113900719705621,5.21876121263401,2.45028872048869,TRUE,25,1,1,27,Large,Wider CI,"Large effect, Wider CI",1.86586456624239,2.22130445580262,TRUE
k__Bacteria|p__Bacteroidetes|c__Bacteroidia|o__Bacteroidales|f__Rikenellaceae|g__Alistipes|s__Alistipes_putredinis|t__SGB2318,SGB2318,Strain,raw,11,8,3,-1.99778758966102,2.86121777260195,1.03799993678251,0.68454440579518,-3.03578752644353,-3.02207895624154,-1.4593135476886,0.125,-5.01281859429602,-1.07508920789169,3.93772938640433,TRUE,-1.4593135476886,-1.65512404099599,13,1,0,-1.4593135476886,0.452950537682445,0.11532850248274,-3.03578752644353,1.4593135476886,TRUE,24,3,1,28,Large,Wider CI,"Large effect, Wider CI",-1.27014169079242,-3.64912181439897,TRUE
k__Bacteria|p__Firmicutes|c__Clostridia|o__Eubacteriales|f__Lachnospiraceae|g__Blautia|s__Blautia_obeum|t__SGB4811,SGB4811,Strain,raw,11,8,3,0.604017614741148,0.777329716096451,-0.812866630834935,1.37738864788001,1.41688424557608,0.460607858111943,1.26693472412988,0.875,0.277424444076714,2.90266166384875,2.62523721977203,TRUE,1.26693472412988,1.38692095704345,13,1,0,1.26693472412988,0.184664564807052,0.0913541987835655,1.41688424557608,1.26693472412988,TRUE,21,6,1,28,Large,Wider CI,"Large effect, Wider CI",1.44804560742744,3.78384898840366,TRUE
k__Bacteria|p__Firmicutes|c__Clostridia|o__Eubacteriales|f__Lachnospiraceae|g__Blautia|s__Blautia_sp_Marseille_P3087|t__SGB4813,SGB4813,Strain,raw,11,8,3,0.029969175505597,0.1094743918158,0,0,0.029969175505597,0,0.387148206536442,0.625,-0.033547616314376,0.106240195548721,0.139787811863097,FALSE,0.387148206536442,0.380194536596103,13,0.923076923076923,0.0769230769230769,0.387148206536442,0.83615516351808,0.0250148638235792,0.029969175505597,0.387148206536442,TRUE,5,22,2,29,Small,Narrower CI,"Small effect, Narrower CI",0.456906686731926,1.2484478482186,TRUE
k__Bacteria|p__Bacteroidetes|c__Bacteroidia|o__Bacteroidales|f__Rikenellaceae|g__Alistipes|s__Alistipes_shahii|t__SGB2295,SGB2295,Strain,raw,11,8,3,-0.378039352371224,0.770020199083254,0.162767010497665,0.37499052760485,-0.540806362868889,-0.513698466273748,-0.892981013358202,0.25,-1.17203386123475,0.0368448447674177,1.20887870600217,FALSE,-0.892981013358202,-0.976147653560852,13,1,0,-0.892981013358202,0.273705260374619,0.00754783828159644,-0.540806362868889,0.892981013358202,TRUE,18,11,1,30,Large,Wider CI,"Large effect, Wider CI",-1.39974088564141,-5.64687046153853,TRUE
k__Bacteria|p__Bacteroidetes|c__Bacteroidia|o__Bacteroidales|f__Bacteroidaceae|g__Bacteroides|s__Bacteroides_ovatus|t__SGB1871,SGB1871,Strain,raw,11,8,3,-0.000679764721212925,0.0194518546090747,-0.00135128118011432,0.00270253808156371,0.000671516458901397,0,0.0483569636752317,0.4375,-0.0121468139321243,0.0141900636750018,0.0263368776071261,FALSE,0.0483569636752317,0.0411349348267718,13,0.923076923076923,0.0769230769230769,0.0483569636752317,1.01510241695534,0.0100056982565785,0.000671516458901397,0.0483569636752317,TRUE,1,28,2,31,Small,Narrower CI,"Small effect, Narrower CI",0.088005689671291,0.147372275789219,TRUE
k__Bacteria|p__Firmicutes|c__Clostridia|o__Eubacteriales|f__Lachnospiraceae|g__Blautia|s__Blautia_SGB4815|t__SGB4815,SGB4815,Strain,raw,11,8,3,0.199627802581361,0.565576258432057,-0.0577503237918348,0.079197578793414,0.257378126373196,0.025217574445041,0.637351139527941,0.75,-0.00495585680761147,0.675389583865897,0.680345440673509,FALSE,0.637351139527941,0.702390236702283,13,1,0,0.637351139527941,0.110389252233602,0.0347875687031819,0.268121613168271,0.637351139527941,TRUE,14,17,1,32,Moderate,Narrower CI,"Moderate effect, Narrower CI",0.71583953011281,1.76377728476177,TRUE
k__Bacteria|p__Bacteroidetes|c__Bacteroidia|o__Bacteroidales|f__Bacteroidaceae|g__Bacteroides|s__Bacteroides_uniformis|t__SGB1836,SGB1836,Strain,raw,11,8,3,-0.562556254155418,2.00487138756606,0.953822750057217,1.30542465271772,-1.51637900421264,-1.52589867578193,-0.896368319784655,0.25,-3.22813887356425,0.233349065534701,3.46148793909895,FALSE,-0.896368319784655,-1.02866062930303,13,1,0,-0.896368319784655,0.892292283860658,0.0593328094222575,-1.51637900421264,0.896368319784655,TRUE,22,10,1,33,Large,Wider CI,"Large effect, Wider CI",-0.846054345586208,-1.47663784791151,TRUE
k__Bacteria|p__Bacteroidetes|c__Bacteroidia|o__Bacteroidales|f__Bacteroidaceae|g__Bacteroides|s__Bacteroides_cellulosilyticus|t__SGB1844,SGB1844,Strain,raw,11,8,3,-0.246963468825973,0.69335365098061,0.109064668665344,0.125909715555769,-0.356028137491317,-0.0803387901417229,-0.714495049110647,0.125,-0.876448665640559,-0.0263141924943188,0.85013447314624,TRUE,-0.714495049110647,-0.831757493878074,13,1,0,-0.729109857958353,0.506269663981481,0.02166522288853,-0.385716424424583,0.714495049110647,TRUE,17,15,1,33,Moderate,Wider CI,"Moderate effect, Wider CI",-0.847780953008206,-1.76471119591041,TRUE
k__Bacteria|p__Bacteroidetes|c__Bacteroidia|o__Bacteroidales|f__Bacteroidaceae|g__Bacteroides|s__Bacteroides_faecis|t__SGB1860,SGB1860,Strain,raw,11,8,3,0.0455962488383488,0.246932833494912,0.107400487863143,0.146078382443806,-0.0618042390247939,-0.0484608400046911,-0.30464532205902,0.291666666666667,-0.269971832274034,0.145719738038649,0.415691570312683,FALSE,-0.30464532205902,-0.438463306418343,13,1,0,-0.30464532205902,0.897526031973744,0.0469659897148956,-0.0618042390247939,0.30464532205902,TRUE,9,23,1,33,Small,Narrower CI,"Small effect, Narrower CI",-1.19523207769707,-3.28581851776736,TRUE
k__Bacteria|p__Firmicutes|c__Clostridia|o__Eubacteriales|f__Lachnospiraceae|g__Blautia|s__Blautia_obeum|t__SGB4809,SGB4809,Strain,raw,11,8,3,-0.0223206541301271,0.0431020533218367,-0.024897825873717,0.0431242994112808,0.00257717174358992,-0.0027610866125916,0.0597768913129281,0.458333333333333,-0.0418925049517764,0.0484795086532282,0.0903720136050046,FALSE,0.0597768913129281,0.144308815725487,13,0.692307692307692,0.307692307692308,0.0597768913129281,0.549490424443738,0.0735676243298891,0.00257717174358992,0.0597768913129281,TRUE,3,27,4,34,Small,Narrower CI,"Small effect, Narrower CI",0.629445848394619,1.28119483417399,TRUE
k__Bacteria|p__Firmicutes|c__Clostridia|o__Eubacteriales|f__Lachnospiraceae|g__Blautia|s__Blautia_faecis|t__SGB4820,SGB4820,Strain,raw,11,8,3,0.0275113008855557,0.238111069458825,0.033906388721662,0.112479304760951,-0.00639508783610631,0.0142037195264755,-0.0343433813921389,0.479166666666667,-0.201232555026004,0.188356562597354,0.389589117623359,FALSE,-0.0343433813921389,-0.0297569003633428,13,0.769230769230769,0.230769230769231,-0.0343433813921389,0.679726782337036,0.0219138479216089,-0.00639508783610631,0.0343433813921389,TRUE,7,29,3,39,Small,Narrower CI,"Small effect, Narrower CI",0.767330353731629,2.3067977318372,FALSE
k__Bacteria|p__Bacteroidetes|c__Bacteroidia|o__Bacteroidales|f__Bacteroidaceae|g__Bacteroides|s__Bacteroides_caccae|t__SGB1877,SGB1877,Strain,raw,11,8,3,-0.0360086032269439,0.103098848333359,-0.053632360430025,0.333059074217002,0.0176237572030811,0,0.0714862025042776,0.479166666666667,-0.268607310765979,0.365917120059416,0.634524430825395,FALSE,0.0714862025042776,0.0666122293416653,13,1,0,0.0714862025042776,0.203193969056187,0.021180140451107,0.0176237572030811,0.0714862025042776,TRUE,13,26,1,40,Small,Narrower CI,"Small effect, Narrower CI",0.239916974618276,0.660834529831196,TRUE
k__Bacteria|p__Firmicutes|c__Clostridia|o__Eubacteriales|f__Lachnospiraceae|g__Blautia|s__Blautia_massiliensis|t__SGB4826,SGB4826,Strain,raw,11,8,3,0.790740121677796,2.82831091358593,-0.971214755912897,1.37544494847416,1.76195487759069,0.55550055114481,0.792292375394007,0.708333333333333,-0.278593138772239,4.15166942165677,4.43026256042901,FALSE,0.792292375394007,0.762788366110415,13,1,0,0.792292375394007,0.506121073950641,0.0356047983159398,1.76195487759069,0.792292375394007,TRUE,26,14,1,41,Moderate,Wider CI,"Moderate effect, Wider CI",0.317168180864761,0.583709275147121,TRUE
k__Bacteria|p__Firmicutes|c__Clostridia|o__Eubacteriales|f__Lachnospiraceae|g__Blautia|s__Blautia_obeum|t__SGB4810,SGB4810,Strain,raw,11,8,3,0.469300657245412,1.36019269157289,0,0,0.469300657245412,0,0.487939215097233,0.5625,-0.0465634636222788,1.44578315672126,1.49234662034354,FALSE,0.487939215097233,0.478867931908187,13,0.923076923076923,0.0769230769230769,0.510340156104891,0.786308652881779,0.0334309659700495,0.526421004123609,0.487939215097233,TRUE,19,20,2,41,Small,Wider CI,"Small effect, Wider CI",0.617790425813412,1.57247549587311,TRUE
k__Bacteria|p__Bacteroidetes|c__Bacteroidia|o__Bacteroidales|f__Tannerellaceae|g__Parabacteroides|s__Parabacteroides_merdae|t__SGB1949,SGB1949,Strain,raw,11,8,3,-0.106455993805928,0.247863942891053,-0.0641564337736148,0.387191283547351,-0.0422995600323133,-0.0838694383281813,-0.130120582363562,0.291666666666667,-0.399412818124945,0.386725926463193,0.786138744588137,FALSE,-0.130120582363562,-0.188091075672289,13,0.923076923076923,0.0769230769230769,-0.130120582363562,0.35438270316417,0.0434945492323151,-0.0422995600323133,0.130120582363562,TRUE,15,25,2,42,Small,Narrower CI,"Small effect, Narrower CI",-0.201762545102366,-0.402811392350304,TRUE
k__Bacteria|p__Bacteroidetes|c__Bacteroidia|o__Bacteroidales|f__Bacteroidaceae|g__Bacteroides|s__Bacteroides_stercoris|t__SGB1830,SGB1830,Strain,raw,11,8,3,-0.0177850468337124,1.49035276326868,1.53339456891977,2.91927865144482,-1.55117961575348,0,-0.669279376688295,0.375,-4.63350682437463,0.866097871095144,5.49960469546977,FALSE,-0.669279376688295,-0.396046604883294,13,1,0,-0.659117724924436,0.378274636052143,0.0101616517638595,-1.55117961575348,0.669279376688295,TRUE,27,16,1,44,Moderate,Wider CI,"Moderate effect, Wider CI",-0.139972609864047,-0.334775948359624,TRUE
k__Bacteria|p__Actinobacteria|c__Actinomycetia|o__Bifidobacteriales|f__Bifidobacteriaceae|g__Bifidobacterium|s__Bifidobacterium_animalis|t__SGB17278,SGB17278,Strain,raw,11,8,3,-2.57904820829524,7.01377082144755,0.575726074721947,0.997186812660608,-3.15477428301719,-0.0117131810956526,-0.6297759947931,0.166666666666667,-8.67585039489901,-0.0474484742779445,8.62840192062107,TRUE,-0.6297759947931,-0.930008044729984,13,1,0,-0.649378248947684,0.315730227349488,0.029492430647053,-3.47085898547623,0.6297759947931,TRUE,29,18,1,48,Moderate,Wider CI,"Moderate effect, Wider CI",-1.31281204779871,-5.55848162686379,TRUE
k__Bacteria|p__Actinobacteria|c__Actinomycetia|o__Bifidobacteriales|f__Bifidobacteriaceae|g__Bifidobacterium|s__Bifidobacterium_longum|t__SGB17248,SGB17248,Strain,raw,11,8,3,-0.369353759271155,4.19439067472727,0.489581732511873,3.53303854368615,-0.858935491783029,-0.186513253201334,-0.221498478047228,0.458333333333333,-5.01469387512895,3.19662765012515,8.21132152525411,FALSE,-0.221498478047228,-0.0700208670708671,13,0.923076923076923,0.0769230769230769,-0.221498478047228,0.611037852434702,0.00313094008350509,-0.858935491783029,0.221498478047228,TRUE,28,24,2,54,Small,Wider CI,"Small effect, Wider CI",0.561736066642214,1.35745678845164,FALSE
