genus,pathway,genus_short,pathway_short,n_participants,n_treatment,n_control,spearman_rho,rho_ci_low,rho_ci_high,rho_ci_width,p_perm,rho_treatment,rho_control,genus_d,pathway_d,same_effect_direction,abs_rho,q_perm,rank_abs_rho,rank_ci,rank_effect_support,rank_consensus,strong_corr_flag
Blautia,"GOLPDLCAT-PWY: superpathway of glycerol degradation to 1,3-propanediol",Blautia,"superpathway of glycerol degradation to 1,3-propanediol",11,8,3,0.918181818181818,0.648148148148148,1,0.351851851851852,0.000499750124937531,0.80952380952381,,1.91808993644275,2.34596607686014,TRUE,0.918181818181818,0.0249875062468766,1,1,1,3,TRUE
Alistipes,PWY-6608: guanosine nucleotides degradation III,Alistipes,guanosine nucleotides degradation III,11,8,3,-0.827272727272727,-0.96969696969697,-0.410096060232362,0.559600909464608,0.00399800099950025,-0.571428571428572,,-1.75806285616303,2.27771737095598,FALSE,0.827272727272727,0.079960019990005,4,5,2,11,TRUE
Alistipes,PWY-5130: 2-oxobutanoate degradation I,Alistipes,2-oxobutanoate degradation I,11,8,3,0.890909090909091,0.557587209302326,1,0.442412790697674,0.000999500249875062,0.928571428571429,,-1.75806285616303,-1.20093601770788,TRUE,0.890909090909091,0.0333166749958354,3,2,10,15,TRUE
Alistipes,PWY-6969: TCA cycle V (2-oxoglutarate synthase),Alistipes,TCA cycle V (2-oxoglutarate synthase),11,8,3,0.818181818181818,0.298076923076923,0.990384615384616,0.692307692307693,0.00299850074962519,0.833333333333334,,-1.75806285616303,-1.5804242796288,TRUE,0.818181818181818,0.0749625187406297,5,11,4,20,TRUE
Blautia,PWY-7209: superpathway of pyrimidine ribonucleosides degradation,Blautia,superpathway of pyrimidine ribonucleosides degradation,11,8,3,0.763636363636364,0.285542582417583,0.971567334346776,0.686024751929194,0.00999500249875063,0.452380952380953,,1.91808993644275,2.12599920721871,TRUE,0.763636363636364,0.0922615615269288,10,10,1,21,FALSE
Alistipes,"GOLPDLCAT-PWY: superpathway of glycerol degradation to 1,3-propanediol",Alistipes,"superpathway of glycerol degradation to 1,3-propanediol",11,8,3,-0.736363636363636,-0.915907320872274,-0.242812114265563,0.673095206606712,0.0119940029985007,-0.380952380952381,,-1.75806285616303,2.34596607686014,FALSE,0.736363636363636,0.0922615615269288,12,9,2,23,FALSE
Bacteroides,PWY-6572: chondroitin sulfate degradation I (bacterial),Bacteroides,chondroitin sulfate degradation I (bacterial),11,8,3,0.911874526190502,0.544985552366626,1,0.455014447633374,0.000499750124937531,0.875172349269926,,-0.834794351766513,-0.924855125149428,TRUE,0.911874526190502,0.0249875062468766,2,3,20,25,TRUE
Alistipes,"PWY-7371: 1,4-dihydroxy-6-naphthoate biosynthesis II",Alistipes,"1,4-dihydroxy-6-naphthoate biosynthesis II",11,8,3,0.781839323181386,0.389991820148398,0.921087254603005,0.531095434454607,0.0079960019990005,0.756322556535113,,-1.75806285616303,-1.00014204871659,TRUE,0.781839323181386,0.0888444666555611,8,4,15,27,FALSE
Blautia,PWY-6608: guanosine nucleotides degradation III,Blautia,guanosine nucleotides degradation III,11,8,3,0.718181818181818,0.11510496671787,0.933030227442799,0.817925260724929,0.0174912543728136,0.333333333333333,,1.91808993644275,2.27771737095598,TRUE,0.718181818181818,0.124937531234383,13,18,1,32,FALSE
Bifidobacterium,GLUCARDEG-PWY: D-glucarate degradation I,Bifidobacterium,D-glucarate degradation I,11,8,3,-0.798198729716611,-0.962625475943233,-0.396193153669213,0.56643232227402,0.00749625187406297,-0.838338383339281,,-0.82712654115756,0.91200699311405,FALSE,0.798198729716611,0.0888444666555611,6,6,21,33,FALSE
Bacteroides,PWY-6969: TCA cycle V (2-oxoglutarate synthase),Bacteroides,TCA cycle V (2-oxoglutarate synthase),11,8,3,0.790909090909091,0.324074074074074,0.989951005025125,0.665876930951051,0.00699650174912544,0.880952380952381,,-0.834794351766513,-1.5804242796288,TRUE,0.790909090909091,0.0888444666555611,7,8,20,35,FALSE
Blautia,PWY-5130: 2-oxobutanoate degradation I,Blautia,2-oxobutanoate degradation I,11,8,3,-0.772727272727273,-0.990654205607477,-0.186915887850467,0.803738317757009,0.0079960019990005,-0.714285714285714,,1.91808993644275,-1.20093601770788,FALSE,0.772727272727273,0.0888444666555611,9,17,10,36,FALSE
Blautia,PPGPPMET-PWY: ppGpp metabolism,Blautia,ppGpp metabolism,11,8,3,0.7,0.105769230769231,0.962621169311019,0.856851938541789,0.0219890054972514,0.333333333333333,,1.91808993644275,1.66494823120333,TRUE,0.7,0.137431284357821,14,21,3,38,FALSE
Alistipes,PWY66-389: phytol degradation,Alistipes,phytol degradation,11,8,3,0.69891105190622,0.0897141201780869,0.922619735533923,0.832905615355836,0.0189905047476262,0.463713016751484,,-1.75806285616303,-1.3382605172337,TRUE,0.69891105190622,0.126603364984175,15,19,6,40,FALSE
Alistipes,PWY-7209: superpathway of pyrimidine ribonucleosides degradation,Alistipes,superpathway of pyrimidine ribonucleosides degradation,11,8,3,-0.672727272727273,-0.942307692307693,-0.0373831775700935,0.904924514737599,0.0259870064967516,-0.166666666666667,,-1.75806285616303,2.12599920721871,FALSE,0.672727272727273,0.142785749982152,16,27,2,45,FALSE
Alistipes,PWY-7883: anhydromuropeptides recycling II,Alistipes,anhydromuropeptides recycling II,11,8,3,0.669705609939962,0.218961018117071,0.942308971234503,0.723347953117432,0.0289855072463768,0.595238095238095,,-1.75806285616303,-0.948774695723309,TRUE,0.669705609939962,0.142785749982152,17,12,16,45,FALSE
Bacteroides,"PWY-7371: 1,4-dihydroxy-6-naphthoate biosynthesis II",Bacteroides,"1,4-dihydroxy-6-naphthoate biosynthesis II",11,8,3,0.667423812471915,0.180410273899984,0.841603278133486,0.661193004233501,0.0294852573713143,0.707527552887687,,-0.834794351766513,-1.00014204871659,TRUE,0.667423812471915,0.142785749982152,18,7,20,45,FALSE
Bacteroides,PWY-6608: guanosine nucleotides degradation III,Bacteroides,guanosine nucleotides degradation III,11,8,3,-0.736363636363636,-0.953488372093023,-0.211393540669857,0.742094831423166,0.0104947526236882,-0.80952380952381,,-0.834794351766513,2.27771737095598,FALSE,0.736363636363636,0.0922615615269288,12,14,20,46,FALSE
Parabacteroides,PWY-6572: chondroitin sulfate degradation I (bacterial),Parabacteroides,chondroitin sulfate degradation I (bacterial),11,8,3,0.744387368318777,0.204236947893351,0.963705812506162,0.759468864612811,0.0119940029985007,0.596131890082413,,-0.745680069691599,-0.924855125149428,TRUE,0.744387368318777,0.0922615615269288,11,15,22,48,FALSE
Alistipes,REDCITCYC: TCA cycle VI (Helicobacter),Alistipes,TCA cycle VI (Helicobacter),11,8,3,0.65133894727893,0.0952980327533393,0.952783405106582,0.857485372353242,0.0299850074962519,0.487950036474267,,-1.75806285616303,-1.08117916514229,TRUE,0.65133894727893,0.142785749982152,20,22,12,54,FALSE
Bifidobacterium,PWY-7209: superpathway of pyrimidine ribonucleosides degradation,Bifidobacterium,superpathway of pyrimidine ribonucleosides degradation,11,8,3,-0.618181818181818,-0.888009974838245,-0.15373831775701,0.734271657081235,0.0509745127436282,-0.404761904761905,,-0.82712654115756,2.12599920721871,FALSE,0.618181818181818,0.196055818244724,22,13,21,56,FALSE
Blautia,PWY-7883: anhydromuropeptides recycling II,Blautia,anhydromuropeptides recycling II,11,8,3,-0.633259046133705,-0.91705069124424,-0.0799972484895373,0.837053442754702,0.0434782608695652,-0.428571428571429,,1.91808993644275,-0.948774695723309,FALSE,0.633259046133705,0.181159420289855,21,20,16,57,FALSE
Alistipes,PWY-6572: chondroitin sulfate degradation I (bacterial),Alistipes,chondroitin sulfate degradation I (bacterial),11,8,3,0.65133894727893,0.074812330021364,0.942321428571429,0.867509098550065,0.0299850074962519,0.761019434147762,,-1.75806285616303,-0.924855125149428,TRUE,0.65133894727893,0.142785749982152,20,23,17,60,FALSE
Bifidobacterium,PPGPPMET-PWY: ppGpp metabolism,Bifidobacterium,ppGpp metabolism,11,8,3,-0.590909090909091,-0.857836671733882,-0.0759212283044073,0.781915443429474,0.0559720139930035,-0.428571428571429,,-0.82712654115756,1.66494823120333,FALSE,0.590909090909091,0.199900049975013,23,16,21,60,FALSE
Bacteroides,PWY-5130: 2-oxobutanoate degradation I,Bacteroides,2-oxobutanoate degradation I,11,8,3,0.654545454545455,0.0384345794392524,0.91588785046729,0.877453271028037,0.0369815092453773,0.690476190476191,,-0.834794351766513,-1.20093601770788,TRUE,0.654545454545455,0.16809776929717,19,25,20,64,FALSE
Bacteroides,HEME-BIOSYNTHESIS-II: heme b biosynthesis I (aerobic),Bacteroides,heme b biosynthesis I (aerobic),11,8,3,0.618181818181818,0.0231417083242775,0.915492957746479,0.892351249422201,0.0459770114942529,0.404761904761905,,-0.834794351766513,-1.02730292334941,TRUE,0.618181818181818,0.183908045977012,22,26,20,68,FALSE
Blautia,PWY-6969: TCA cycle V (2-oxoglutarate synthase),Blautia,TCA cycle V (2-oxoglutarate synthase),11,8,3,-0.654545454545455,-0.990384615384616,0.0537189423296099,1.04410355771423,0.0389805097451274,-0.523809523809524,,1.91808993644275,-1.5804242796288,FALSE,0.654545454545455,0.169480477152728,19,46,4,69,FALSE
Alistipes,PWY-7254: TCA cycle VII (acetate-producers),Alistipes,TCA cycle VII (acetate-producers),11,8,3,0.543473675869988,-0.0711964164088298,0.886049734705748,0.957246151114578,0.0949525237381309,0.152203886829552,,-1.75806285616303,-1.10869447134981,TRUE,0.543473675869988,0.284143642464482,26,32,11,69,FALSE
Parabacteroides,"PWY-7371: 1,4-dihydroxy-6-naphthoate biosynthesis II",Parabacteroides,"1,4-dihydroxy-6-naphthoate biosynthesis II",11,8,3,0.543473675869988,-0.00955772054470864,0.859386818152362,0.868944538697071,0.0789605197401299,0.536745040121693,,-0.745680069691599,-1.00014204871659,TRUE,0.543473675869988,0.246751624187906,26,24,22,72,FALSE
Alistipes,PPGPPMET-PWY: ppGpp metabolism,Alistipes,ppGpp metabolism,11,8,3,-0.527272727272727,-0.962616822429906,0.070585048754062,1.03320187118397,0.0994502748625687,-0.119047619047619,,-1.75806285616303,1.66494823120333,FALSE,0.527272727272727,0.284143642464482,27,42,3,72,FALSE
Bacteroides,PWY-7883: anhydromuropeptides recycling II,Bacteroides,anhydromuropeptides recycling II,11,8,3,0.519363534239154,-0.0472078569011318,0.857828172744802,0.905036029645934,0.0979510244877561,0.357142857142857,,-0.834794351766513,-0.948774695723309,TRUE,0.519363534239154,0.284143642464482,28,28,20,76,FALSE
Parabacteroides,PWY-6969: TCA cycle V (2-oxoglutarate synthase),Parabacteroides,TCA cycle V (2-oxoglutarate synthase),11,8,3,0.590909090909091,-0.0279206539074958,0.943668553376333,0.971589207283829,0.0659670164917541,0.619047619047619,,-0.745680069691599,-1.5804242796288,TRUE,0.590909090909091,0.227472470661221,23,33,22,78,FALSE
Blautia,SULFATE-CYS-PWY: superpathway of sulfate assimilation and cysteine biosynthesis,Blautia,superpathway of sulfate assimilation and cysteine biosynthesis,11,8,3,-0.409090909090909,-0.71570656164475,0.222894380501015,0.938600942145765,0.218890554722639,0.238095238095238,,1.91808993644275,-1.26746222481692,FALSE,0.409090909090909,0.39889146335923,42,29,8,79,FALSE
Blautia,SO4ASSIM-PWY: assimilatory sulfate reduction I,Blautia,assimilatory sulfate reduction I,11,8,3,-0.409090909090909,-0.711540697674419,0.231680359937401,0.94322105761182,0.198900549725137,0.238095238095238,,1.91808993644275,-1.23383149401492,FALSE,0.409090909090909,0.39889146335923,42,30,9,81,FALSE
Blautia,PWY-5345: superpathway of L-methionine biosynthesis (by sulfhydrylation),Blautia,superpathway of L-methionine biosynthesis (by sulfhydrylation),11,8,3,-0.409090909090909,-0.712996031746032,0.265748111859563,0.978744143605595,0.210894552723638,0.238095238095238,,1.91808993644275,-1.29704476762662,FALSE,0.409090909090909,0.39889146335923,42,34,7,83,FALSE
Parabacteroides,PWY-7883: anhydromuropeptides recycling II,Parabacteroides,anhydromuropeptides recycling II,11,8,3,0.574033379948539,-0.065713574857805,0.925954312522599,0.991667887380404,0.0759620189905048,0.30952380952381,,-0.745680069691599,-0.948774695723309,TRUE,0.574033379948539,0.245038770937112,25,37,22,84,FALSE
Blautia,"PWY-7371: 1,4-dihydroxy-6-naphthoate biosynthesis II",Blautia,"1,4-dihydroxy-6-naphthoate biosynthesis II",11,8,3,-0.476731294622796,-0.837909181142859,0.157399267249215,0.995308448392074,0.150924537731134,-0.317167523708273,,1.91808993644275,-1.00014204871659,FALSE,0.476731294622796,0.367673306204041,32,38,15,85,FALSE
Blautia,REDCITCYC: TCA cycle VI (Helicobacter),Blautia,TCA cycle VI (Helicobacter),11,8,3,-0.437327578887281,-0.856651736630818,0.171493352290938,1.02814508892176,0.175412293853073,-0.07319250547114,,1.91808993644275,-1.08117916514229,FALSE,0.437327578887281,0.39889146335923,37,40,12,89,FALSE
Parabacteroides,PWY-5130: 2-oxobutanoate degradation I,Parabacteroides,2-oxobutanoate degradation I,11,8,3,0.581818181818182,-0.07043922301582,0.971965876983264,1.04240509999908,0.0704647676161919,0.571428571428572,,-0.745680069691599,-1.20093601770788,TRUE,0.581818181818182,0.23488255872064,24,44,22,90,FALSE
Bifidobacterium,"GOLPDLCAT-PWY: superpathway of glycerol degradation to 1,3-propanediol",Bifidobacterium,"superpathway of glycerol degradation to 1,3-propanediol",11,8,3,-0.490909090909091,-0.860497267173937,0.170731707317073,1.03122897449101,0.132933533233383,-0.0238095238095238,,-0.82712654115756,2.34596607686014,FALSE,0.490909090909091,0.349825087456272,31,41,21,93,FALSE
Blautia,GLUCARDEG-PWY: D-glucarate degradation I,Blautia,D-glucarate degradation I,11,8,3,0.412861411922385,-0.194428683341406,0.788865998492234,0.983294681833639,0.214392803598201,0.155691414048724,,1.91808993644275,0.91200699311405,TRUE,0.412861411922385,0.39889146335923,41,35,18,94,FALSE
Bifidobacterium,PWY-6608: guanosine nucleotides degradation III,Bifidobacterium,guanosine nucleotides degradation III,11,8,3,-0.5,-0.869304906542056,0.173735129221933,1.04304003576399,0.111444277861069,-0.0238095238095238,,-0.82712654115756,2.27771737095598,FALSE,0.5,0.301200750975863,30,45,21,96,FALSE
Parabacteroides,REDCITCYC: TCA cycle VI (Helicobacter),Parabacteroides,TCA cycle VI (Helicobacter),11,8,3,0.465242105199235,-0.156325833911991,0.8403828972255,0.99670873113749,0.152923538230885,0.561142541945407,,-0.745680069691599,-1.08117916514229,TRUE,0.465242105199235,0.367673306204041,35,39,22,96,FALSE
Blautia,PWY66-389: phytol degradation,Blautia,phytol degradation,11,8,3,-0.470897517241779,-0.898367747574183,0.212678893483426,1.11104664105761,0.136431784107946,-0.136386181397495,,1.91808993644275,-1.3382605172337,FALSE,0.470897517241779,0.349825087456272,34,57,6,97,FALSE
Parabacteroides,PWY-6608: guanosine nucleotides degradation III,Parabacteroides,guanosine nucleotides degradation III,11,8,3,-0.590909090909091,-0.907943126896706,0.202015186915887,1.10995831381259,0.055472263868066,-0.452380952380953,,-0.745680069691599,2.27771737095598,FALSE,0.590909090909091,0.199900049975013,23,56,22,101,FALSE
Blautia,TCA: TCA cycle I (prokaryotic),Blautia,TCA cycle I (prokaryotic),11,8,3,-0.286038776773678,-0.667347296034632,0.319378934055831,0.986726230090463,0.380309845077461,0.228305830244329,,1.91808993644275,-1.04127097786191,FALSE,0.286038776773678,0.55117368851806,53,36,13,102,FALSE
Bacteroides,REDCITCYC: TCA cycle VI (Helicobacter),Bacteroides,TCA cycle VI (Helicobacter),11,8,3,0.47454694730322,-0.20721400247325,0.845869330371088,1.05308333284434,0.154422788605697,0.634335047416547,,-0.834794351766513,-1.08117916514229,TRUE,0.47454694730322,0.367673306204041,33,50,20,103,FALSE
Parabacteroides,PWY-5345: superpathway of L-methionine biosynthesis (by sulfhydrylation),Parabacteroides,superpathway of L-methionine biosynthesis (by sulfhydrylation),11,8,3,0.418181818181818,-0.246657248424255,0.78954816285998,1.03620541128423,0.2023988005997,0.285714285714286,,-0.745680069691599,-1.29704476762662,TRUE,0.418181818181818,0.39889146335923,40,43,22,105,FALSE
Parabacteroides,SO4ASSIM-PWY: assimilatory sulfate reduction I,Parabacteroides,assimilatory sulfate reduction I,11,8,3,0.418181818181818,-0.230769230769231,0.813996356231915,1.04476558700115,0.191904047976012,0.285714285714286,,-0.745680069691599,-1.23383149401492,TRUE,0.418181818181818,0.39889146335923,40,47,22,109,FALSE
Parabacteroides,SULFATE-CYS-PWY: superpathway of sulfate assimilation and cysteine biosynthesis,Parabacteroides,superpathway of sulfate assimilation and cysteine biosynthesis,11,8,3,0.418181818181818,-0.274442197505898,0.802816901408451,1.07725909891435,0.196901549225387,0.285714285714286,,-0.745680069691599,-1.26746222481692,TRUE,0.418181818181818,0.39889146335923,40,51,22,113,FALSE
Blautia,PWY-7254: TCA cycle VII (acetate-producers),Blautia,TCA cycle VII (acetate-producers),11,8,3,-0.314642654451045,-0.718699858391888,0.362515327481827,1.08121518587371,0.339830084957521,0.202938515772736,,1.91808993644275,-1.10869447134981,FALSE,0.314642654451045,0.507209082026151,51,52,11,114,FALSE
Bacteroides,TCA: TCA cycle I (prokaryotic),Bacteroides,TCA cycle I (prokaryotic),11,8,3,0.190692517849118,-0.320708690846475,0.627958656445589,0.948667347292064,0.584207896051974,0.114152915122164,,-0.834794351766513,-1.04127097786191,TRUE,0.190692517849118,0.71244865372192,63,31,20,114,FALSE
Alistipes,TCA: TCA cycle I (prokaryotic),Alistipes,TCA cycle I (prokaryotic),11,8,3,0.400454287483149,-0.265316291529564,0.867294081502044,1.13261037303161,0.230384807596202,-0.101469257886368,,-1.75806285616303,-1.04127097786191,TRUE,0.400454287483149,0.40572933872047,43,59,13,115,FALSE
Bifidobacterium,PWY66-389: phytol degradation,Bifidobacterium,phytol degradation,11,8,3,0.38167482976439,-0.231313621325276,0.818049723003144,1.04936334432842,0.217891054472764,0.0818317088384972,,-0.82712654115756,-1.3382605172337,TRUE,0.38167482976439,0.39889146335923,48,49,21,118,FALSE
Parabacteroides,"GOLPDLCAT-PWY: superpathway of glycerol degradation to 1,3-propanediol",Parabacteroides,"superpathway of glycerol degradation to 1,3-propanediol",11,8,3,-0.509090909090909,-0.924882629107981,0.271889400921659,1.19677203002964,0.103948025987006,-0.261904761904762,,-0.745680069691599,2.34596607686014,FALSE,0.509090909090909,0.288744516630574,29,68,22,119,FALSE
Bacteroides,METHGLYUT-PWY: superpathway of methylglyoxal degradation,Bacteroides,superpathway of methylglyoxal degradation,11,8,3,0.440385506050544,-0.247693116500564,0.92744019236102,1.17513330886158,0.189405297351324,0.428571428571429,,-0.834794351766513,-0.862887074676158,TRUE,0.440385506050544,0.39889146335923,36,63,20,119,FALSE
Alistipes,PWY0-1298: superpathway of pyrimidine deoxyribonucleosides degradation,Alistipes,superpathway of pyrimidine deoxyribonucleosides degradation,11,8,3,0.390909090909091,-0.348912575366064,0.870967741935484,1.21988031730155,0.253873063468266,-0.166666666666667,,-1.75806285616303,-1.38896352781753,TRUE,0.390909090909091,0.409472683013332,44,71,5,120,FALSE
Bacteroides,PWY66-389: phytol degradation,Bacteroides,phytol degradation,11,8,3,0.386631645735356,-0.261466790201642,0.854078114965616,1.11554490516726,0.239380309845078,0.627376434428478,,-0.834794351766513,-1.3382605172337,TRUE,0.386631645735356,0.40572933872047,46,58,20,124,FALSE
Bacteroides,PWY-7254: TCA cycle VII (acetate-producers),Bacteroides,TCA cycle VII (acetate-producers),11,8,3,0.286038776773678,-0.309126964612935,0.774659316409862,1.0837862810228,0.414292853573213,0.266356801951717,,-0.834794351766513,-1.10869447134981,TRUE,0.286038776773678,0.57231658143531,53,53,20,126,FALSE
Alistipes,SULFATE-CYS-PWY: superpathway of sulfate assimilation and cysteine biosynthesis,Alistipes,superpathway of sulfate assimilation and cysteine biosynthesis,11,8,3,0.363636363636364,-0.384634146341464,0.833433014354066,1.21806716069553,0.274362818590705,-0.380952380952381,,-1.75806285616303,-1.26746222481692,TRUE,0.363636363636364,0.428691904047976,49,70,8,127,FALSE
Parabacteroides,HEME-BIOSYNTHESIS-II: heme b biosynthesis I (aerobic),Parabacteroides,heme b biosynthesis I (aerobic),11,8,3,0.390909090909091,-0.333644859813084,0.833373786407767,1.16701864622085,0.253873063468266,-0.142857142857143,,-0.745680069691599,-1.02730292334941,TRUE,0.390909090909091,0.409472683013332,44,62,22,128,FALSE
Parabacteroides,GLUCARDEG-PWY: D-glucarate degradation I,Parabacteroides,D-glucarate degradation I,11,8,3,0.302765035409749,-0.336617822966507,0.747727597003838,1.08434541997035,0.36631684157921,0.550908080480099,,-0.745680069691599,0.91200699311405,FALSE,0.302765035409749,0.538701237616486,52,54,22,128,FALSE
Bifidobacterium,PWY-6969: TCA cycle V (2-oxoglutarate synthase),Bifidobacterium,TCA cycle V (2-oxoglutarate synthase),11,8,3,0.227272727272727,-0.400185185185185,0.644772811687507,1.04495799687269,0.505247376311844,-0.142857142857143,,-0.82712654115756,-1.5804242796288,TRUE,0.227272727272727,0.656165423781616,60,48,21,129,FALSE
Bacteroides,"GOLPDLCAT-PWY: superpathway of glycerol degradation to 1,3-propanediol",Bacteroides,"superpathway of glycerol degradation to 1,3-propanediol",11,8,3,-0.390909090909091,-0.887876427829699,0.304378019323671,1.19225444715337,0.235382308845577,-0.0714285714285714,,-0.834794351766513,2.34596607686014,FALSE,0.390909090909091,0.40572933872047,44,66,20,130,FALSE
Alistipes,SO4ASSIM-PWY: assimilatory sulfate reduction I,Alistipes,assimilatory sulfate reduction I,11,8,3,0.363636363636364,-0.375653474459273,0.850467289719626,1.2261207641789,0.278860569715142,-0.380952380952381,,-1.75806285616303,-1.23383149401492,TRUE,0.363636363636364,0.429016261100219,49,73,9,131,FALSE
Alistipes,PWY-5345: superpathway of L-methionine biosynthesis (by sulfhydrylation),Alistipes,superpathway of L-methionine biosynthesis (by sulfhydrylation),11,8,3,0.363636363636364,-0.375726554448643,0.857142857142857,1.2328694115915,0.272863568215892,-0.380952380952381,,-1.75806285616303,-1.29704476762662,TRUE,0.363636363636364,0.428691904047976,49,76,7,132,FALSE
Bacteroides,PWY0-1298: superpathway of pyrimidine deoxyribonucleosides degradation,Bacteroides,superpathway of pyrimidine deoxyribonucleosides degradation,11,8,3,0.427272727272727,-0.350052816901408,0.87962962962963,1.22968244653104,0.182408795602199,0.142857142857143,,-0.834794351766513,-1.38896352781753,TRUE,0.427272727272727,0.39889146335923,39,74,20,133,FALSE
Parabacteroides,TCA: TCA cycle I (prokaryotic),Parabacteroides,TCA cycle I (prokaryotic),11,8,3,0.25743489909631,-0.38033761448066,0.716179377697616,1.09651699217828,0.454272863568216,0.202938515772736,,-0.745680069691599,-1.04127097786191,TRUE,0.25743489909631,0.597727452063442,58,55,22,135,FALSE
Alistipes,METHGLYUT-PWY: superpathway of methylglyoxal degradation,Alistipes,superpathway of methylglyoxal degradation,11,8,3,0.385337317794226,-0.333428178412117,0.891456817001694,1.22488499541381,0.24487756121939,0.0714285714285714,,-1.75806285616303,-0.862887074676158,TRUE,0.385337317794226,0.408129268698984,47,72,19,138,FALSE
Parabacteroides,PWY-7254: TCA cycle VII (acetate-producers),Parabacteroides,TCA cycle VII (acetate-producers),11,8,3,0.276504150881222,-0.367625375931505,0.792561154984963,1.16018653091647,0.424287856071964,0.228305830244329,,-0.745680069691599,-1.10869447134981,TRUE,0.276504150881222,0.573361967664816,56,60,22,138,FALSE
Bifidobacterium,METHGLYUT-PWY: superpathway of methylglyoxal degradation,Bifidobacterium,superpathway of methylglyoxal degradation,11,8,3,0.431210808007825,-0.336492890995261,0.951083435009321,1.28757632600458,0.202898550724638,0.0714285714285714,,-0.82712654115756,-0.862887074676158,TRUE,0.431210808007825,0.39889146335923,38,80,21,139,FALSE
Alistipes,GLUCARDEG-PWY: D-glucarate degradation I,Alistipes,D-glucarate degradation I,11,8,3,-0.28441563932431,-0.786067533931769,0.421598565410046,1.20766609934182,0.410294852573713,0.0239525252382652,,-1.75806285616303,0.91200699311405,FALSE,0.28441563932431,0.57231658143531,54,69,18,141,FALSE
Blautia,PWY0-1298: superpathway of pyrimidine deoxyribonucleosides degradation,Blautia,superpathway of pyrimidine deoxyribonucleosides degradation,11,8,3,-0.281818181818182,-0.838919032643841,0.470055555555555,1.3089745881994,0.417791104447776,0.5,,1.91808993644275,-1.38896352781753,FALSE,0.281818181818182,0.57231658143531,55,83,5,143,FALSE
Bacteroides,PWY-5345: superpathway of L-methionine biosynthesis (by sulfhydrylation),Bacteroides,superpathway of L-methionine biosynthesis (by sulfhydrylation),11,8,3,0.2,-0.436723182698084,0.724601850085828,1.16132503278391,0.551224387806097,-0.0714285714285714,,-0.834794351766513,-1.29704476762662,TRUE,0.2,0.697752389627971,62,61,20,143,FALSE
Blautia,PWY-6572: chondroitin sulfate degradation I (bacterial),Blautia,chondroitin sulfate degradation I (bacterial),11,8,3,-0.390803368367358,-0.894297126822741,0.416381290755951,1.31067841757869,0.219390304847576,-0.152203886829552,,1.91808993644275,-0.924855125149428,FALSE,0.390803368367358,0.39889146335923,45,84,17,146,FALSE
Bacteroides,SO4ASSIM-PWY: assimilatory sulfate reduction I,Bacteroides,assimilatory sulfate reduction I,11,8,3,0.2,-0.419384986433524,0.757009345794392,1.17639433222792,0.559720139930035,-0.0714285714285714,,-0.834794351766513,-1.23383149401492,TRUE,0.2,0.699650174912544,62,64,20,146,FALSE
Bacteroides,SULFATE-CYS-PWY: superpathway of sulfate assimilation and cysteine biosynthesis,Bacteroides,superpathway of sulfate assimilation and cysteine biosynthesis,11,8,3,0.2,-0.426126834381551,0.769585253456221,1.19571208783777,0.570214892553723,-0.0714285714285714,,-0.834794351766513,-1.26746222481692,TRUE,0.2,0.703969003152745,62,67,20,149,FALSE
Bifidobacterium,HEME-BIOSYNTHESIS-II: heme b biosynthesis I (aerobic),Bifidobacterium,heme b biosynthesis I (aerobic),11,8,3,0.390909090909091,-0.411351246105919,0.94392523364486,1.35527647975078,0.234382808595702,0.190476190476191,,-0.82712654115756,-1.02730292334941,TRUE,0.390909090909091,0.40572933872047,44,87,21,152,FALSE
Alistipes,HEME-BIOSYNTHESIS-II: heme b biosynthesis I (aerobic),Alistipes,heme b biosynthesis I (aerobic),11,8,3,0.254545454545455,-0.474473476372252,0.817329545454545,1.2918030218268,0.449275362318841,-0.119047619047619,,-1.75806285616303,-1.02730292334941,TRUE,0.254545454545455,0.597727452063442,59,81,14,154,FALSE
Parabacteroides,PWY0-1298: superpathway of pyrimidine deoxyribonucleosides degradation,Parabacteroides,superpathway of pyrimidine deoxyribonucleosides degradation,11,8,3,0.345454545454545,-0.478672985781991,0.860651601579639,1.33932458736163,0.309845077461269,-0.119047619047619,,-0.745680069691599,-1.38896352781753,TRUE,0.345454545454545,0.469462238577681,50,86,22,158,FALSE
Bifidobacterium,PWY-6572: chondroitin sulfate degradation I (bacterial),Bifidobacterium,chondroitin sulfate degradation I (bacterial),11,8,3,0.0418717894679312,-0.592629226625661,0.598612097688799,1.19124132431446,0.900049975012494,-0.418560688781269,,-0.82712654115756,-0.924855125149428,TRUE,0.0418717894679312,0.957499973417547,73,65,21,159,FALSE
Bacteroides,GLUCARDEG-PWY: D-glucarate degradation I,Bacteroides,D-glucarate degradation I,11,8,3,0.146795168683515,-0.50413627313409,0.726037059372644,1.23017333250673,0.692653673163418,0.119762626191326,,-0.834794351766513,0.91200699311405,FALSE,0.146795168683515,0.824587706146927,65,75,20,160,FALSE
Blautia,METHGLYUT-PWY: superpathway of methylglyoxal degradation,Blautia,superpathway of methylglyoxal degradation,11,8,3,-0.110096376512636,-0.701923076923077,0.538706833063075,1.24062990998615,0.754122938530735,0.380952380952381,,1.91808993644275,-0.862887074676158,FALSE,0.110096376512636,0.876887137826436,67,77,19,163,FALSE
Parabacteroides,METHGLYUT-PWY: superpathway of methylglyoxal degradation,Parabacteroides,superpathway of methylglyoxal degradation,11,8,3,0.183493960854393,-0.52519875762211,0.740201602418496,1.26540036004061,0.60519740129935,-0.0238095238095238,,-0.745680069691599,-0.862887074676158,TRUE,0.183493960854393,0.729153495541386,64,78,22,164,FALSE
Bifidobacterium,PWY0-1298: superpathway of pyrimidine deoxyribonucleosides degradation,Bifidobacterium,superpathway of pyrimidine deoxyribonucleosides degradation,11,8,3,0.272727272727273,-0.551401869158879,0.831833842973427,1.38323571213231,0.412793603198401,-0.119047619047619,,-0.82712654115756,-1.38896352781753,TRUE,0.272727272727273,0.57231658143531,57,89,21,167,FALSE
Bifidobacterium,PWY-5130: 2-oxobutanoate degradation I,Bifidobacterium,2-oxobutanoate degradation I,11,8,3,0.0818181818181818,-0.568125575885218,0.700934579439252,1.26906015532447,0.815592203898051,-0.428571428571429,,-0.82712654115756,-1.20093601770788,TRUE,0.0818181818181818,0.926809322611422,69,79,21,169,FALSE
Bacteroides,PWY-7209: superpathway of pyrimidine ribonucleosides degradation,Bacteroides,superpathway of pyrimidine ribonucleosides degradation,11,8,3,-0.0727272727272727,-0.707391155687258,0.58852345391942,1.29591460960668,0.839580209895052,0.261904761904762,,-0.834794351766513,2.12599920721871,FALSE,0.0727272727272727,0.943348550443879,70,82,20,172,FALSE
Parabacteroides,PWY66-389: phytol degradation,Parabacteroides,phytol degradation,11,8,3,0.20322945480961,-0.570247119123712,0.854837201749405,1.42508432087312,0.536731634182909,0.30004959907449,,-0.745680069691599,-1.3382605172337,TRUE,0.20322945480961,0.688117479721678,61,90,22,173,FALSE
Parabacteroides,PWY-7209: superpathway of pyrimidine ribonucleosides degradation,Parabacteroides,superpathway of pyrimidine ribonucleosides degradation,11,8,3,-0.0454545454545455,-0.654205607476636,0.673076923076923,1.32728253055356,0.900049975012494,0.452380952380953,,-0.745680069691599,2.12599920721871,FALSE,0.0454545454545455,0.957499973417547,72,85,22,179,FALSE
Blautia,HEME-BIOSYNTHESIS-II: heme b biosynthesis I (aerobic),Blautia,heme b biosynthesis I (aerobic),11,8,3,-0.00909090909090909,-0.653957286432161,0.789144103826359,1.44310139025852,0.990504747626187,0.595238095238095,,1.91808993644275,-1.02730292334941,FALSE,0.00909090909090909,0.990504747626187,78,92,14,184,FALSE
Bacteroides,PPGPPMET-PWY: ppGpp metabolism,Bacteroides,ppGpp metabolism,11,8,3,-0.00909090909090909,-0.798101076555024,0.571543778801843,1.36964485535687,0.989005497251374,0.214285714285714,,-0.834794351766513,1.66494823120333,FALSE,0.00909090909090909,0.990504747626187,78,88,20,186,FALSE
Bifidobacterium,PWY-7254: TCA cycle VII (acetate-producers),Bifidobacterium,TCA cycle VII (acetate-producers),11,8,3,0.114415510709471,-0.725361209027339,0.868430656472715,1.59379186550005,0.745627186406797,-0.329775088130697,,-0.82712654115756,-1.10869447134981,TRUE,0.114415510709471,0.876887137826436,66,100,21,187,FALSE
Bifidobacterium,PWY-5345: superpathway of L-methionine biosynthesis (by sulfhydrylation),Bifidobacterium,superpathway of L-methionine biosynthesis (by sulfhydrylation),11,8,3,0.0545454545454545,-0.690304385555036,0.837339940760993,1.52764432631603,0.882058970514743,-0.333333333333333,,-0.82712654115756,-1.29704476762662,TRUE,0.0545454545454545,0.957499973417547,71,95,21,187,FALSE
Bifidobacterium,"PWY-7371: 1,4-dihydroxy-6-naphthoate biosynthesis II",Bifidobacterium,"1,4-dihydroxy-6-naphthoate biosynthesis II",11,8,3,-0.0286038776773678,-0.660918394752798,0.76421691093844,1.42513530569124,0.950024987506247,-0.487950036474267,,-0.82712654115756,-1.00014204871659,TRUE,0.0286038776773678,0.979407203614687,75,91,21,187,FALSE
Bifidobacterium,TCA: TCA cycle I (prokaryotic),Bifidobacterium,TCA cycle I (prokaryotic),11,8,3,0.104880884817015,-0.638947295740752,0.910902013191445,1.5498493089322,0.770614692653673,-0.152203886829552,,-0.82712654115756,-1.04127097786191,TRUE,0.104880884817015,0.885764014544452,68,99,21,188,FALSE
Bifidobacterium,SULFATE-CYS-PWY: superpathway of sulfate assimilation and cysteine biosynthesis,Bifidobacterium,superpathway of sulfate assimilation and cysteine biosynthesis,11,8,3,0.0545454545454545,-0.711627906976744,0.823347495527728,1.53497540250447,0.884057971014493,-0.333333333333333,,-0.82712654115756,-1.26746222481692,TRUE,0.0545454545454545,0.957499973417547,71,96,21,188,FALSE
Bifidobacterium,SO4ASSIM-PWY: assimilatory sulfate reduction I,Bifidobacterium,assimilatory sulfate reduction I,11,8,3,0.0545454545454545,-0.711538461538462,0.833333333333333,1.5448717948718,0.885057471264368,-0.333333333333333,,-0.82712654115756,-1.23383149401492,TRUE,0.0545454545454545,0.957499973417547,71,98,21,190,FALSE
Bifidobacterium,PWY-7883: anhydromuropeptides recycling II,Bifidobacterium,anhydromuropeptides recycling II,11,8,3,0.0273349228546923,-0.66836423292053,0.854387441253937,1.52275167417447,0.937031484257871,-0.357142857142857,,-0.82712654115756,-0.948774695723309,TRUE,0.0273349228546923,0.976074462768616,76,94,21,191,FALSE
Bifidobacterium,REDCITCYC: TCA cycle VI (Helicobacter),Bifidobacterium,TCA cycle VI (Helicobacter),11,8,3,-0.0372193684159388,-0.769239959264466,0.774799691599815,1.54403965086428,0.914542728635682,-0.51234753829798,,-0.82712654115756,-1.08117916514229,TRUE,0.0372193684159388,0.962676556458613,74,97,21,192,FALSE
Parabacteroides,PPGPPMET-PWY: ppGpp metabolism,Parabacteroides,ppGpp metabolism,11,8,3,-0.0181818181818182,-0.759615384615385,0.703868120456905,1.46348350507229,0.971514242878561,0.285714285714286,,-0.745680069691599,1.66494823120333,FALSE,0.0181818181818182,0.990504747626187,77,93,22,192,FALSE
