"family","level","outcome","predictor","n","rho","p_value","q_value_bh","abs_rho"
"alpha","alpha_diversity","Richness","injury_days_total",11,0.750548073412552,0.00778195241667491,0.420225430500445,0.750548073412552
"alpha","alpha_diversity","Richness","injury_days_post",11,0.644159815175009,0.0324222399397997,0.428533859167873,0.644159815175009
"alpha","alpha_diversity","Richness","injury_pct_post",11,0.644159815175009,0.0324222399397997,0.428533859167873,0.644159815175009
"alpha","alpha_diversity","Shannon","injury_days_total",11,0.641241333906228,0.0334748102912354,0.428533859167873,0.641241333906228
"alpha","alpha_diversity","Simpson","injury_days_total",11,0.625226982174959,0.0396790610340623,0.428533859167873,0.625226982174959
"alpha","alpha_diversity","Richness","post_training_total",11,-0.503526915694096,0.114331381858853,0.689125188454454,0.503526915694096
"alpha","alpha_diversity","Richness","post_training_min_week",11,-0.503526915694096,0.114331381858853,0.689125188454454,0.503526915694096
"alpha","alpha_diversity","Richness","pre_match_total",11,0.479922221041597,0.13519227613302,0.689125188454454,0.479922221041597
"alpha","alpha_diversity","Richness","pre_match_min_week",11,0.479922221041597,0.13519227613302,0.689125188454454,0.479922221041597
"alpha","alpha_diversity","Shannon","post_training_total",11,-0.466033789535373,0.148520633626904,0.689125188454454,0.466033789535373
"alpha","alpha_diversity","Shannon","post_training_min_week",11,-0.466033789535373,0.148520633626904,0.689125188454454,0.466033789535373
"alpha","alpha_diversity","Shannon","injury_days_post",11,0.44553053542921,0.169651038823479,0.689125188454454,0.44553053542921
"alpha","alpha_diversity","Shannon","injury_pct_post",11,0.44553053542921,0.169651038823479,0.689125188454454,0.44553053542921
"alpha","alpha_diversity","Simpson","injury_days_post",11,0.423775229528292,0.193990808853087,0.689125188454454,0.423775229528292
"alpha","alpha_diversity","Simpson","injury_pct_post",11,0.423775229528292,0.193990808853087,0.689125188454454,0.423775229528292
"alpha","alpha_diversity","Simpson","post_training_total",11,-0.404719156649952,0.216946818587513,0.689125188454454,0.404719156649952
"alpha","alpha_diversity","Simpson","post_training_min_week",11,-0.404719156649952,0.216946818587513,0.689125188454454,0.404719156649952
"alpha","alpha_diversity","Richness","delta_match_min_week",11,-0.359313495334808,0.277802780949435,0.77206086165544,0.359313495334808
"alpha","alpha_diversity","Simpson","pre_training_total",11,-0.353683400172301,0.285948467279793,0.77206086165544,0.353683400172301
"alpha","alpha_diversity","Simpson","pre_training_min_week",11,-0.353683400172301,0.285948467279793,0.77206086165544,0.353683400172301
"alpha","alpha_diversity","Shannon","pre_training_total",11,-0.32285385439457,0.332854492902198,0.817006482578123,0.32285385439457
"alpha","alpha_diversity","Shannon","pre_training_min_week",11,-0.32285385439457,0.332854492902198,0.817006482578123,0.32285385439457
"alpha","alpha_diversity","Simpson","delta_training_min_week",11,0.230365217061378,0.495571027368485,0.971353605338198,0.230365217061378
"alpha","alpha_diversity","Shannon","illness_days_post",11,-0.217290049568857,0.520999895852281,0.971353605338198,0.217290049568857
"alpha","alpha_diversity","Shannon","illness_days_total",11,-0.217290049568857,0.520999895852281,0.971353605338198,0.217290049568857
"alpha","alpha_diversity","Shannon","illness_pct_post",11,-0.217290049568857,0.520999895852281,0.971353605338198,0.217290049568857
"alpha","alpha_diversity","Shannon","delta_training_min_week",11,0.189259156024403,0.577290316109794,0.971353605338198,0.189259156024403
"alpha","alpha_diversity","Simpson","illness_days_post",11,-0.145763150458909,0.668912067825338,0.971353605338198,0.145763150458909
"alpha","alpha_diversity","Simpson","illness_days_total",11,-0.145763150458909,0.668912067825338,0.971353605338198,0.145763150458909
"alpha","alpha_diversity","Simpson","illness_pct_post",11,-0.145763150458909,0.668912067825338,0.971353605338198,0.145763150458909
"alpha","alpha_diversity","Richness","post_match_total",11,0.139077398898727,0.68340040438787,0.971353605338198,0.139077398898727
"alpha","alpha_diversity","Richness","post_match_min_week",11,0.139077398898727,0.68340040438787,0.971353605338198,0.139077398898727
"alpha","alpha_diversity","Richness","delta_training_total",11,-0.131050767414404,0.700921567340423,0.971353605338198,0.131050767414404
"alpha","alpha_diversity","Richness","pre_training_total",11,-0.119142511278676,0.72715638867169,0.971353605338198,0.119142511278676
"alpha","alpha_diversity","Richness","pre_training_min_week",11,-0.119142511278676,0.72715638867169,0.971353605338198,0.119142511278676
"alpha","alpha_diversity","Simpson","delta_match_min_week",11,0.0911886398189465,0.789740578608147,0.971353605338198,0.0911886398189465
"alpha","alpha_diversity","Shannon","post_match_total",11,0.0861435357610045,0.801166516184078,0.971353605338198,0.0861435357610045
"alpha","alpha_diversity","Shannon","post_match_min_week",11,0.0861435357610045,0.801166516184078,0.971353605338198,0.0861435357610045
"alpha","alpha_diversity","Richness","illness_days_post",11,0.0842562780151774,0.805449817679259,0.971353605338198,0.0842562780151774
"alpha","alpha_diversity","Richness","illness_days_total",11,0.0842562780151774,0.805449817679259,0.971353605338198,0.0842562780151774
"alpha","alpha_diversity","Richness","illness_pct_post",11,0.0842562780151774,0.805449817679259,0.971353605338198,0.0842562780151774
"alpha","alpha_diversity","Shannon","delta_match_total",11,0.0659409729134798,0.84725188365126,0.971353605338198,0.0659409729134798
"alpha","alpha_diversity","Shannon","pre_match_total",11,0.06355571866169,0.852724186512023,0.971353605338198,0.06355571866169
"alpha","alpha_diversity","Shannon","pre_match_min_week",11,0.06355571866169,0.852724186512023,0.971353605338198,0.06355571866169
"alpha","alpha_diversity","Simpson","pre_match_total",11,-0.0580291344302387,0.865425452701719,0.971353605338198,0.0580291344302387
"alpha","alpha_diversity","Simpson","pre_match_min_week",11,-0.0580291344302387,0.865425452701719,0.971353605338198,0.0580291344302387
"alpha","alpha_diversity","Richness","delta_match_total",11,-0.0490586811147488,0.886101249366074,0.971353605338198,0.0490586811147488
"alpha","alpha_diversity","Simpson","delta_training_total",11,-0.0350565892514014,0.918497834465714,0.971353605338198,0.0350565892514014
"alpha","alpha_diversity","Richness","delta_training_min_week",11,-0.0303696597377016,0.929369101668066,0.971353605338198,0.0303696597377016
"alpha","alpha_diversity","Shannon","delta_match_min_week",11,0.0248696290415309,0.942140055991261,0.971353605338198,0.0248696290415309
"alpha","alpha_diversity","Simpson","delta_match_total",11,0.0248349118765053,0.942220710228289,0.971353605338198,0.0248349118765053
"alpha","alpha_diversity","Shannon","delta_training_total",11,-0.0246694516954306,0.942605110757337,0.971353605338198,0.0246694516954306
"alpha","alpha_diversity","Simpson","post_match_total",11,0.0123062193944292,0.971353605338198,0.971353605338198,0.0123062193944292
"alpha","alpha_diversity","Simpson","post_match_min_week",11,0.0123062193944292,0.971353605338198,0.971353605338198,0.0123062193944292
