"family","level","outcome","predictor","n","beta_rank","ci_low","ci_high","p_beta_gt0","p_beta_lt0","p_direction","p_tail_two_sided","q_tail_bh","abs_beta_rank"
"alpha","alpha_diversity","Richness","injury_days_total",11,0.768775483651659,0.294683800116792,1.24286716718653,0.997938621743944,0.00206137825605579,0.997938621743944,0.00412275651211158,0.222628851654025,0.768775483651659
"alpha","alpha_diversity","Richness","injury_days_post",11,0.667611329907207,0.126227947235145,1.20899471257927,0.990107085666235,0.0098929143337646,0.990107085666235,0.0197858286675292,0.286936177581295,0.667611329907207
"alpha","alpha_diversity","Richness","injury_pct_post",11,0.667611329907207,0.126227947235145,1.20899471257927,0.990107085666235,0.0098929143337646,0.990107085666235,0.0197858286675292,0.286936177581295,0.667611329907207
"alpha","alpha_diversity","Shannon","injury_days_total",11,0.597911773107343,0.102201940629565,1.09362160558512,0.988972044634669,0.0110279553653311,0.988972044634669,0.0220559107306622,0.286936177581295,0.597911773107343
"alpha","alpha_diversity","Simpson","injury_days_total",11,0.583004461197761,0.0803191411458304,1.08568978124969,0.98671591770457,0.0132840822954303,0.98671591770457,0.0265681645908606,0.286936177581295,0.583004461197761
"alpha","alpha_diversity","Richness","post_training_total",11,-0.493712791578137,-1.06293855650194,0.0755129733456681,0.0415910515658247,0.958408948434175,0.958408948434175,0.0831821031316493,0.558845349052143,0.493712791578137
"alpha","alpha_diversity","Richness","post_training_min_week",11,-0.493712791578137,-1.06293855650194,0.0755129733456681,0.0415910515658247,0.958408948434175,0.958408948434175,0.0831821031316493,0.558845349052143,0.493712791578137
"alpha","alpha_diversity","Richness","pre_match_total",11,0.510082711893445,-0.11482391081264,1.13498933459953,0.949674530179032,0.0503254698209675,0.949674530179032,0.100650939641935,0.558845349052143,0.510082711893445
"alpha","alpha_diversity","Richness","pre_match_min_week",11,0.510082711893445,-0.11482391081264,1.13498933459953,0.949674530179032,0.0503254698209675,0.949674530179032,0.100650939641935,0.558845349052143,0.510082711893445
"alpha","alpha_diversity","Shannon","post_training_total",11,-0.415443372128827,-0.950878802573631,0.119992058315976,0.0583557712809352,0.941644228719065,0.941644228719065,0.11671154256187,0.558845349052143,0.415443372128827
"alpha","alpha_diversity","Shannon","post_training_min_week",11,-0.415443372128827,-0.950878802573631,0.119992058315976,0.0583557712809352,0.941644228719065,0.941644228719065,0.11671154256187,0.558845349052143,0.415443372128827
"alpha","alpha_diversity","Shannon","injury_days_post",11,0.420708315300643,-0.150513192022935,0.991929822624221,0.932731578354835,0.0672684216451653,0.932731578354835,0.134536843290331,0.558845349052143,0.420708315300643
"alpha","alpha_diversity","Shannon","injury_pct_post",11,0.420708315300643,-0.150513192022935,0.991929822624221,0.932731578354835,0.0672684216451653,0.932731578354835,0.134536843290331,0.558845349052143,0.420708315300643
"alpha","alpha_diversity","Simpson","injury_days_post",11,0.400220901706358,-0.176795155402962,0.977236958815677,0.921696721411801,0.0783032785881987,0.921696721411801,0.156606557176397,0.563783605835031,0.400220901706358
"alpha","alpha_diversity","Simpson","injury_pct_post",11,0.400220901706358,-0.176795155402962,0.977236958815677,0.921696721411801,0.0783032785881987,0.921696721411801,0.156606557176397,0.563783605835031,0.400220901706358
"alpha","alpha_diversity","Simpson","post_training_total",11,-0.360771386364032,-0.911660982393501,0.190118209665437,0.0895563717596788,0.910443628240321,0.910443628240321,0.179112743519358,0.568946361767371,0.360771386364032
"alpha","alpha_diversity","Simpson","post_training_min_week",11,-0.360771386364032,-0.911660982393501,0.190118209665437,0.0895563717596788,0.910443628240321,0.910443628240321,0.179112743519358,0.568946361767371,0.360771386364032
"alpha","alpha_diversity","Richness","delta_match_min_week",11,-0.382048275151286,-1.04212049876728,0.278023948464714,0.115621014869049,0.884378985130951,0.884378985130951,0.231242029738098,0.662748752488361,0.382048275151286
"alpha","alpha_diversity","Simpson","pre_training_total",11,-0.317408921994232,-0.883718162099576,0.248900318111112,0.122731250460808,0.877268749539192,0.877268749539192,0.245462500921615,0.662748752488361,0.317408921994232
"alpha","alpha_diversity","Simpson","pre_training_min_week",11,-0.317408921994232,-0.883718162099576,0.248900318111112,0.122731250460808,0.877268749539192,0.877268749539192,0.245462500921615,0.662748752488361,0.317408921994232
"alpha","alpha_diversity","Shannon","pre_training_total",11,-0.289705384696113,-0.861859098264103,0.282448328871876,0.145781361093918,0.854218638906082,0.854218638906082,0.291562722187835,0.71565395446105,0.289705384696113
"alpha","alpha_diversity","Shannon","pre_training_min_week",11,-0.289705384696113,-0.861859098264103,0.282448328871876,0.145781361093918,0.854218638906082,0.854218638906082,0.291562722187835,0.71565395446105,0.289705384696113
"alpha","alpha_diversity","Simpson","delta_training_min_week",11,0.206594772801758,-0.379645444703436,0.792834990306952,0.771283422693979,0.228716577306021,0.771283422693979,0.457433154612042,0.966260245969794,0.206594772801758
"alpha","alpha_diversity","Shannon","illness_days_post",11,-0.194035612033364,-0.778923235303149,0.390852011236422,0.241821057160384,0.758178942839616,0.758178942839616,0.483642114320768,0.966260245969794,0.194035612033364
"alpha","alpha_diversity","Shannon","illness_days_total",11,-0.194035612033364,-0.778923235303149,0.390852011236422,0.241821057160384,0.758178942839616,0.758178942839616,0.483642114320768,0.966260245969794,0.194035612033364
"alpha","alpha_diversity","Shannon","illness_pct_post",11,-0.194035612033364,-0.778923235303149,0.390852011236422,0.241821057160384,0.758178942839616,0.758178942839616,0.483642114320768,0.966260245969794,0.194035612033364
"alpha","alpha_diversity","Shannon","delta_training_min_week",11,0.169656723070933,-0.421254158008562,0.760567604150429,0.728341137577628,0.271658862422372,0.728341137577628,0.543317724844743,0.966260245969794,0.169656723070933
"alpha","alpha_diversity","Simpson","illness_days_post",11,-0.130078104929344,-0.721934648323176,0.461778438464488,0.320323082120618,0.679676917879382,0.679676917879382,0.640646164241236,0.966260245969794,0.130078104929344
"alpha","alpha_diversity","Simpson","illness_days_total",11,-0.130078104929344,-0.721934648323176,0.461778438464488,0.320323082120618,0.679676917879382,0.679676917879382,0.640646164241236,0.966260245969794,0.130078104929344
"alpha","alpha_diversity","Simpson","illness_pct_post",11,-0.130078104929344,-0.721934648323176,0.461778438464488,0.320323082120618,0.679676917879382,0.679676917879382,0.640646164241236,0.966260245969794,0.130078104929344
"alpha","alpha_diversity","Richness","post_match_total",11,0.141384705301429,-0.523331688917522,0.80610109952038,0.674326209222115,0.325673790777885,0.674326209222115,0.651347581555771,0.966260245969794,0.141384705301429
"alpha","alpha_diversity","Richness","post_match_min_week",11,0.141384705301429,-0.523331688917522,0.80610109952038,0.674326209222115,0.325673790777885,0.674326209222115,0.651347581555771,0.966260245969794,0.141384705301429
"alpha","alpha_diversity","Richness","delta_training_total",11,-0.131149998975368,-0.78646282245279,0.524162824502054,0.335269753000426,0.664730246999574,0.664730246999574,0.670539506000852,0.966260245969794,0.131149998975368
"alpha","alpha_diversity","Richness","pre_training_total",11,-0.117563370274973,-0.766873809022827,0.531747068472881,0.35006911138788,0.64993088861212,0.64993088861212,0.700138222775759,0.966260245969794,0.117563370274973
"alpha","alpha_diversity","Richness","pre_training_min_week",11,-0.117563370274973,-0.766873809022827,0.531747068472881,0.35006911138788,0.64993088861212,0.64993088861212,0.700138222775759,0.966260245969794,0.117563370274973
"alpha","alpha_diversity","Simpson","delta_match_min_week",11,0.0865948608718295,-0.556543232020505,0.729732953764164,0.612872447587474,0.387127552412526,0.612872447587474,0.774255104825052,0.966260245969794,0.0865948608718295
"alpha","alpha_diversity","Shannon","post_match_total",11,0.0802891146081675,-0.533847429052538,0.694425658268873,0.609691195221632,0.390308804778368,0.609691195221632,0.780617609556737,0.966260245969794,0.0802891146081675
"alpha","alpha_diversity","Shannon","post_match_min_week",11,0.0802891146081675,-0.533847429052538,0.694425658268873,0.609691195221632,0.390308804778368,0.609691195221632,0.780617609556737,0.966260245969794,0.0802891146081675
"alpha","alpha_diversity","Richness","illness_days_post",11,0.082965275632505,-0.56519733421949,0.731127885484499,0.607461215205771,0.392538784794229,0.607461215205771,0.785077569588459,0.966260245969794,0.082965275632505
"alpha","alpha_diversity","Richness","illness_days_total",11,0.082965275632505,-0.56519733421949,0.731127885484499,0.607461215205771,0.392538784794229,0.607461215205771,0.785077569588459,0.966260245969794,0.082965275632505
"alpha","alpha_diversity","Richness","illness_pct_post",11,0.082965275632505,-0.56519733421949,0.731127885484499,0.607461215205771,0.392538784794229,0.607461215205771,0.785077569588459,0.966260245969794,0.082965275632505
"alpha","alpha_diversity","Shannon","delta_match_total",11,0.0588425738784596,-0.54048429247408,0.658169440230999,0.582898767109985,0.417101232890015,0.582898767109985,0.83420246578003,0.966260245969794,0.0588425738784596
"alpha","alpha_diversity","Shannon","pre_match_total",11,0.0627786486606897,-0.581452649457363,0.707009946778743,0.582289280147384,0.417710719852616,0.582289280147384,0.835421439705233,0.966260245969794,0.0627786486606897
"alpha","alpha_diversity","Shannon","pre_match_min_week",11,0.0627786486606897,-0.581452649457363,0.707009946778743,0.582289280147384,0.417710719852616,0.582289280147384,0.835421439705233,0.966260245969794,0.0627786486606897
"alpha","alpha_diversity","Simpson","pre_match_total",11,-0.0545862516862897,-0.699112695556686,0.589940192184106,0.428340484809308,0.571659515190692,0.571659515190692,0.856680969618616,0.966260245969794,0.0545862516862897
"alpha","alpha_diversity","Simpson","pre_match_min_week",11,-0.0545862516862897,-0.699112695556686,0.589940192184106,0.428340484809308,0.571659515190692,0.571659515190692,0.856680969618616,0.966260245969794,0.0545862516862897
"alpha","alpha_diversity","Richness","delta_match_total",11,-0.0486578535137379,-0.701448094040638,0.604132387013162,0.436844823362329,0.563155176637671,0.563155176637671,0.873689646724658,0.966260245969794,0.0486578535137379
"alpha","alpha_diversity","Simpson","delta_training_total",11,-0.0324671036449358,-0.639002663798853,0.574068456508981,0.454541547930696,0.545458452069304,0.545458452069304,0.909083095861392,0.966260245969794,0.0324671036449358
"alpha","alpha_diversity","Richness","delta_training_min_week",11,-0.0301888286483256,-0.683420167733135,0.623042510436484,0.460728493689599,0.539271506310401,0.539271506310401,0.921456987379199,0.966260245969794,0.0301888286483256
"alpha","alpha_diversity","Shannon","delta_training_total",11,-0.0230343601749039,-0.629740628255679,0.583671907905871,0.467718476112721,0.532281523887279,0.532281523887279,0.935436952225443,0.966260245969794,0.0230343601749039
"alpha","alpha_diversity","Simpson","delta_match_total",11,0.0219045241476349,-0.578405921824741,0.62221497012001,0.531028099756619,0.468971900243381,0.531028099756619,0.937943800486762,0.966260245969794,0.0219045241476349
"alpha","alpha_diversity","Shannon","delta_match_min_week",11,0.0225776425007498,-0.622706355471331,0.66786164047283,0.529755333110322,0.470244666889678,0.529755333110322,0.940489333779357,0.966260245969794,0.0225776425007498
"alpha","alpha_diversity","Simpson","post_match_total",11,0.0122140606731219,-0.603947333379667,0.62837545472591,0.516869877015103,0.483130122984897,0.516869877015103,0.966260245969794,0.966260245969794,0.0122140606731219
"alpha","alpha_diversity","Simpson","post_match_min_week",11,0.0122140606731219,-0.603947333379667,0.62837545472591,0.516869877015103,0.483130122984897,0.516869877015103,0.966260245969794,0.966260245969794,0.0122140606731219
