"participant_id","pre_training_total","pre_training_min_week","pre_match_total","pre_match_min_week","post_training_total","post_training_min_week","post_match_total","post_match_min_week","injury_days_pre","injury_pct_pre","injury_days_post","injury_pct_post","illness_days_pre","illness_pct_pre","illness_days_post","illness_pct_post","status","turmeric_group","delta_training_total","delta_training_min_week","delta_match_total","delta_match_min_week","injury_days_total","illness_days_total"
3,3177,226.928571428571,1627,116.214285714286,4059,169.125,2087,86.9583333333333,3,3.06122448979592,128,76.1904761904762,0,0,0,0,"Didn't take turmeric","Control",882,-57.8035714285714,460,-29.2559523809524,131,0
4,3534,252.428571428571,1411,100.785714285714,3381,140.875,2463,102.625,4,4.08163265306123,72,42.8571428571428,0,0,5,2.97619047619048,"Turmeric 6 months","Treatment",-153,-111.553571428571,1052,1.83928571428569,76,5
5,873,62.3571428571428,320,22.8571428571429,4009,167.041666666667,1218,50.75,0,0,0,0,0,0,1,0.595238095238095,"Turmeric 6 months","Treatment",3136,104.684523809524,898,27.8928571428571,0,1
6,3580,255.714285714286,1863,133.071428571429,3631,151.291666666667,2988,124.5,0,0,0,0,0,0,0,0,"Didn't take turmeric","Control",51,-104.422619047619,1125,-8.57142857142861,0,0
7,3233,230.928571428571,2115,151.071428571429,3529,147.041666666667,2897,120.708333333333,21,21.4285714285714,19,11.3095238095238,0,0,0,0,"Turmeric 6 months","Treatment",296,-83.8869047619048,782,-30.3630952380953,40,0
9,859,61.3571428571428,536,38.2857142857143,3411,142.125,1169,48.7083333333333,1,1.02040816326531,60,35.7142857142857,0,0,0,0,"Turmeric 6 months","Treatment",2552,80.7678571428572,633,10.4226190476191,61,0
15,3448,246.285714285714,1970,140.714285714286,3768,157,1203,50.125,0,0,65,38.6904761904762,0,0,0,0,"Turmeric 6 months","Treatment",320,-89.2857142857143,-767,-90.5892857142857,65,0
16,3031,216.5,822,58.7142857142857,3121,130.041666666667,2570,107.083333333333,23,23.469387755102,55,32.7380952380953,0,0,0,0,"Turmeric 6 months","Treatment",90,-86.4583333333334,1748,48.3690476190476,78,0
18,2886,206.142857142857,1760,125.714285714286,2808,117,2435,101.458333333333,11,11.2244897959184,136,80.9523809523809,0,0,2,1.19047619047619,"Didn't take turmeric","Control",-78,-89.1428571428571,675,-24.2559523809524,147,2
21,3897,278.357142857143,927,66.2142857142857,3483,145.125,2583,107.625,6,6.12244897959184,0,0,0,0,0,0,"Turmeric 6 months","Treatment",-414,-133.232142857143,1656,41.4107142857143,6,0
22,1047,74.7857142857143,181,12.9285714285714,4059,169.125,752,31.3333333333333,13,13.265306122449,17,10.1190476190476,0,0,0,0,"Turmeric 6 months","Treatment",3012,94.3392857142857,571,18.4047619047619,30,0
