"participant_id","outcome","level","pre_value","post_value","delta"
3,"Richness","alpha_diversity",59.5,64,4.5
3,"Shannon","alpha_diversity",26.2605042015163,27.9372617100899,1.67675750857352
3,"Simpson","alpha_diversity",16.5395994843859,19.5968704538808,3.05727096949492
4,"Richness","alpha_diversity",89,85,-4
4,"Shannon","alpha_diversity",39.3834696876244,30.2278370771044,-9.15563261051998
4,"Simpson","alpha_diversity",25.349338463407,16.1186951415515,-9.23064332185552
5,"Richness","alpha_diversity",84.5,53,-31.5
5,"Shannon","alpha_diversity",32.8370426295727,15.2255545207247,-17.611488108848
5,"Simpson","alpha_diversity",20.0217142025928,9.19839174950084,-10.823322453092
6,"Richness","alpha_diversity",84,69,-15
6,"Shannon","alpha_diversity",29.386967834566,21.1495573524851,-8.23741048208096
6,"Simpson","alpha_diversity",18.5100086413095,10.5373370050764,-7.97267163623319
7,"Richness","alpha_diversity",39.5,48,8.5
7,"Shannon","alpha_diversity",11.4216256934896,9.7941203069568,-1.62750538653279
7,"Simpson","alpha_diversity",7.47534361114909,5.27017460086103,-2.20516901028805
9,"Richness","alpha_diversity",64.5,57,-7.5
9,"Shannon","alpha_diversity",28.3915022156626,20.2858594820354,-8.10564273362725
9,"Simpson","alpha_diversity",17.6302692207913,12.9214468310984,-4.70882238969295
15,"Richness","alpha_diversity",81.5,88,6.5
15,"Shannon","alpha_diversity",30.3989161708017,19.7260303768288,-10.6728857939729
15,"Simpson","alpha_diversity",20.0189888704527,9.80380452519476,-10.2151843452579
16,"Richness","alpha_diversity",58.5,80,21.5
16,"Shannon","alpha_diversity",20.6753806898043,28.1123128449852,7.43693215518086
16,"Simpson","alpha_diversity",12.6865475413293,16.6411268622717,3.95457932094249
18,"Richness","alpha_diversity",62,71,9
18,"Shannon","alpha_diversity",19.7369943241153,26.3851781411356,6.64818381702029
18,"Simpson","alpha_diversity",12.5329600211837,17.0677453844949,4.53478536331114
21,"Richness","alpha_diversity",87.5,42,-45.5
21,"Shannon","alpha_diversity",32.1013340894096,15.5190353553844,-16.5822987340252
21,"Simpson","alpha_diversity",19.5438159562417,10.2268290564455,-9.31698689979614
22,"Richness","alpha_diversity",90,54,-36
22,"Shannon","alpha_diversity",27.6147258596156,19.0090334815898,-8.60569237802572
22,"Simpson","alpha_diversity",11.7881671776872,8.43651893227949,-3.35164824540769
