feature,sum_features,kingdom,phylum,class,order,family,genus,species,strain
k__Bacteria|p__Firmicutes|c__Clostridia|o__Eubacteriales|f__Lachnospiraceae|g__Roseburia|s__Roseburia_faecis|t__SGB4925,19,k__Bacteria,p__Firmicutes,c__Clostridia,o__Eubacteriales,f__Lachnospiraceae,g__Roseburia,s__Roseburia_faecis,t__SGB4925
k__Bacteria|p__Bacteroidetes|c__Bacteroidia|o__Bacteroidales|f__Prevotellaceae|g__Prevotella|s__Prevotella_copri_clade_C|t__SGB1644,6,k__Bacteria,p__Bacteroidetes,c__Bacteroidia,o__Bacteroidales,f__Prevotellaceae,g__Prevotella,s__Prevotella_copri_clade_C,t__SGB1644
k__Bacteria|p__Firmicutes|c__Clostridia|o__Eubacteriales|f__Oscillospiraceae|g__Faecalibacterium|s__Faecalibacterium_prausnitzii|t__SGB15318,39,k__Bacteria,p__Firmicutes,c__Clostridia,o__Eubacteriales,f__Oscillospiraceae,g__Faecalibacterium,s__Faecalibacterium_prausnitzii,t__SGB15318
k__Bacteria|p__Firmicutes|c__CFGB14936|o__OFGB14936|f__FGB14936|g__GGB3256|s__GGB3256_SGB4303|t__SGB4303,11,k__Bacteria,p__Firmicutes,c__CFGB14936,o__OFGB14936,f__FGB14936,g__GGB3256,s__GGB3256_SGB4303,t__SGB4303
k__Bacteria|p__Firmicutes|c__Clostridia|o__Eubacteriales|f__Lachnospiraceae|g__Fusicatenibacter|s__Fusicatenibacter_saccharivorans|t__SGB4874,36,k__Bacteria,p__Firmicutes,c__Clostridia,o__Eubacteriales,f__Lachnospiraceae,g__Fusicatenibacter,s__Fusicatenibacter_saccharivorans,t__SGB4874
k__Bacteria|p__Firmicutes|c__Negativicutes|o__Veillonellales|f__Veillonellaceae|g__Dialister|s__Dialister_invisus|t__SGB5825_group,11,k__Bacteria,p__Firmicutes,c__Negativicutes,o__Veillonellales,f__Veillonellaceae,g__Dialister,s__Dialister_invisus,t__SGB5825_group
k__Bacteria|p__Firmicutes|c__Clostridia|o__Eubacteriales|f__Oscillospiraceae|g__Faecalibacterium|s__Faecalibacterium_prausnitzii|t__SGB15317,31,k__Bacteria,p__Firmicutes,c__Clostridia,o__Eubacteriales,f__Oscillospiraceae,g__Faecalibacterium,s__Faecalibacterium_prausnitzii,t__SGB15317
k__Bacteria|p__Bacteroidetes|c__CFGB4405|o__OFGB4405|f__FGB4405|g__GGB1266|s__GGB1266_SGB1699|t__SGB1699,10,k__Bacteria,p__Bacteroidetes,c__CFGB4405,o__OFGB4405,f__FGB4405,g__GGB1266,s__GGB1266_SGB1699,t__SGB1699
k__Bacteria|p__Actinobacteria|c__Actinomycetia|o__Bifidobacteriales|f__Bifidobacteriaceae|g__Bifidobacterium|s__Bifidobacterium_longum|t__SGB17248,34,k__Bacteria,p__Actinobacteria,c__Actinomycetia,o__Bifidobacteriales,f__Bifidobacteriaceae,g__Bifidobacterium,s__Bifidobacterium_longum,t__SGB17248
k__Bacteria|p__Firmicutes|c__Clostridia|o__Eubacteriales|f__Oscillospiraceae|g__Faecalibacterium|s__Faecalibacterium_prausnitzii|t__SGB15316,34,k__Bacteria,p__Firmicutes,c__Clostridia,o__Eubacteriales,f__Oscillospiraceae,g__Faecalibacterium,s__Faecalibacterium_prausnitzii,t__SGB15316
k__Bacteria|p__Firmicutes|c__Clostridia|o__Eubacteriales|f__Lachnospiraceae|g__Blautia|s__Blautia_sp_MSK_20_85|t__SGB4828,23,k__Bacteria,p__Firmicutes,c__Clostridia,o__Eubacteriales,f__Lachnospiraceae,g__Blautia,s__Blautia_sp_MSK_20_85,t__SGB4828
k__Bacteria|p__Firmicutes|c__Clostridia|o__Eubacteriales|f__Oscillospiraceae|g__Ruminococcus|s__Ruminococcus_bicirculans|t__SGB4262,23,k__Bacteria,p__Firmicutes,c__Clostridia,o__Eubacteriales,f__Oscillospiraceae,g__Ruminococcus,s__Ruminococcus_bicirculans,t__SGB4262
k__Bacteria|p__Firmicutes|c__Clostridia|o__Eubacteriales|f__Oscillospiraceae|g__Oscillospiraceae_unclassified|s__Eubacterium_siraeum|t__SGB4198,5,k__Bacteria,p__Firmicutes,c__Clostridia,o__Eubacteriales,f__Oscillospiraceae,g__Oscillospiraceae_unclassified,s__Eubacterium_siraeum,t__SGB4198
k__Bacteria|p__Actinobacteria|c__Actinomycetia|o__Bifidobacteriales|f__Bifidobacteriaceae|g__Bifidobacterium|s__Bifidobacterium_bifidum|t__SGB17256,7,k__Bacteria,p__Actinobacteria,c__Actinomycetia,o__Bifidobacteriales,f__Bifidobacteriaceae,g__Bifidobacterium,s__Bifidobacterium_bifidum,t__SGB17256
k__Bacteria|p__Firmicutes|c__Clostridia|o__Eubacteriales|f__Clostridiaceae|g__Clostridium|s__Clostridium_sp_AF34_10BH|t__SGB4914,19,k__Bacteria,p__Firmicutes,c__Clostridia,o__Eubacteriales,f__Clostridiaceae,g__Clostridium,s__Clostridium_sp_AF34_10BH,t__SGB4914
k__Bacteria|p__Firmicutes|c__Clostridia|o__Eubacteriales|f__Lachnospiraceae|g__Waltera|s__Waltera_intestinalis|t__SGB4910,14,k__Bacteria,p__Firmicutes,c__Clostridia,o__Eubacteriales,f__Lachnospiraceae,g__Waltera,s__Waltera_intestinalis,t__SGB4910
k__Bacteria|p__Firmicutes|c__Clostridia|o__Eubacteriales|f__Lachnospiraceae|g__Coprococcus|s__Coprococcus_eutactus|t__SGB5117,17,k__Bacteria,p__Firmicutes,c__Clostridia,o__Eubacteriales,f__Lachnospiraceae,g__Coprococcus,s__Coprococcus_eutactus,t__SGB5117
k__Bacteria|p__Firmicutes|c__Clostridia|o__Eubacteriales|f__Lachnospiraceae|g__Dorea|s__Dorea_longicatena|t__SGB4581,33,k__Bacteria,p__Firmicutes,c__Clostridia,o__Eubacteriales,f__Lachnospiraceae,g__Dorea,s__Dorea_longicatena,t__SGB4581
k__Bacteria|p__Firmicutes|c__Clostridia|o__Eubacteriales|f__Oscillospiraceae|g__Faecalibacterium|s__Faecalibacterium_prausnitzii|t__SGB15323,16,k__Bacteria,p__Firmicutes,c__Clostridia,o__Eubacteriales,f__Oscillospiraceae,g__Faecalibacterium,s__Faecalibacterium_prausnitzii,t__SGB15323
k__Bacteria|p__Firmicutes|c__Clostridia|o__Eubacteriales|f__Lachnospiraceae|g__Lachnospiraceae_unclassified|s__Eubacterium_rectale|t__SGB4933,38,k__Bacteria,p__Firmicutes,c__Clostridia,o__Eubacteriales,f__Lachnospiraceae,g__Lachnospiraceae_unclassified,s__Eubacterium_rectale,t__SGB4933
k__Bacteria|p__Firmicutes|c__Clostridia|o__Eubacteriales|f__Lachnospiraceae|g__Blautia|s__Blautia_wexlerae|t__SGB4837,41,k__Bacteria,p__Firmicutes,c__Clostridia,o__Eubacteriales,f__Lachnospiraceae,g__Blautia,s__Blautia_wexlerae,t__SGB4837
k__Bacteria|p__Firmicutes|c__Clostridia|o__Eubacteriales|f__Oscillospiraceae|g__Faecalibacterium|s__Faecalibacterium_prausnitzii|t__SGB15342,20,k__Bacteria,p__Firmicutes,c__Clostridia,o__Eubacteriales,f__Oscillospiraceae,g__Faecalibacterium,s__Faecalibacterium_prausnitzii,t__SGB15342
k__Bacteria|p__Firmicutes|c__Clostridia|o__Eubacteriales|f__Lachnospiraceae|g__Roseburia|s__Roseburia_intestinalis|t__SGB4951,17,k__Bacteria,p__Firmicutes,c__Clostridia,o__Eubacteriales,f__Lachnospiraceae,g__Roseburia,s__Roseburia_intestinalis,t__SGB4951
k__Bacteria|p__Firmicutes|c__Clostridia|o__Eubacteriales|f__Oscillospiraceae|g__Agathobaculum|s__Agathobaculum_butyriciproducens|t__SGB14993,34,k__Bacteria,p__Firmicutes,c__Clostridia,o__Eubacteriales,f__Oscillospiraceae,g__Agathobaculum,s__Agathobaculum_butyriciproducens,t__SGB14993
k__Bacteria|p__Firmicutes|c__Clostridia|o__Eubacteriales|f__Clostridiaceae|g__Clostridium|s__Clostridium_fessum|t__SGB4705,27,k__Bacteria,p__Firmicutes,c__Clostridia,o__Eubacteriales,f__Clostridiaceae,g__Clostridium,s__Clostridium_fessum,t__SGB4705
k__Bacteria|p__Firmicutes|c__Clostridia|o__Eubacteriales|f__Lachnospiraceae|g__Faecalicatena|s__Faecalicatena_fissicatena|t__SGB4871,29,k__Bacteria,p__Firmicutes,c__Clostridia,o__Eubacteriales,f__Lachnospiraceae,g__Faecalicatena,s__Faecalicatena_fissicatena,t__SGB4871
k__Bacteria|p__Firmicutes|c__CFGB3035|o__OFGB3035|f__FGB3035|g__GGB9602|s__GGB9602_SGB15031|t__SGB15031,6,k__Bacteria,p__Firmicutes,c__CFGB3035,o__OFGB3035,f__FGB3035,g__GGB9602,s__GGB9602_SGB15031,t__SGB15031
k__Bacteria|p__Firmicutes|c__CFGB3005|o__OFGB3005|f__FGB3005|g__GGB9468|s__GGB9468_SGB14861|t__SGB14861,39,k__Bacteria,p__Firmicutes,c__CFGB3005,o__OFGB3005,f__FGB3005,g__GGB9468,s__GGB9468_SGB14861,t__SGB14861
k__Bacteria|p__Firmicutes|c__Clostridia|o__Clostridiales|f__Ruminococcaceae|g__Candidatus_Cibionibacter|s__Candidatus_Cibionibacter_quicibialis|t__SGB15286,31,k__Bacteria,p__Firmicutes,c__Clostridia,o__Clostridiales,f__Ruminococcaceae,g__Candidatus_Cibionibacter,s__Candidatus_Cibionibacter_quicibialis,t__SGB15286
k__Bacteria|p__Firmicutes|c__Clostridia|o__Eubacteriales|f__Oscillospiraceae|g__Faecalibacterium|s__Faecalibacterium_prausnitzii|t__SGB15332,11,k__Bacteria,p__Firmicutes,c__Clostridia,o__Eubacteriales,f__Oscillospiraceae,g__Faecalibacterium,s__Faecalibacterium_prausnitzii,t__SGB15332
k__Bacteria|p__Firmicutes|c__Clostridia|o__Eubacteriales|f__Lachnospiraceae|g__Blautia|s__Blautia_massiliensis|t__SGB4826,37,k__Bacteria,p__Firmicutes,c__Clostridia,o__Eubacteriales,f__Lachnospiraceae,g__Blautia,s__Blautia_massiliensis,t__SGB4826
k__Bacteria|p__Firmicutes|c__CFGB38642|o__OFGB38642|f__FGB38642|g__GGB9758|s__GGB9758_SGB15368|t__SGB15368,22,k__Bacteria,p__Firmicutes,c__CFGB38642,o__OFGB38642,f__FGB38642,g__GGB9758,s__GGB9758_SGB15368,t__SGB15368
k__Bacteria|p__Firmicutes|c__Clostridia|o__Eubacteriales|f__Eubacteriales_unclassified|g__Gemmiger|s__Gemmiger_formicilis|t__SGB15300,42,k__Bacteria,p__Firmicutes,c__Clostridia,o__Eubacteriales,f__Eubacteriales_unclassified,g__Gemmiger,s__Gemmiger_formicilis,t__SGB15300
k__Bacteria|p__Firmicutes|c__Clostridia|o__Eubacteriales|f__Lachnospiraceae|g__Roseburia|s__Roseburia_inulinivorans|t__SGB4940,15,k__Bacteria,p__Firmicutes,c__Clostridia,o__Eubacteriales,f__Lachnospiraceae,g__Roseburia,s__Roseburia_inulinivorans,t__SGB4940
k__Bacteria|p__Actinobacteria|c__Coriobacteriia|o__Eggerthellales|f__Eggerthellaceae|g__Adlercreutzia|s__Adlercreutzia_equolifaciens|t__SGB14797,20,k__Bacteria,p__Actinobacteria,c__Coriobacteriia,o__Eggerthellales,f__Eggerthellaceae,g__Adlercreutzia,s__Adlercreutzia_equolifaciens,t__SGB14797
k__Bacteria|p__Firmicutes|c__Clostridia|o__Eubacteriales|f__Lachnospiraceae|g__Lacrimispora|s__Lacrimispora_celerecrescens|t__SGB4868,31,k__Bacteria,p__Firmicutes,c__Clostridia,o__Eubacteriales,f__Lachnospiraceae,g__Lacrimispora,s__Lacrimispora_celerecrescens,t__SGB4868
k__Bacteria|p__Firmicutes|c__Clostridia|o__Eubacteriales|f__Lachnospiraceae|g__Dorea|s__Dorea_formicigenerans|t__SGB4575,29,k__Bacteria,p__Firmicutes,c__Clostridia,o__Eubacteriales,f__Lachnospiraceae,g__Dorea,s__Dorea_formicigenerans,t__SGB4575
k__Bacteria|p__Actinobacteria|c__Coriobacteriia|o__Coriobacteriales|f__Coriobacteriaceae|g__Collinsella|s__Collinsella_bouchesdurhonensis|t__SGB14397,9,k__Bacteria,p__Actinobacteria,c__Coriobacteriia,o__Coriobacteriales,f__Coriobacteriaceae,g__Collinsella,s__Collinsella_bouchesdurhonensis,t__SGB14397
k__Bacteria|p__Firmicutes|c__Clostridia|o__Eubacteriales|f__Eubacteriaceae|g__Eubacterium|s__Eubacterium_ramulus|t__SGB4959,20,k__Bacteria,p__Firmicutes,c__Clostridia,o__Eubacteriales,f__Eubacteriaceae,g__Eubacterium,s__Eubacterium_ramulus,t__SGB4959
k__Bacteria|p__Bacteroidetes|c__Bacteroidia|o__Bacteroidales|f__Bacteroidaceae|g__Bacteroides|s__Bacteroides_uniformis|t__SGB1836,34,k__Bacteria,p__Bacteroidetes,c__Bacteroidia,o__Bacteroidales,f__Bacteroidaceae,g__Bacteroides,s__Bacteroides_uniformis,t__SGB1836
k__Bacteria|p__Firmicutes|c__Clostridia|o__Eubacteriales|f__Lachnospiraceae|g__Coprococcus|s__Coprococcus_comes|t__SGB4577,40,k__Bacteria,p__Firmicutes,c__Clostridia,o__Eubacteriales,f__Lachnospiraceae,g__Coprococcus,s__Coprococcus_comes,t__SGB4577
k__Bacteria|p__Bacteroidetes|c__Bacteroidia|o__Bacteroidales|f__Rikenellaceae|g__Alistipes|s__Alistipes_shahii|t__SGB2295,24,k__Bacteria,p__Bacteroidetes,c__Bacteroidia,o__Bacteroidales,f__Rikenellaceae,g__Alistipes,s__Alistipes_shahii,t__SGB2295
k__Bacteria|p__Firmicutes|c__Clostridia|o__Eubacteriales|f__Lachnospiraceae|g__Blautia|s__Blautia_SGB4815|t__SGB4815,19,k__Bacteria,p__Firmicutes,c__Clostridia,o__Eubacteriales,f__Lachnospiraceae,g__Blautia,s__Blautia_SGB4815,t__SGB4815
k__Bacteria|p__Bacteroidetes|c__Bacteroidia|o__Bacteroidales|f__Bacteroidaceae|g__Phocaeicola|s__Phocaeicola_vulgatus|t__SGB1814,26,k__Bacteria,p__Bacteroidetes,c__Bacteroidia,o__Bacteroidales,f__Bacteroidaceae,g__Phocaeicola,s__Phocaeicola_vulgatus,t__SGB1814
k__Bacteria|p__Firmicutes|c__Clostridia|o__Eubacteriales|f__Lachnospiraceae|g__Anaerobutyricum|s__Anaerobutyricum_hallii|t__SGB4532,30,k__Bacteria,p__Firmicutes,c__Clostridia,o__Eubacteriales,f__Lachnospiraceae,g__Anaerobutyricum,s__Anaerobutyricum_hallii,t__SGB4532
k__Bacteria|p__Firmicutes|c__Clostridia|o__Eubacteriales|f__Clostridiaceae|g__Clostridiaceae_unclassified|s__Clostridiaceae_bacterium|t__SGB4269,29,k__Bacteria,p__Firmicutes,c__Clostridia,o__Eubacteriales,f__Clostridiaceae,g__Clostridiaceae_unclassified,s__Clostridiaceae_bacterium,t__SGB4269
k__Bacteria|p__Firmicutes|c__Clostridia|o__Eubacteriales|f__Lachnospiraceae|g__Coprococcus|s__Coprococcus_catus|t__SGB4670,21,k__Bacteria,p__Firmicutes,c__Clostridia,o__Eubacteriales,f__Lachnospiraceae,g__Coprococcus,s__Coprococcus_catus,t__SGB4670
k__Bacteria|p__Firmicutes|c__Clostridia|o__Eubacteriales|f__Lachnospiraceae|g__Lacrimispora|s__Lacrimispora_amygdalina|t__SGB4716,7,k__Bacteria,p__Firmicutes,c__Clostridia,o__Eubacteriales,f__Lachnospiraceae,g__Lacrimispora,s__Lacrimispora_amygdalina,t__SGB4716
k__Bacteria|p__Firmicutes|c__Clostridia|o__Eubacteriales|f__Oscillospiraceae|g__Oscillibacter|s__Oscillibacter_sp_ER4|t__SGB15254,26,k__Bacteria,p__Firmicutes,c__Clostridia,o__Eubacteriales,f__Oscillospiraceae,g__Oscillibacter,s__Oscillibacter_sp_ER4,t__SGB15254
k__Bacteria|p__Firmicutes|c__Clostridia|o__Eubacteriales|f__Oscillospiraceae|g__GGB13489|s__GGB13489_SGB15224|t__SGB15224,5,k__Bacteria,p__Firmicutes,c__Clostridia,o__Eubacteriales,f__Oscillospiraceae,g__GGB13489,s__GGB13489_SGB15224,t__SGB15224
k__Bacteria|p__Firmicutes|c__Clostridia|o__Eubacteriales|f__Lachnospiraceae|g__Roseburia|s__Roseburia_hominis|t__SGB4936,18,k__Bacteria,p__Firmicutes,c__Clostridia,o__Eubacteriales,f__Lachnospiraceae,g__Roseburia,s__Roseburia_hominis,t__SGB4936
k__Bacteria|p__Firmicutes|c__Clostridia|o__Eubacteriales|f__Lachnospiraceae|g__Mediterraneibacter|s__Ruminococcus_torques|t__SGB4563,27,k__Bacteria,p__Firmicutes,c__Clostridia,o__Eubacteriales,f__Lachnospiraceae,g__Mediterraneibacter,s__Ruminococcus_torques,t__SGB4563
k__Bacteria|p__Bacteroidetes|c__Bacteroidia|o__Bacteroidales|f__Bacteroidaceae|g__Bacteroides|s__Bacteroides_caccae|t__SGB1877,6,k__Bacteria,p__Bacteroidetes,c__Bacteroidia,o__Bacteroidales,f__Bacteroidaceae,g__Bacteroides,s__Bacteroides_caccae,t__SGB1877
k__Bacteria|p__Bacteria_unclassified|c__CFGB2989|o__OFGB2989|f__FGB2989|g__GGB9365|s__GGB9365_SGB14341|t__SGB14341,9,k__Bacteria,p__Bacteria_unclassified,c__CFGB2989,o__OFGB2989,f__FGB2989,g__GGB9365,s__GGB9365_SGB14341,t__SGB14341
k__Bacteria|p__Actinobacteria|c__CFGB12107|o__OFGB12107|f__FGB12107|g__GGB34797|s__GGB34797_SGB14322|t__SGB14322,15,k__Bacteria,p__Actinobacteria,c__CFGB12107,o__OFGB12107,f__FGB12107,g__GGB34797,s__GGB34797_SGB14322,t__SGB14322
k__Bacteria|p__Bacteroidetes|c__Bacteroidia|o__Bacteroidales|f__Rikenellaceae|g__Alistipes|s__Alistipes_communis|t__SGB2290,9,k__Bacteria,p__Bacteroidetes,c__Bacteroidia,o__Bacteroidales,f__Rikenellaceae,g__Alistipes,s__Alistipes_communis,t__SGB2290
k__Bacteria|p__Firmicutes|c__Firmicutes_unclassified|o__Firmicutes_unclassified|f__Firmicutes_unclassified|g__Firmicutes_unclassified|s__Firmicutes_bacterium_AF16_15|t__SGB4993,32,k__Bacteria,p__Firmicutes,c__Firmicutes_unclassified,o__Firmicutes_unclassified,f__Firmicutes_unclassified,g__Firmicutes_unclassified,s__Firmicutes_bacterium_AF16_15,t__SGB4993
k__Bacteria|p__Actinobacteria|c__Actinomycetia|o__Bifidobacteriales|f__Bifidobacteriaceae|g__Bifidobacterium|s__Bifidobacterium_catenulatum|t__SGB17241,8,k__Bacteria,p__Actinobacteria,c__Actinomycetia,o__Bifidobacteriales,f__Bifidobacteriaceae,g__Bifidobacterium,s__Bifidobacterium_catenulatum,t__SGB17241
k__Bacteria|p__Actinobacteria|c__Actinomycetia|o__Bifidobacteriales|f__Bifidobacteriaceae|g__Bifidobacterium|s__Bifidobacterium_animalis|t__SGB17278,9,k__Bacteria,p__Actinobacteria,c__Actinomycetia,o__Bifidobacteriales,f__Bifidobacteriaceae,g__Bifidobacterium,s__Bifidobacterium_animalis,t__SGB17278
k__Bacteria|p__Firmicutes|c__Clostridia|o__Eubacteriales|f__Lachnospiraceae|g__Blautia|s__Blautia_obeum|t__SGB4811,18,k__Bacteria,p__Firmicutes,c__Clostridia,o__Eubacteriales,f__Lachnospiraceae,g__Blautia,s__Blautia_obeum,t__SGB4811
k__Bacteria|p__Bacteroidetes|c__Bacteroidia|o__Bacteroidales|f__Tannerellaceae|g__Parabacteroides|s__Parabacteroides_merdae|t__SGB1949,18,k__Bacteria,p__Bacteroidetes,c__Bacteroidia,o__Bacteroidales,f__Tannerellaceae,g__Parabacteroides,s__Parabacteroides_merdae,t__SGB1949
k__Bacteria|p__Bacteroidetes|c__Bacteroidia|o__Bacteroidales|f__Bacteroidaceae|g__Bacteroides|s__Bacteroides_stercoris|t__SGB1830,17,k__Bacteria,p__Bacteroidetes,c__Bacteroidia,o__Bacteroidales,f__Bacteroidaceae,g__Bacteroides,s__Bacteroides_stercoris,t__SGB1830
k__Bacteria|p__Firmicutes|c__Clostridia|o__Eubacteriales|f__Lachnospiraceae|g__Blautia|s__Blautia_luti|t__SGB4832,6,k__Bacteria,p__Firmicutes,c__Clostridia,o__Eubacteriales,f__Lachnospiraceae,g__Blautia,s__Blautia_luti,t__SGB4832
k__Bacteria|p__Firmicutes|c__Clostridia|o__Eubacteriales|f__Lachnospiraceae|g__Anaerotignum|s__Anaerotignum_faecicola|t__SGB5190,12,k__Bacteria,p__Firmicutes,c__Clostridia,o__Eubacteriales,f__Lachnospiraceae,g__Anaerotignum,s__Anaerotignum_faecicola,t__SGB5190
k__Bacteria|p__Bacteroidetes|c__Bacteroidia|o__Bacteroidales|f__Tannerellaceae|g__Parabacteroides|s__Parabacteroides_distasonis|t__SGB1934,19,k__Bacteria,p__Bacteroidetes,c__Bacteroidia,o__Bacteroidales,f__Tannerellaceae,g__Parabacteroides,s__Parabacteroides_distasonis,t__SGB1934
k__Bacteria|p__Firmicutes|c__Firmicutes_unclassified|o__Firmicutes_unclassified|f__Firmicutes_unclassified|g__GGB9512|s__GGB9512_SGB14909|t__SGB14909,7,k__Bacteria,p__Firmicutes,c__Firmicutes_unclassified,o__Firmicutes_unclassified,f__Firmicutes_unclassified,g__GGB9512,s__GGB9512_SGB14909,t__SGB14909
k__Bacteria|p__Firmicutes|c__Clostridia|o__Eubacteriales|f__Lachnospiraceae|g__Dorea|s__Dorea_sp_AF36_15AT|t__SGB4552,19,k__Bacteria,p__Firmicutes,c__Clostridia,o__Eubacteriales,f__Lachnospiraceae,g__Dorea,s__Dorea_sp_AF36_15AT,t__SGB4552
k__Bacteria|p__Firmicutes|c__Clostridia|o__Eubacteriales|f__Lachnospiraceae|g__Blautia|s__Blautia_faecis|t__SGB4820,17,k__Bacteria,p__Firmicutes,c__Clostridia,o__Eubacteriales,f__Lachnospiraceae,g__Blautia,s__Blautia_faecis,t__SGB4820
k__Bacteria|p__Firmicutes|c__Clostridia|o__Eubacteriales|f__Lachnospiraceae|g__Anaerobutyricum|s__Anaerobutyricum_soehngenii|t__SGB4537,9,k__Bacteria,p__Firmicutes,c__Clostridia,o__Eubacteriales,f__Lachnospiraceae,g__Anaerobutyricum,s__Anaerobutyricum_soehngenii,t__SGB4537
k__Bacteria|p__Firmicutes|c__Bacilli|o__Lactobacillales|f__Streptococcaceae|g__Streptococcus|s__Streptococcus_thermophilus|t__SGB8002,11,k__Bacteria,p__Firmicutes,c__Bacilli,o__Lactobacillales,f__Streptococcaceae,g__Streptococcus,s__Streptococcus_thermophilus,t__SGB8002
k__Bacteria|p__Firmicutes|c__Clostridia|o__Eubacteriales|f__Lachnospiraceae|g__Blautia|s__Blautia_glucerasea|t__SGB4816,9,k__Bacteria,p__Firmicutes,c__Clostridia,o__Eubacteriales,f__Lachnospiraceae,g__Blautia,s__Blautia_glucerasea,t__SGB4816
k__Bacteria|p__Firmicutes|c__Clostridia|o__Eubacteriales|f__Lachnospiraceae|g__Dorea|s__Dorea_sp_AF24_7LB|t__SGB4571,10,k__Bacteria,p__Firmicutes,c__Clostridia,o__Eubacteriales,f__Lachnospiraceae,g__Dorea,s__Dorea_sp_AF24_7LB,t__SGB4571
k__Bacteria|p__Bacteroidetes|c__Bacteroidia|o__Bacteroidales|f__Barnesiellaceae|g__Barnesiella|s__Barnesiella_intestinihominis|t__SGB1965,12,k__Bacteria,p__Bacteroidetes,c__Bacteroidia,o__Bacteroidales,f__Barnesiellaceae,g__Barnesiella,s__Barnesiella_intestinihominis,t__SGB1965
k__Bacteria|p__Firmicutes|c__Clostridia|o__Eubacteriales|f__Oscillospiraceae|g__Ruminococcus|s__Ruminococcus_sp_AF41_9|t__SGB25497,9,k__Bacteria,p__Firmicutes,c__Clostridia,o__Eubacteriales,f__Oscillospiraceae,g__Ruminococcus,s__Ruminococcus_sp_AF41_9,t__SGB25497
k__Bacteria|p__Bacteroidetes|c__Bacteroidia|o__Bacteroidales|f__Odoribacteraceae|g__Odoribacter|s__Odoribacter_splanchnicus|t__SGB1790,10,k__Bacteria,p__Bacteroidetes,c__Bacteroidia,o__Bacteroidales,f__Odoribacteraceae,g__Odoribacter,s__Odoribacter_splanchnicus,t__SGB1790
k__Bacteria|p__Firmicutes|c__Clostridia|o__Eubacteriales|f__Oscillospiraceae|g__Vescimonas|s__Vescimonas_coprocola|t__SGB15089,21,k__Bacteria,p__Firmicutes,c__Clostridia,o__Eubacteriales,f__Oscillospiraceae,g__Vescimonas,s__Vescimonas_coprocola,t__SGB15089
k__Bacteria|p__Firmicutes|c__Clostridia|o__Eubacteriales|f__Oscillospiraceae|g__GGB9635|s__GGB9635_SGB15106|t__SGB15106,8,k__Bacteria,p__Firmicutes,c__Clostridia,o__Eubacteriales,f__Oscillospiraceae,g__GGB9635,s__GGB9635_SGB15106,t__SGB15106
k__Bacteria|p__Bacteroidetes|c__Bacteroidia|o__Bacteroidales|f__Rikenellaceae|g__Alistipes|s__Alistipes_ihumii|t__SGB2328,8,k__Bacteria,p__Bacteroidetes,c__Bacteroidia,o__Bacteroidales,f__Rikenellaceae,g__Alistipes,s__Alistipes_ihumii,t__SGB2328
k__Bacteria|p__Firmicutes|c__CFGB1354|o__OFGB1354|f__FGB1354|g__GGB3304|s__GGB3304_SGB4367|t__SGB4367,5,k__Bacteria,p__Firmicutes,c__CFGB1354,o__OFGB1354,f__FGB1354,g__GGB3304,s__GGB3304_SGB4367,t__SGB4367
k__Bacteria|p__Firmicutes|c__Clostridia|o__Eubacteriales|f__Oscillospiraceae|g__Dysosmobacter|s__Dysosmobacter_sp_BX15|t__SGB15053,17,k__Bacteria,p__Firmicutes,c__Clostridia,o__Eubacteriales,f__Oscillospiraceae,g__Dysosmobacter,s__Dysosmobacter_sp_BX15,t__SGB15053
k__Bacteria|p__Firmicutes|c__Clostridia|o__Eubacteriales|f__Oscillospiraceae|g__GGB9634|s__GGB9634_SGB15093|t__SGB15093,8,k__Bacteria,p__Firmicutes,c__Clostridia,o__Eubacteriales,f__Oscillospiraceae,g__GGB9634,s__GGB9634_SGB15093,t__SGB15093
k__Bacteria|p__Firmicutes|c__Clostridia|o__Eubacteriales|f__Oscillospiraceae|g__Oscillospiraceae_unclassified|s__Oscillospiraceae_unclassified_SGB15256|t__SGB15256,5,k__Bacteria,p__Firmicutes,c__Clostridia,o__Eubacteriales,f__Oscillospiraceae,g__Oscillospiraceae_unclassified,s__Oscillospiraceae_unclassified_SGB15256,t__SGB15256
k__Bacteria|p__Firmicutes|c__Clostridia|o__Eubacteriales|f__Lachnospiraceae|g__Mediterraneibacter|s__Ruminococcus_lactaris|t__SGB4557,10,k__Bacteria,p__Firmicutes,c__Clostridia,o__Eubacteriales,f__Lachnospiraceae,g__Mediterraneibacter,s__Ruminococcus_lactaris,t__SGB4557
k__Bacteria|p__Proteobacteria|c__Deltaproteobacteria|o__Desulfovibrionales|f__Desulfovibrionaceae|g__Bilophila|s__Bilophila_wadsworthia|t__SGB15452,5,k__Bacteria,p__Proteobacteria,c__Deltaproteobacteria,o__Desulfovibrionales,f__Desulfovibrionaceae,g__Bilophila,s__Bilophila_wadsworthia,t__SGB15452
k__Bacteria|p__Firmicutes|c__Clostridia|o__Eubacteriales|f__Lachnospiraceae|g__Roseburia|s__Roseburia_sp_AF02_12|t__SGB4938,5,k__Bacteria,p__Firmicutes,c__Clostridia,o__Eubacteriales,f__Lachnospiraceae,g__Roseburia,s__Roseburia_sp_AF02_12,t__SGB4938
k__Bacteria|p__Bacteroidetes|c__Bacteroidia|o__Bacteroidales|f__Rikenellaceae|g__Alistipes|s__Alistipes_putredinis|t__SGB2318,33,k__Bacteria,p__Bacteroidetes,c__Bacteroidia,o__Bacteroidales,f__Rikenellaceae,g__Alistipes,s__Alistipes_putredinis,t__SGB2318
k__Bacteria|p__Bacteroidetes|c__Bacteroidia|o__Bacteroidales|f__Rikenellaceae|g__Alistipes|s__Alistipes_onderdonkii|t__SGB2303,16,k__Bacteria,p__Bacteroidetes,c__Bacteroidia,o__Bacteroidales,f__Rikenellaceae,g__Alistipes,s__Alistipes_onderdonkii,t__SGB2303
k__Bacteria|p__Firmicutes|c__CFGB4806|o__OFGB4806|f__FGB4806|g__GGB51647|s__GGB51647_SGB4348|t__SGB4348,10,k__Bacteria,p__Firmicutes,c__CFGB4806,o__OFGB4806,f__FGB4806,g__GGB51647,s__GGB51647_SGB4348,t__SGB4348
k__Bacteria|p__Firmicutes|c__Clostridia|o__Eubacteriales|f__Eubacteriales_unclassified|g__Evtepia|s__Evtepia_gabavorous|t__SGB15120,21,k__Bacteria,p__Firmicutes,c__Clostridia,o__Eubacteriales,f__Eubacteriales_unclassified,g__Evtepia,s__Evtepia_gabavorous,t__SGB15120
k__Bacteria|p__Firmicutes|c__Clostridia|o__Eubacteriales|f__Oscillospiraceae|g__GGB3343|s__GGB3343_SGB4423|t__SGB4423,5,k__Bacteria,p__Firmicutes,c__Clostridia,o__Eubacteriales,f__Oscillospiraceae,g__GGB3343,s__GGB3343_SGB4423,t__SGB4423
k__Bacteria|p__Firmicutes|c__Clostridia|o__Eubacteriales|f__Oscillospiraceae|g__GGB9699|s__GGB9699_SGB15216|t__SGB15216,7,k__Bacteria,p__Firmicutes,c__Clostridia,o__Eubacteriales,f__Oscillospiraceae,g__GGB9699,s__GGB9699_SGB15216,t__SGB15216
k__Bacteria|p__Firmicutes|c__Clostridia|o__Eubacteriales|f__Clostridiaceae|g__Clostridiaceae_unclassified|s__Clostridiaceae_bacterium_Marseille_Q4149|t__SGB15091,11,k__Bacteria,p__Firmicutes,c__Clostridia,o__Eubacteriales,f__Clostridiaceae,g__Clostridiaceae_unclassified,s__Clostridiaceae_bacterium_Marseille_Q4149,t__SGB15091
k__Bacteria|p__Firmicutes|c__Clostridia|o__Eubacteriales|f__Oscillospiraceae|g__GGB9708|s__GGB9708_SGB15234|t__SGB15234,5,k__Bacteria,p__Firmicutes,c__Clostridia,o__Eubacteriales,f__Oscillospiraceae,g__GGB9708,s__GGB9708_SGB15234,t__SGB15234
k__Bacteria|p__Firmicutes|c__Clostridia|o__Eubacteriales|f__Clostridiaceae|g__Clostridium|s__Clostridium_sp_AM49_4BH|t__SGB4652,9,k__Bacteria,p__Firmicutes,c__Clostridia,o__Eubacteriales,f__Clostridiaceae,g__Clostridium,s__Clostridium_sp_AM49_4BH,t__SGB4652
k__Bacteria|p__Firmicutes|c__Clostridia|o__Eubacteriales|f__Clostridiaceae|g__Butyricicoccus|s__Butyricicoccus_sp_AM29_23AC|t__SGB14991,8,k__Bacteria,p__Firmicutes,c__Clostridia,o__Eubacteriales,f__Clostridiaceae,g__Butyricicoccus,s__Butyricicoccus_sp_AM29_23AC,t__SGB14991
k__Bacteria|p__Verrucomicrobia|c__Verrucomicrobiae|o__Verrucomicrobiales|f__Akkermansiaceae|g__Akkermansia|s__Akkermansia_muciniphila|t__SGB9226,9,k__Bacteria,p__Verrucomicrobia,c__Verrucomicrobiae,o__Verrucomicrobiales,f__Akkermansiaceae,g__Akkermansia,s__Akkermansia_muciniphila,t__SGB9226
k__Bacteria|p__Firmicutes|c__Clostridia|o__Eubacteriales|f__Oscillospiraceae|g__Faecalibacterium|s__Faecalibacterium_prausnitzii|t__SGB15322,10,k__Bacteria,p__Firmicutes,c__Clostridia,o__Eubacteriales,f__Oscillospiraceae,g__Faecalibacterium,s__Faecalibacterium_prausnitzii,t__SGB15322
k__Bacteria|p__Firmicutes|c__Clostridia|o__Eubacteriales|f__Oscillospiraceae|g__Ruminococcus|s__Ruminococcus_callidus|t__SGB4422,5,k__Bacteria,p__Firmicutes,c__Clostridia,o__Eubacteriales,f__Oscillospiraceae,g__Ruminococcus,s__Ruminococcus_callidus,t__SGB4422
k__Bacteria|p__Firmicutes|c__Clostridia|o__Eubacteriales|f__Clostridiaceae|g__Clostridium|s__Clostridium_sp_AF36_4|t__SGB4644,7,k__Bacteria,p__Firmicutes,c__Clostridia,o__Eubacteriales,f__Clostridiaceae,g__Clostridium,s__Clostridium_sp_AF36_4,t__SGB4644
k__Bacteria|p__Firmicutes|c__Clostridia|o__Eubacteriales|f__Lachnospiraceae|g__Blautia|s__Blautia_faecicola|t__SGB4867,5,k__Bacteria,p__Firmicutes,c__Clostridia,o__Eubacteriales,f__Lachnospiraceae,g__Blautia,s__Blautia_faecicola,t__SGB4867
k__Bacteria|p__Firmicutes|c__Clostridia|o__Eubacteriales|f__Oscillospiraceae|g__Faecalibacterium|s__Faecalibacterium_SGB15315|t__SGB15315,13,k__Bacteria,p__Firmicutes,c__Clostridia,o__Eubacteriales,f__Oscillospiraceae,g__Faecalibacterium,s__Faecalibacterium_SGB15315,t__SGB15315
k__Bacteria|p__Bacteroidetes|c__Bacteroidia|o__Bacteroidales|f__Bacteroidaceae|g__Bacteroides|s__Bacteroides_cellulosilyticus|t__SGB1844,7,k__Bacteria,p__Bacteroidetes,c__Bacteroidia,o__Bacteroidales,f__Bacteroidaceae,g__Bacteroides,s__Bacteroides_cellulosilyticus,t__SGB1844
k__Bacteria|p__Firmicutes|c__Clostridia|o__Eubacteriales|f__Eubacteriaceae|g__GGB3277|s__GGB3277_SGB4327|t__SGB4327,5,k__Bacteria,p__Firmicutes,c__Clostridia,o__Eubacteriales,f__Eubacteriaceae,g__GGB3277,s__GGB3277_SGB4327,t__SGB4327
k__Bacteria|p__Firmicutes|c__Clostridia|o__Eubacteriales|f__Oscillospiraceae|g__GGB9715|s__GGB9715_SGB15265|t__SGB15265,7,k__Bacteria,p__Firmicutes,c__Clostridia,o__Eubacteriales,f__Oscillospiraceae,g__GGB9715,s__GGB9715_SGB15265,t__SGB15265
k__Bacteria|p__Firmicutes|c__Clostridia|o__Eubacteriales|f__Lachnospiraceae|g__Mediterraneibacter|s__Ruminococcus_torques|t__SGB4608,13,k__Bacteria,p__Firmicutes,c__Clostridia,o__Eubacteriales,f__Lachnospiraceae,g__Mediterraneibacter,s__Ruminococcus_torques,t__SGB4608
k__Bacteria|p__Bacteroidetes|c__Bacteroidia|o__Bacteroidales|f__Bacteroidaceae|g__Phocaeicola|s__Phocaeicola_dorei|t__SGB1815,12,k__Bacteria,p__Bacteroidetes,c__Bacteroidia,o__Bacteroidales,f__Bacteroidaceae,g__Phocaeicola,s__Phocaeicola_dorei,t__SGB1815
k__Bacteria|p__Firmicutes|c__Clostridia|o__Clostridiales|f__Clostridiales_unclassified|g__Lawsonibacter|s__Lawsonibacter_asaccharolyticus|t__SGB15154,12,k__Bacteria,p__Firmicutes,c__Clostridia,o__Clostridiales,f__Clostridiales_unclassified,g__Lawsonibacter,s__Lawsonibacter_asaccharolyticus,t__SGB15154
k__Bacteria|p__Firmicutes|c__Clostridia|o__Eubacteriales|f__Oscillospiraceae|g__Flavonifractor|s__Flavonifractor_plautii|t__SGB15132,10,k__Bacteria,p__Firmicutes,c__Clostridia,o__Eubacteriales,f__Oscillospiraceae,g__Flavonifractor,s__Flavonifractor_plautii,t__SGB15132
k__Bacteria|p__Firmicutes|c__Clostridia|o__Eubacteriales|f__Clostridiaceae|g__Clostridiaceae_unclassified|s__Clostridiaceae_bacterium|t__SGB4721,9,k__Bacteria,p__Firmicutes,c__Clostridia,o__Eubacteriales,f__Clostridiaceae,g__Clostridiaceae_unclassified,s__Clostridiaceae_bacterium,t__SGB4721
k__Bacteria|p__Firmicutes|c__Clostridia|o__Eubacteriales|f__Oscillospiraceae|g__Dysosmobacter|s__Dysosmobacter_welbionis|t__SGB15078,8,k__Bacteria,p__Firmicutes,c__Clostridia,o__Eubacteriales,f__Oscillospiraceae,g__Dysosmobacter,s__Dysosmobacter_welbionis,t__SGB15078
k__Bacteria|p__Firmicutes|c__Erysipelotrichia|o__Erysipelotrichales|f__Erysipelotrichaceae|g__Holdemanella|s__Holdemanella_biformis|t__SGB6806,7,k__Bacteria,p__Firmicutes,c__Erysipelotrichia,o__Erysipelotrichales,f__Erysipelotrichaceae,g__Holdemanella,s__Holdemanella_biformis,t__SGB6806
k__Bacteria|p__Firmicutes|c__Clostridia|o__Eubacteriales|f__Oscillospiraceae|g__Ruthenibacterium|s__Ruthenibacterium_lactatiformans|t__SGB15271,6,k__Bacteria,p__Firmicutes,c__Clostridia,o__Eubacteriales,f__Oscillospiraceae,g__Ruthenibacterium,s__Ruthenibacterium_lactatiformans,t__SGB15271
k__Bacteria|p__Firmicutes|c__Clostridia|o__Eubacteriales|f__Lachnospiraceae|g__Mediterraneibacter|s__Ruminococcus_gnavus|t__SGB4584,5,k__Bacteria,p__Firmicutes,c__Clostridia,o__Eubacteriales,f__Lachnospiraceae,g__Mediterraneibacter,s__Ruminococcus_gnavus,t__SGB4584
k__Bacteria|p__Bacteroidetes|c__Bacteroidia|o__Bacteroidales|f__Bacteroidaceae|g__Bacteroides|s__Bacteroides_faecis|t__SGB1860,10,k__Bacteria,p__Bacteroidetes,c__Bacteroidia,o__Bacteroidales,f__Bacteroidaceae,g__Bacteroides,s__Bacteroides_faecis,t__SGB1860
k__Bacteria|p__Firmicutes|c__Negativicutes|o__Acidaminococcales|f__Acidaminococcaceae|g__Phascolarctobacterium|s__Phascolarctobacterium_faecium|t__SGB5792,9,k__Bacteria,p__Firmicutes,c__Negativicutes,o__Acidaminococcales,f__Acidaminococcaceae,g__Phascolarctobacterium,s__Phascolarctobacterium_faecium,t__SGB5792
k__Bacteria|p__Firmicutes|c__Bacilli|o__Lactobacillales|f__Streptococcaceae|g__Streptococcus|s__Streptococcus_parasanguinis|t__SGB8071,6,k__Bacteria,p__Firmicutes,c__Bacilli,o__Lactobacillales,f__Streptococcaceae,g__Streptococcus,s__Streptococcus_parasanguinis,t__SGB8071
k__Bacteria|p__Firmicutes|c__Clostridia|o__Eubacteriales|f__Lachnospiraceae|g__Dorea|s__Dorea_longicatena|t__SGB4582,11,k__Bacteria,p__Firmicutes,c__Clostridia,o__Eubacteriales,f__Lachnospiraceae,g__Dorea,s__Dorea_longicatena,t__SGB4582
k__Bacteria|p__Bacteroidetes|c__Bacteroidia|o__Bacteroidales|f__Bacteroidaceae|g__Phocaeicola|s__Phocaeicola_massiliensis|t__SGB1812,10,k__Bacteria,p__Bacteroidetes,c__Bacteroidia,o__Bacteroidales,f__Bacteroidaceae,g__Phocaeicola,s__Phocaeicola_massiliensis,t__SGB1812
k__Bacteria|p__Bacteroidetes|c__Bacteroidia|o__Bacteroidales|f__Prevotellaceae|g__Paraprevotella|s__Paraprevotella_clara|t__SGB1798,6,k__Bacteria,p__Bacteroidetes,c__Bacteroidia,o__Bacteroidales,f__Prevotellaceae,g__Paraprevotella,s__Paraprevotella_clara,t__SGB1798
k__Bacteria|p__Bacteroidetes|c__CFGB1670|o__OFGB1670|f__FGB1670|g__GGB47687|s__GGB47687_SGB2286|t__SGB2286,5,k__Bacteria,p__Bacteroidetes,c__CFGB1670,o__OFGB1670,f__FGB1670,g__GGB47687,s__GGB47687_SGB2286,t__SGB2286
k__Bacteria|p__Firmicutes|c__Negativicutes|o__Acidaminococcales|f__Acidaminococcaceae|g__Phascolarctobacterium|s__Phascolarctobacterium_succinatutens|t__SGB5763_group,6,k__Bacteria,p__Firmicutes,c__Negativicutes,o__Acidaminococcales,f__Acidaminococcaceae,g__Phascolarctobacterium,s__Phascolarctobacterium_succinatutens,t__SGB5763_group
k__Bacteria|p__Firmicutes|c__Clostridia|o__Eubacteriales|f__Lachnospiraceae|g__Blautia|s__Blautia_sp_Marseille_P3087|t__SGB4813,6,k__Bacteria,p__Firmicutes,c__Clostridia,o__Eubacteriales,f__Lachnospiraceae,g__Blautia,s__Blautia_sp_Marseille_P3087,t__SGB4813
k__Bacteria|p__Bacteroidetes|c__Bacteroidia|o__Bacteroidales|f__Bacteroidaceae|g__Bacteroides|s__Bacteroides_ovatus|t__SGB1871,7,k__Bacteria,p__Bacteroidetes,c__Bacteroidia,o__Bacteroidales,f__Bacteroidaceae,g__Bacteroides,s__Bacteroides_ovatus,t__SGB1871
k__Bacteria|p__Bacteroidetes|c__Bacteroidia|o__Bacteroidales|f__Bacteroidaceae|g__Bacteroides|s__Bacteroides_eggerthii|t__SGB1829,5,k__Bacteria,p__Bacteroidetes,c__Bacteroidia,o__Bacteroidales,f__Bacteroidaceae,g__Bacteroides,s__Bacteroides_eggerthii,t__SGB1829
k__Bacteria|p__Actinobacteria|c__Actinomycetia|o__Bifidobacteriales|f__Bifidobacteriaceae|g__Bifidobacterium|s__Bifidobacterium_pseudocatenulatum|t__SGB17237,7,k__Bacteria,p__Actinobacteria,c__Actinomycetia,o__Bifidobacteriales,f__Bifidobacteriaceae,g__Bifidobacterium,s__Bifidobacterium_pseudocatenulatum,t__SGB17237
k__Bacteria|p__Firmicutes|c__Clostridia|o__Eubacteriales|f__Lachnospiraceae|g__Blautia|s__Blautia_obeum|t__SGB4810,8,k__Bacteria,p__Firmicutes,c__Clostridia,o__Eubacteriales,f__Lachnospiraceae,g__Blautia,s__Blautia_obeum,t__SGB4810
k__Bacteria|p__Bacteroidetes|c__Bacteroidia|o__Bacteroidales|f__Bacteroidaceae|g__GGB1387|s__GGB1387_SGB1895|t__SGB1895,6,k__Bacteria,p__Bacteroidetes,c__Bacteroidia,o__Bacteroidales,f__Bacteroidaceae,g__GGB1387,s__GGB1387_SGB1895,t__SGB1895
