sample_id,total_abundance,richness,shannon,simpson
Nottingham_11A_S19,999999.72348,246,2.93381984094832,1.76508189927246
Nottingham_11B_S20,999999.928341,264,3.05500904932576,1.73367386951965
Nottingham_11C_S21,999999.327366,274,3.0353343017126,1.80592602269374
Nottingham_14A_S22,999999.341274,269,2.84474091243138,1.73788411011904
Nottingham_15A_S23,999999.240651,310,2.9480159707781,1.80755835691533
Nottingham_15B_S24,999999.97828,288,2.89267750035989,1.80085891910196
Nottingham_15C_S25,1000000.045253,273,2.83193994162686,1.81341856658541
Nottingham_16A_S26,1000000.02023,242,2.95671713075781,1.81235036117595
Nottingham_16B_S27,1000000.44756,270,3.18968424876754,1.86769442455816
Nottingham_16C_S28,1000000.57784,249,2.91006628684198,1.71687509587946
Nottingham_18A_S29,1000000.00893,277,2.95749515627989,1.63775081164646
Nottingham_18B_S30,1000000.30712,260,2.94459463644539,1.70438058549301
Nottingham_18C_S31,1000000.294699,307,3.02199206007602,1.70063270147658
Nottingham_19A_S32,1000000.50586,259,2.86190057999118,1.74735249384909
Nottingham_20A_S33,999999.870778,280,3.00924994808158,1.80733885707958
Nottingham_20B_S34,999999.740961,359,3.18890948906599,1.66518985241233
Nottingham_20C_S35,999999.59046,269,3.02145184759564,1.70528954751186
Nottingham_21A_S36,999999.570398,351,2.9861842954447,1.83231244011097
Nottingham_21B_S37,1000000.301139,321,3.00394250545201,1.76501653412639
Nottingham_21C_S38,999999.95174,200,3.08381614538004,1.83245801120703
Nottingham_22A_S39,999999.55894,276,2.87387343448963,1.67828005526215
Nottingham_22B_S40,999999.560217,303,3.06991848523516,1.73257926288752
Nottingham_22C_S41,999999.7594,227,3.14997804970322,1.84000584118674
Nottingham_23a_S42,1000000.03019,277,3.00787799848367,1.79644721566325
Nottingham_3A_S1,999999.60984,267,2.74732935117611,1.62064474439423
Nottingham_3B_S2,1000000.2499,280,2.81076954939983,1.66561607456125
Nottingham_3c_S3,999999.560749,267,2.80300765448914,1.58891732491754
Nottingham_4a_S4,999999.915591,334,2.99702632919143,1.78756353189982
Nottingham_4b_S5,1000000.154723,295,2.95300179184691,1.77834437772238
Nottingham_4c_S6,999999.883212,306,2.94927731665555,1.80335264859075
Nottingham_5A_S7,1000000.78051,317,2.87869757895743,1.70650300986089
Nottingham_5B_S8,999999.599765,297,2.90872701610665,1.67636897733935
Nottingham_5C_S9,999999.41055,269,2.95361721210505,1.70615216986347
Nottingham_6A_S10,1000000.02613,272,2.96710384357675,1.70024005543352
Nottingham_6B_S11,999999.47178,289,2.96512321605638,1.70845829160364
Nottingham_6C_S12,1000000.27471,260,3.1398867835023,1.87957382237504
Nottingham_7A_S13,1000000.30463,334,2.73314267547038,1.54503185434636
Nottingham_7B_S14,999999.14899,290,2.68787222224751,1.51011565163346
Nottingham_7C_S15,999999.5006514,353,2.89329677195054,1.58607679448851
Nottingham_9A_S16,999999.62969,267,2.91595038083818,1.70493812917216
Nottingham_9B_S17,1000000.66887,264,2.88135602814705,1.63285735879295
Nottingham_9C_S18,999999.87337,254,2.91588804773468,1.68164389236397
