"sample_id","participant_id","block_code","block_letter","timepoint","status","turmeric_group","turmeric_status"
"Nottingham_11A_S19","11","11A","A","Baseline","Turmeric 3 months","Control","Not taken"
"Nottingham_11B_S20","11","11B","B","2_weeks","Turmeric 3 months","Control","Not taken"
"Nottingham_11C_S21","11","11C","C","6_months","Turmeric 3 months","Stopped","Not taken"
"Nottingham_14A_S22","14","14A","A","Baseline","Baseline sample only","Control","Not taken"
"Nottingham_15A_S23","15","15A","A","Baseline","Turmeric 6 months","Treatment","Not taken"
"Nottingham_15B_S24","15","15B","B","2_weeks","Turmeric 6 months","Treatment","Not taken"
"Nottingham_15C_S25","15","15C","C","6_months","Turmeric 6 months","Treatment","Taken"
"Nottingham_16A_S26","16","16A","A","Baseline","Turmeric 6 months","Treatment","Not taken"
"Nottingham_16B_S27","16","16B","B","2_weeks","Turmeric 6 months","Treatment","Not taken"
"Nottingham_16C_S28","16","16C","C","6_months","Turmeric 6 months","Treatment","Taken"
"Nottingham_18A_S29","18","18A","A","Baseline","Didn't take turmeric","Control","Not taken"
"Nottingham_18B_S30","18","18B","B","2_weeks","Didn't take turmeric","Control","Not taken"
"Nottingham_18C_S31","18","18C","C","6_months","Didn't take turmeric","Control","Not taken"
"Nottingham_19A_S32","19","19A","A","Baseline","Baseline sample only","Control","Not taken"
"Nottingham_20A_S33","20","20A","A","Baseline","Turmeric 3 months","Control","Not taken"
"Nottingham_20B_S34","20","20B","B","2_weeks","Turmeric 3 months","Control","Not taken"
"Nottingham_20C_S35","20","20C","C","6_months","Turmeric 3 months","Stopped","Not taken"
"Nottingham_21A_S36","21","21A","A","Baseline","Turmeric 6 months","Treatment","Not taken"
"Nottingham_21B_S37","21","21B","B","2_weeks","Turmeric 6 months","Treatment","Not taken"
"Nottingham_21C_S38","21","21C","C","6_months","Turmeric 6 months","Treatment","Taken"
"Nottingham_22A_S39","22","22A","A","Baseline","Turmeric 6 months","Treatment","Not taken"
"Nottingham_22B_S40","22","22B","B","2_weeks","Turmeric 6 months","Treatment","Not taken"
"Nottingham_22C_S41","22","22C","C","6_months","Turmeric 6 months","Treatment","Taken"
"Nottingham_23a_S42","23","23a","A","Baseline","Baseline sample only","Control","Not taken"
"Nottingham_3A_S1","3","3A","A","Baseline","Didn't take turmeric","Control","Not taken"
"Nottingham_3B_S2","3","3B","B","2_weeks","Didn't take turmeric","Control","Not taken"
"Nottingham_3c_S3","3","3c","C","6_months","Didn't take turmeric","Control","Not taken"
"Nottingham_4a_S4","4","4a","A","Baseline","Turmeric 6 months","Treatment","Not taken"
"Nottingham_4b_S5","4","4b","B","2_weeks","Turmeric 6 months","Treatment","Not taken"
"Nottingham_4c_S6","4","4c","C","6_months","Turmeric 6 months","Treatment","Taken"
"Nottingham_5A_S7","5","5A","A","Baseline","Turmeric 6 months","Treatment","Not taken"
"Nottingham_5B_S8","5","5B","B","2_weeks","Turmeric 6 months","Treatment","Not taken"
"Nottingham_5C_S9","5","5C","C","6_months","Turmeric 6 months","Treatment","Taken"
"Nottingham_6A_S10","6","6A","A","Baseline","Didn't take turmeric","Control","Not taken"
"Nottingham_6B_S11","6","6B","B","2_weeks","Didn't take turmeric","Control","Not taken"
"Nottingham_6C_S12","6","6C","C","6_months","Didn't take turmeric","Control","Not taken"
"Nottingham_7A_S13","7","7A","A","Baseline","Turmeric 6 months","Treatment","Not taken"
"Nottingham_7B_S14","7","7B","B","2_weeks","Turmeric 6 months","Treatment","Not taken"
"Nottingham_7C_S15","7","7C","C","6_months","Turmeric 6 months","Treatment","Taken"
"Nottingham_9A_S16","9","9A","A","Baseline","Turmeric 6 months","Treatment","Not taken"
"Nottingham_9B_S17","9","9B","B","2_weeks","Turmeric 6 months","Treatment","Not taken"
"Nottingham_9C_S18","9","9C","C","6_months","Turmeric 6 months","Treatment","Taken"
