clade_name	Nottingham_11A_S19	Nottingham_11B_S20	Nottingham_11C_S21	Nottingham_14A_S22	Nottingham_15A_S23	Nottingham_15B_S24	Nottingham_15C_S25	Nottingham_16A_S26	Nottingham_16B_S27	Nottingham_16C_S28	Nottingham_18A_S29	Nottingham_18B_S30	Nottingham_18C_S31	Nottingham_19A_S32	Nottingham_20A_S33	Nottingham_20B_S34	Nottingham_20C_S35	Nottingham_21A_S36	Nottingham_21B_S37	Nottingham_21C_S38	Nottingham_22A_S39	Nottingham_22B_S40	Nottingham_22C_S41	Nottingham_23a_S42	Nottingham_3A_S1	Nottingham_3B_S2	Nottingham_3c_S3	Nottingham_4a_S4	Nottingham_4b_S5	Nottingham_4c_S6	Nottingham_5A_S7	Nottingham_5B_S8	Nottingham_5C_S9	Nottingham_6A_S10	Nottingham_6B_S11	Nottingham_6C_S12	Nottingham_7A_S13	Nottingham_7B_S14	Nottingham_7C_S15	Nottingham_9A_S16	Nottingham_9B_S17	Nottingham_9C_S18	Nottingham_CnEG_S43	Nottingham_NegLP_S44
s__Faecalibacterium_prausnitzii	19.85779	22.88253	12.08617	12.52353	24.27077	10.3762	28.42686	18.55078	14.35651	11.00852	10.75787	23.28773	7.61642	29.42192	23.10783	12.53551	26.08531	1.65673	5.01457	20.30402	9.50047	11.67763	2.21557	17.01702	23.75027	25.41237	23.33081	13.58343	6.24412	13.87712	24.30532	19.66823	10.43414	11.00015	18.90389	36.54239	10.07188	5.27563	9.41635	8.03609	10.28008	16.59658	0.0	0.0
s__Prevotella_copri_clade_C	9.26141	1.2975	0.6631	0.0	0.0	0.0	0.0	0.0	0.0	0.0	0.0	0.0	0.0	0.0	0.0	0.0	0.0	0.0	0.0	0.0	0.0	0.0	0.0	0.0	0.0	0.0	0.0	9.74799	4.3625	2.19513	0.0	0.0	0.0	0.0	0.0	0.0	0.0	0.0	0.0	0.0	0.0	0.0	0.0	0.0
s__Roseburia_faecis	8.94857	2.18057	4.16223	0.92102	2.98887	0.63089	0.05482	4.82536	0.03396	3.44067	0.00641	0.41803	0.01348	1.46763	0.41565	0.12019	4.69584	0.0	0.02476	0.15765	0.0	0.0	0.0	4.93209	0.0	0.0	0.0	0.0	0.0	0.11314	0.25383	5.97479	0.0	0.0	0.0	3.73966	0.0	0.02455	0.0	0.60307	1.43299	0.0	0.0	0.0
s__Fusicatenibacter_saccharivorans	6.84365	5.62495	6.52806	6.31405	5.77128	5.71078	3.6147	0.0	0.0	10.19564	20.94689	9.39001	9.38119	7.66614	11.63619	6.46436	16.82427	2.57284	6.05632	4.44592	13.07389	14.96904	3.17334	4.16162	0.0	0.0	0.0	0.83592	2.44581	3.79798	4.33673	13.26791	0.0	11.21514	10.03809	2.2732	16.39028	13.39514	17.43059	23.68102	10.5993	18.89762	0.0	0.0
s__GGB3256_SGB4303	6.40852	7.93731	8.10439	0.0	1.51657	1.85979	2.88053	0.0	0.0	0.0	0.0	0.0	3.22333	0.0	0.0	0.11879	0.0	3.87219	4.42282	4.1965	0.0	0.0	0.0	4.28522	0.0	0.0	0.0	0.0	0.0	0.0	0.0	0.0	0.0	0.0	0.0	0.0	0.0	0.0	0.0	0.0	0.0	0.0	0.0	0.0
s__Bifidobacterium_longum	6.21611	9.65396	6.28468	11.69163	4.70062	4.54477	2.11195	0.0	0.11937	0.0	8.59589	14.03385	13.83454	0.0	3.05877	0.85626	3.98528	7.36509	4.4628	14.27756	0.00642	1.24191	0.19942	1.75765	1.68114	1.23073	1.56634	2.53609	2.24944	0.57567	1.06801	2.97563	1.40201	13.60035	10.61328	8.22982	29.15783	40.39378	26.54086	0.0	0.0	4.67891	0.0	0.0
s__Dialister_invisus	4.24028	3.71487	3.94534	0.49629	0.79662	2.89636	1.05041	0.0	0.0	0.17206	0.0	0.0	0.0	0.09648	0.0	0.0	0.0	0.00138	0.0	0.0	0.0	0.0	0.0	0.0	0.0	0.0	0.0	1.98971	4.01771	0.01132	0.0	0.0	0.0	0.0	0.0	0.0	0.0	0.0	0.01345	0.0	0.0	0.0	0.0	0.0
s__Ligilactobacillus_ruminis	3.47359	4.80495	1.18369	0.0	0.0	0.0	0.0	0.25744	0.40139	0.05341	0.0	0.0	0.0	0.0	0.0	0.0	0.0	0.0	0.0	0.0	0.0	0.0	0.0	0.0	0.0	0.0	0.0	0.0	0.0	0.0	0.0	0.0	0.0	0.0	0.0	0.0	0.0	0.0	0.0	0.0	0.0	0.0	0.0	0.0
s__Bifidobacterium_bifidum	3.37667	7.95929	4.74094	0.0	0.0	0.0	0.0	0.0	0.0	5.44003	0.0	0.0	0.02199	0.0	2.88943	0.0	3.16876	0.0	0.0	0.0	0.0	0.0	0.0	0.0	0.0	0.0	0.0	0.0	0.0	0.0	0.08364	0.42573	0.0	0.0	0.0	0.0	0.0	0.0	0.0	0.07498	0.0	0.0	0.0	0.0
s__GGB1266_SGB1699	2.99281	0.6597	1.70855	0.0	11.91243	9.35144	11.27767	0.0	0.0	0.0	2.91547	1.27792	0.78736	0.0	0.0	0.00406	0.0	0.04141	0.0	0.0	0.0	0.0	0.0	0.56052	0.0	0.0	0.0	0.0	0.0	0.0	0.0	0.0	0.0	0.0	0.0	0.0	0.0	0.0	0.0	0.0	0.0	0.0	0.0	0.0
s__Blautia_sp_MSK_20_85	1.96911	2.5217	1.64719	0.00281	0.23332	1.37738	0.24754	0.83802	0.07513	2.01587	0.8234	0.25891	0.23576	0.0	0.01386	0.01114	0.0	0.0	0.0	0.0	0.22518	0.23967	0.9361	0.93274	4.10206	1.57662	3.65719	0.07998	0.21625	0.09537	0.00279	0.02205	0.02255	0.56638	0.15715	0.44017	0.0	0.0	0.0	0.00503	0.0	0.0	0.0	0.0
s__Eubacterium_siraeum	1.57892	0.15844	0.12109	0.15201	0.0	0.0	0.01765	0.01388	0.00693	0.20552	0.0	0.0	0.0	0.0	0.02808	0.0	0.0	0.0	0.0	0.0	0.19401	0.02911	0.3225	0.0	0.0	0.0	0.0	0.0	0.01211	0.01287	0.0	0.0	0.0	0.0	0.00142	0.00242	0.0	0.0	0.0	0.00863	0.01434	0.0	0.0	0.0
s__Agathobaculum_butyriciproducens	1.53936	1.84883	1.39477	0.2851	0.24174	0.11153	0.16011	4.35558	2.86497	2.34871	0.28585	0.04523	0.02652	0.86884	1.28132	0.79866	1.38048	0.0	0.19911	0.68368	0.26866	0.77424	0.0	0.05921	1.49293	1.72856	1.60851	0.97874	2.22071	0.94365	0.9917	2.2433	0.90538	1.15674	1.92848	2.15217	0.63141	0.8736	1.59024	2.13988	0.65059	2.06213	0.0	0.0
s__Clostridium_sp_AF34_10BH	1.50472	0.01532	0.15268	0.05805	0.48055	1.38127	0.23819	0.17288	0.0367	0.52301	0.07537	0.00235	0.00027	0.44465	1.16255	0.01174	0.49962	0.0	0.0	0.0	0.39474	0.37099	0.0	0.35864	2.13489	1.26604	0.84889	0.27366	0.02001	0.16764	0.40689	0.73318	0.26257	0.0	0.0	0.0	0.02575	0.03685	0.07346	0.0	0.0	0.0	0.0	0.0
s__Ruminococcus_bicirculans	1.39814	0.08471	2.63004	0.06753	0.38205	1.09282	0.35503	0.0	0.0	0.0	0.15931	0.00106	1.26412	0.56806	0.0	0.0317	0.42175	0.27053	0.36346	0.0	0.0	0.0	0.0	1.28638	1.46317	0.84588	2.29031	0.2211	0.27183	0.04892	0.0	0.0	0.36666	0.01603	0.14142	0.25942	0.08802	0.02908	0.25688	0.0	0.0	0.10778	0.0	0.0
s__Coprococcus_eutactus	1.18676	0.32647	2.45777	1.70632	0.15261	0.32373	0.14141	0.0	0.0	0.0	0.1881	0.64665	0.69298	0.72203	2.27594	3.66547	0.30704	3.14358	5.40799	0.70428	0.0	0.0	3.02699	0.0	0.0	0.0	0.0	0.66893	0.36773	0.45204	0.70191	0.09582	0.0	0.0	0.0	0.0	0.0	0.0	0.0	0.0	0.0	0.0	0.0	0.0
s__Waltera_intestinalis	1.09854	0.3056	0.48561	0.0	0.01822	0.15641	0.17716	0.0	0.0	0.20699	0.0	0.0	0.04676	0.08223	0.31876	0.04579	0.00046	0.53455	0.80396	0.00356	0.0044	0.0	0.0	2.11006	0.0	0.0	0.0	0.11521	0.0202	0.03373	0.5673	0.26098	0.09049	0.01784	0.0673	0.0	0.0	0.0	0.0	1.20776	2.53409	0.01807	0.0	0.0
s__Dorea_longicatena	0.9767	1.43926	1.36997	0.28575	0.06802	1.00489	0.19488	1.81642	0.17341	1.49781	1.25648	0.22324	0.67381	0.18256	0.52236	1.05783	1.42854	0.3235	0.38142	0.0	2.18893	1.57585	7.02476	1.93877	0.0	0.0	0.64196	0.10453	0.57024	1.13494	0.48712	0.76313	0.3219	0.15927	0.04586	0.0	1.33312	2.22602	2.39134	1.13455	3.2054	0.70531	0.0	0.0
s__Blautia_wexlerae	0.93174	1.36939	1.03843	0.34245	0.136	0.69427	0.21365	1.63456	0.15056	2.73786	3.85329	0.82472	1.35878	0.33463	1.11574	2.73644	1.77454	0.90173	3.52912	0.04918	2.33275	3.93055	8.41905	2.01808	5.7832	1.44029	2.10604	0.32501	1.10718	1.65301	0.53256	1.24163	8.35433	2.27096	1.04307	0.42745	1.4747	2.8763	3.09044	3.00355	8.03135	4.14808	0.0	0.0
s__Eubacterium_rectale	0.87904	2.5009	9.678	2.89693	1.91006	5.52133	3.50997	8.4743	1.17742	11.37155	11.45261	4.52247	5.38318	3.92906	7.55787	16.32118	5.75523	3.71962	13.93971	0.34398	18.85282	15.59059	24.58521	12.04896	0.0	0.0	0.0	1.82434	1.83449	11.72139	2.72792	5.57677	12.46247	3.03154	5.72102	0.0511	5.39967	9.48263	25.87893	5.96605	6.80795	4.98025	0.0	0.0
s__Candidatus_Cibionibacter_quicibialis	0.87803	1.96777	1.89577	1.74845	5.32099	2.69848	4.95874	0.0	0.0	0.0	0.9178	5.32523	9.02897	18.90172	8.54738	7.62645	1.9882	0.0009	0.0	12.56093	0.36047	0.39803	0.61362	8.2944	0.0	0.0	0.0	2.89368	3.02338	9.02806	11.14234	6.11624	25.58962	1.88085	4.76439	3.03338	0.0	0.0	0.0	9.64511	0.8719	9.68924	0.0	0.0
s__GGB9468_SGB14861	0.80354	2.13453	1.71692	2.51459	9.28883	1.1334	1.47817	9.55107	20.88731	1.97986	0.49025	0.69086	1.62739	4.22332	2.59814	2.46369	1.27737	4.54175	1.88846	2.80412	0.4109	1.30193	1.14494	1.18106	6.35898	14.78398	6.13437	1.5924	8.79766	8.23546	0.84839	1.39328	4.93324	4.91854	2.03849	1.47213	0.0	0.0	0.0	6.63086	8.00665	1.02793	0.0	0.0
s__GGB9602_SGB15031	0.73911	0.71268	0.04437	0.37821	0.03719	0.044	0.47867	0.0	0.0	0.0	0.0	0.0	0.0	0.0	0.02193	0.45676	0.0	0.0	0.0	0.0	0.0	0.0	0.0	0.0	0.0	0.0	0.0	0.02369	0.0	0.05577	0.0	0.0	0.0	0.00978	0.10746	1.26587	0.0	0.0	0.0	0.0	0.0	0.0	0.0	0.0
s__GGB9758_SGB15368	0.72993	0.30548	0.93202	7.30233	4.43868	5.18272	6.05181	0.0	0.0	0.0	0.0	0.14912	0.81406	4.31802	3.36036	4.08049	0.01891	10.81658	9.02925	13.02469	1.8045	0.50747	1.25244	0.69326	0.0	0.0	0.0	1.51754	0.86266	0.60928	0.91926	0.07133	0.0	0.0	0.0	0.0	0.0	0.0	0.0	0.0	0.0	0.0	0.0	0.0
s__Roseburia_intestinalis	0.71444	0.0	0.0244	0.03816	0.38298	0.37852	0.07382	2.43808	0.00446	0.3827	0.0	0.0	0.14477	0.14294	1.22425	0.0	0.002	0.0559	0.31367	0.0	0.0	0.0	0.0	0.06986	4.43161	2.13604	5.09645	0.0	0.0	0.0	0.05448	1.12269	0.0	0.00842	0.10972	0.05757	0.01011	0.0	0.00532	0.84323	0.30454	0.2882	0.0	0.0
s__Adlercreutzia_equolifaciens	0.65333	1.47465	0.6505	0.21476	0.25141	0.22186	0.38276	1.21904	5.07094	0.59655	0.09	0.39942	0.35988	0.07429	0.60968	0.37479	0.74419	0.16008	0.463	0.90761	0.0	0.01817	0.06718	0.0	0.0	0.0	0.0	0.24283	0.30818	1.62052	0.11062	0.01798	0.01138	0.23492	0.31797	0.93279	0.0	0.0	0.01771	0.44096	0.10709	0.20908	0.0	0.0
s__Collinsella_bouchesdurhonensis	0.64589	2.19239	2.00938	0.0	0.0	0.0	0.0	0.0	0.0	0.0	0.0	0.0	0.0	0.0	0.0	0.0	0.0	0.0	0.0	0.0	0.0	0.0	0.0	0.0	0.0	0.0	0.0	0.34695	0.5903	0.34901	0.5014	0.56951	0.90134	0.0	0.0	0.0	0.0	0.0	0.0	0.0	0.0	0.0	0.0	0.0
s__Gemmiger_formicilis	0.63394	0.9412	0.90239	7.75282	9.91712	5.6969	9.16026	12.64656	14.36636	7.07713	3.64283	7.59841	5.17935	3.64251	3.36287	0.28173	3.59432	7.79247	5.68588	5.94376	1.14174	4.50569	4.97218	0.48006	2.02122	3.36877	3.07949	5.40125	6.05056	6.78883	5.03226	3.35359	1.50776	5.84022	4.54583	3.57159	1.49793	2.61425	2.26024	1.18123	1.11143	2.74321	0.0	0.0
s__Clostridium_fessum	0.59633	0.34094	0.58746	0.58105	0.24443	0.06219	0.6483	0.9245	0.05	0.36644	0.184	0.01348	0.08705	0.36502	0.23028	0.52513	0.62379	0.03688	0.17716	0.02478	0.74951	0.66164	0.0	0.02718	0.48066	1.17213	0.8023	0.26136	0.11465	0.02435	0.02056	0.20066	0.73074	0.08581	0.23914	0.10061	1.13702	0.97391	1.01939	0.33938	0.06192	0.08707	0.0	0.0
s__Blautia_massiliensis	0.51748	0.4723	0.37569	1.5403	0.14534	0.82387	0.09437	3.31344	0.79275	2.28373	2.8352	2.11535	2.17563	0.66019	0.83286	1.05884	3.30724	0.23783	1.22171	0.04611	0.35882	0.36265	1.07369	0.82904	0.0	0.0	0.0	1.0743	3.20555	2.27611	0.91099	1.64991	9.45259	2.74298	2.3359	0.31734	2.43758	3.58706	0.2887	2.83609	4.01846	4.70134	0.0	0.0
s__Faecalicatena_fissicatena	0.50856	0.34854	0.73503	0.54733	0.42906	0.28348	0.25951	0.0	0.0	0.0	2.26008	0.94511	0.22007	0.90639	0.18213	0.43906	0.15014	0.16157	0.80334	0.0	0.64722	0.60853	0.50185	0.80046	0.0	0.0	0.0	0.19035	0.44919	0.00504	0.28125	0.96928	1.96586	0.0	0.0	0.12001	0.07447	0.32038	1.75179	1.24847	0.23687	0.05222	0.0	0.0
s__Alistipes_shahii	0.42273	0.32519	0.99711	2.08826	0.1817	0.52107	0.66246	0.06482	2.60263	0.33236	0.0	0.00656	0.82364	0.28252	0.0	0.0	0.0	0.75421	0.77366	0.50388	0.59893	0.32815	0.02926	0.08558	0.01036	0.35161	0.6152	3.4559	0.35838	0.01136	1.26818	0.06707	0.09242	0.67119	0.34211	0.24509	0.0	0.0	0.0	0.32452	0.23477	0.0761	0.0	0.0
s__Lacrimispora_celerecrescens	0.36132	0.54108	0.48792	0.36118	0.0887	0.17186	0.03349	1.11327	0.02832	0.47872	2.36707	0.5535	0.82611	0.19474	0.19656	0.96454	0.56958	0.51041	0.91125	0.01272	0.94421	1.44325	1.96161	1.24171	0.0	0.0	0.0	0.26363	0.74332	1.41644	0.39249	0.74884	0.0	2.54522	0.63661	0.56588	0.0	0.0	0.0	1.79942	2.66718	3.39797	0.0	0.0
s__Oscillospiraceae_bacterium	0.36016	0.06912	0.32198	0.0	0.0	0.0	0.0	0.0	0.0	0.0	0.0	0.0	0.0	0.0	1.95428	0.36726	0.0	0.0	0.0	0.0	0.0	0.0	0.0	0.0	0.0	0.0	0.0	0.0	0.0	0.0	0.0	0.0	0.0	0.0	0.0	0.0	0.0	0.0	0.0	0.0	0.0	0.0	0.0	0.0
s__GGB3175_SGB4191	0.33145	0.03136	0.03824	0.0	0.39787	0.58669	0.00058	0.0	0.0	0.0	0.0	0.0	0.0	0.0	0.0	0.0	0.0	0.11273	0.15748	0.09843	0.0	0.0	0.07456	0.05449	0.0	0.0	0.0	0.0	0.0	0.0	0.0	0.0	0.0	0.08049	0.03972	0.11288	0.0	0.0	0.0	0.0	0.0	0.0	0.0	0.0
s__Bacteroides_uniformis	0.31911	0.58366	1.14423	0.42635	0.4684	1.76789	0.53225	0.61621	0.44262	4.4521	0.05103	0.05255	1.0575	1.32817	1.39393	0.48893	1.49557	2.33088	3.49162	0.04516	3.2806	0.3109	0.35836	0.08481	0.42858	1.61155	2.43859	0.94485	0.58713	0.20253	2.50602	0.78821	0.49594	0.48667	0.40532	0.15109	0.01586	0.212	0.08823	0.24515	0.04898	0.03041	0.0	0.0
s__Eubacterium_ramulus	0.30022	0.43905	1.16764	0.16625	0.10412	0.17881	0.17784	0.0	0.0	0.0	0.37249	0.09135	0.06607	0.13495	0.41612	0.80625	0.87776	0.15211	0.36931	0.0	0.33397	0.48803	0.0	0.22538	0.0	0.0	0.0	0.08326	0.41831	0.41329	0.02175	0.11956	0.0	0.0	0.0	0.0	0.0	0.0	0.0	0.31312	1.41068	0.18977	0.0	0.0
s__Coprococcus_comes	0.29313	0.55228	0.88526	0.54753	0.22584	0.63226	0.33559	2.01267	0.23999	1.28013	1.14923	0.17983	0.3478	0.38238	0.49254	0.83751	1.79466	0.73159	0.38199	0.0	1.40933	1.24749	2.64292	1.24377	1.64226	0.6151	0.64401	0.2104	0.86462	1.5522	0.2997	0.85419	0.0	1.19008	0.48689	0.20228	0.28266	0.48893	0.46801	0.27033	2.4234	0.27718	0.0	0.0
s__GGB3480_SGB4648	0.28992	0.0095	0.26683	0.16383	0.0	0.0	0.0	0.0	0.0	0.0	0.0	0.0	0.0	0.0	0.0	0.0	0.0	0.0	0.0	0.0	0.0	0.0	0.0	0.0	0.0	0.0	0.0	0.0	0.0	0.0	0.0	0.0	0.0	0.0	0.0	0.0	0.0	0.0	0.0	0.0	0.0	0.0	0.0	0.0
s__Roseburia_inulinivorans	0.28873	0.42388	0.0327	0.04116	0.02377	0.09617	0.05966	0.20828	0.0	0.0	0.13964	0.0153	0.0	0.09348	0.60061	1.17303	0.65814	0.0	0.0	0.0	0.0	0.0	0.0	0.39655	0.0	0.05862	0.00555	0.78325	0.30626	0.0	0.31367	2.88956	0.0	0.11769	0.13289	0.11853	0.00048	0.0	0.12964	0.0	0.0	0.0	0.0	0.0
s__GGB34797_SGB14322	0.27549	0.12325	0.20592	0.41901	0.0	0.0	0.0	4.03449	1.30897	1.70166	0.29672	0.18862	0.19777	0.0	1.09572	0.84251	0.85799	0.0	0.0	0.0	0.0	0.0	0.0	0.54411	0.0	0.0	0.0	0.23291	0.68522	0.77586	0.09854	0.74062	0.04749	0.0	0.0	0.0	0.0	0.0	0.31114	1.31171	0.35278	0.49667	0.0	0.0
s__Dorea_formicigenerans	0.26984	0.63408	0.39187	0.06448	0.00787	0.06939	0.05828	0.26103	0.00404	0.2059	0.28236	0.03509	0.20894	0.04705	0.17547	0.73506	0.53816	0.05761	0.09073	0.0	1.04471	0.88362	1.7202	0.39023	1.22652	0.51847	0.47535	0.09884	0.23336	0.4561	0.07694	0.1833	0.50645	0.3577	0.10856	0.02415	0.13	0.20633	0.28741	0.70304	1.93741	0.74025	0.0	0.0
s__Oscillibacter_sp_ER4	0.22568	0.81685	2.16524	3.15318	1.0119	0.68247	1.87687	0.0	0.0	0.0	0.0	0.06179	1.23329	0.0	2.15538	1.03747	2.62717	0.53436	0.95802	1.46918	2.57627	4.22506	0.35988	1.03018	0.0	0.0	0.0	3.17953	1.97673	0.32555	1.17949	0.43942	0.25428	2.2929	2.16037	2.83077	0.0	0.0	0.0	0.15785	0.23004	0.06082	0.0	0.0
s__Sutterella_wadsworthensis	0.1912	0.31209	0.03275	0.0	0.0	0.0	0.0	0.0	0.0	0.0	0.0	0.0	0.0	0.0	0.0	0.0	0.0	0.0	0.0	0.0	0.66123	0.28373	0.0	0.0	0.0	0.0	0.0	0.0	0.0	0.0	0.0	0.0	0.0	0.03608	0.0421	0.00991	0.0	0.0	0.0	0.05361	0.0	0.0	0.0	0.0
s__Alistipes_communis	0.18521	0.02499	0.25196	0.0	0.00596	0.00409	0.11869	0.0	1.90896	0.13718	0.0	0.0059	0.56153	0.33735	0.17081	0.0	0.0309	0.6222	0.40471	0.74662	0.0611	0.01212	0.0	0.04765	0.0	0.0	0.06748	0.23426	0.02789	0.0	0.49261	0.0139	0.0	0.07105	0.26893	0.04197	0.0	0.0	0.0	0.00527	0.0	0.00564	0.0	0.0
s__Coprococcus_catus	0.18264	0.4264	0.4335	0.30132	0.05419	0.46548	0.08551	0.0	0.0	0.0	0.33989	0.01073	0.18479	0.29947	0.13744	0.36642	0.14524	0.50684	0.31696	0.0	0.04734	0.3377	1.19982	0.93505	0.0	0.0	0.0	0.14419	0.41158	0.23479	0.24795	0.24875	0.03607	0.0	0.0	0.0293	0.0	0.0	0.19219	0.0	0.0	0.0	0.0	0.0
s__Clostridiaceae_bacterium	0.181	0.1986	0.12361	0.12257	0.05163	0.15124	0.06429	1.17981	0.27265	1.18066	0.54768	0.05412	0.09056	0.13092	0.36366	1.29508	0.4014	0.41552	0.38733	0.0419	0.60788	0.40038	0.0	0.20797	1.36666	0.19926	0.66618	0.22667	0.49859	1.06524	0.37903	0.72243	1.5878	0.64613	0.44956	0.03871	0.27086	0.06559	0.08852	0.37383	1.26632	1.58374	0.0	0.0
s__GGB13489_SGB15224	0.16708	0.09284	0.50203	0.0542	0.03811	0.22125	0.35392	0.0	0.0	0.0	0.0	0.0	0.11882	0.0	0.19821	0.07574	0.07367	0.90586	0.14418	0.7108	0.01814	0.11009	0.37669	0.2032	0.0	0.0	0.0	0.0	0.0	0.0	0.0	0.0	0.0	0.0	0.0	0.0	0.0	0.0	0.0	0.0	0.0	0.0	0.0	0.0
s__Roseburia_hominis	0.16028	0.26131	0.42568	0.00414	0.05351	0.26787	0.21242	0.03684	0.0	0.35313	0.0	0.00207	0.00741	0.11476	0.11973	0.07865	0.06131	0.02528	0.03464	0.0	0.36893	0.30078	1.30255	0.04324	0.0	0.0	0.18766	0.5224	3.44909	0.87317	0.18813	1.1844	0.0	0.01425	0.13598	0.01772	0.21828	0.049	1.67248	0.73912	1.20611	0.35135	0.0	0.0
s__Bifidobacterium_catenulatum	0.15932	0.20619	0.40612	0.0	0.0	0.0	0.0	0.0	0.0	0.0	4.83657	16.48666	11.58669	0.0	0.0	0.00214	0.0	0.0	0.0	0.0	0.0	0.0	0.0	0.31868	0.0	0.0	1.85499	0.0	0.0	0.0	0.0	0.0	0.0	4.59392	3.51338	8.91881	0.0	0.0	0.0	0.0	0.0	0.0	0.0	0.0
s__Phocaeicola_vulgatus	0.14952	0.06774	0.10035	1.1086	0.05092	0.43947	0.11837	0.0	0.0	0.0	0.0	0.0	0.0	0.0	0.34845	0.09963	1.26521	0.0	0.0	0.0	0.89108	0.14477	0.03883	0.29197	0.34537	1.09952	1.46241	0.26125	0.21367	0.08092	1.66525	0.72778	0.35707	0.59677	0.21892	0.0479	0.02866	4.1143	1.37442	0.69691	1.08488	0.37651	0.0	0.0
s__Bifidobacterium_animalis	0.13793	1.46081	0.0	0.0	0.0	0.0	0.0	0.00338	0.39928	0.0	0.0	0.0	2.86304	2.18939	0.0	0.0	0.0	0.83342	0.00546	0.0	0.0	0.0	0.0	0.0	0.00155	1.18311	0.0	0.0	0.0138	0.0	0.03719	0.0	0.0	0.0	3.18578	0.0	25.04244	0.0465	0.01547	0.76838	0.0	0.0	0.0	0.0
s__GGB9365_SGB14341	0.12938	0.01439	0.0	0.0	1.21985	1.66508	0.28483	0.08732	0.08936	0.00314	0.0	0.0	0.0	0.0069	0.07707	0.15979	0.0	0.27953	0.18586	0.28266	0.01763	0.0172	0.27158	0.0	0.0	0.0	0.0	0.02539	0.03513	0.41775	0.0	0.0	0.0	0.39513	0.30697	1.03805	0.0	0.0	0.0	0.0	0.0	0.0	0.0	0.0
s__Blautia_SGB4815	0.12773	0.15064	0.08837	0.11657	0.0604	0.48029	0.06796	0.22774	0.00722	0.20003	0.21934	0.0913	0.19878	0.02304	0.10719	0.18005	0.02989	0.1254	0.16536	0.0	0.16085	0.21897	2.12225	0.04991	0.0	0.0	0.0	0.0	0.01829	0.1677	0.03009	0.06457	0.0	0.22375	0.32753	0.06045	0.0	0.0	0.0	0.01379	0.013	0.10696	0.0	0.0
s__Anaerobutyricum_hallii	0.12709	0.157	0.1438	0.10185	0.01606	0.45815	0.02871	0.29159	0.00601	0.54514	0.15634	0.03439	0.09184	0.02407	0.14294	0.19595	0.22371	0.69409	0.51101	0.0	0.71922	0.28377	1.31872	0.0	0.92521	0.22646	0.14296	0.12654	0.41451	0.1617	0.01881	0.01032	0.0	0.61835	0.21173	0.15022	0.0	0.0	0.25449	0.20212	0.31764	0.29874	0.0	0.0
s__Ruminococcus_torques	0.12116	0.13653	0.64216	0.36074	0.06197	0.13367	0.05919	1.43935	0.1981	0.53022	3.12259	0.53315	0.27649	0.58639	0.24335	1.20496	0.51123	0.421	0.35152	0.0	1.71759	1.22528	4.0612	0.59872	1.8318	0.84403	0.42088	0.06589	0.10171	0.63784	0.49241	0.9822	0.01972	1.56387	0.48551	0.37081	0.60318	0.33202	0.03197	0.91702	1.81569	0.1048	0.0	0.0
s__Lacrimispora_amygdalina	0.11591	0.04085	0.0	0.01003	0.01443	0.00116	0.01407	0.0	0.0	0.0	0.02458	0.00027	0.0	0.0	0.0	0.0	0.08066	0.0	0.0	0.0	0.12006	0.13858	0.0	0.0	0.05951	0.65732	0.23675	0.07184	0.0223	0.0	0.01423	0.20608	0.0	0.02072	0.05515	0.0045	0.14269	0.28809	0.1598	0.00559	0.0	0.0	0.0	0.0
s__Ruminococcaceae_bacterium_AM28_23LB	0.11049	0.213	0.07284	0.0	0.01755	0.0	0.04177	0.0	0.0	0.0	0.0	0.0	0.0	0.03809	0.0	0.0	0.0	0.0	0.0	0.0	0.0	0.0	0.0	0.01359	0.0	0.0	0.0	0.05165	0.27899	0.80667	0.0	0.0	0.00679	0.0	0.0	0.0	0.0	0.0	0.0	0.0	0.0	0.0	0.0	0.0
s__Firmicutes_bacterium_AF16_15	0.10653	0.30971	0.16656	2.00286	0.38492	0.12096	0.19394	2.42578	0.15203	0.28927	1.86918	2.09618	0.59733	1.79965	0.46269	3.46303	1.26626	0.11496	0.28129	0.65913	0.31348	0.81642	0.33788	1.78572	1.23746	1.17244	0.91777	0.15735	1.1421	0.25998	2.16745	3.60652	3.86446	0.1567	0.04087	0.27467	0.0	0.0	0.0	1.06098	1.43061	1.57917	0.0	0.0
s__Bacteroides_stercoris	0.10146	0.23672	0.35679	0.0	0.0	0.0	0.0	0.64837	1.27308	3.52776	0.0	0.0	0.0	0.0	0.01467	0.0	0.15948	0.0	0.0	0.0	0.46572	0.27035	0.0	0.01182	2.87487	5.83666	7.53153	0.32476	0.01083	0.0	2.72497	0.7747	0.23868	0.36214	0.45769	0.03999	0.0	0.0	0.0	0.01868	0.0	0.0	0.0	0.0
s__Bacteroides_caccae	0.09242	0.04927	0.10088	0.28217	0.00142	0.03305	0.00988	0.0	0.0	0.11038	0.09707	0.01445	0.28125	0.0116	0.0295	0.03136	0.05402	0.25269	0.28242	0.0	0.0	0.0	0.0	0.1031	0.0	0.0	0.0	0.10514	0.03366	0.00586	0.01129	0.0	0.0	0.32398	0.15693	0.02537	0.0	0.0	0.0	0.0	0.0	0.0	0.0	0.0
s__Akkermansia_muciniphila	0.09137	0.04188	0.10839	0.19146	0.00905	2.01533	0.13388	0.0	0.0	0.1926	0.0	0.0	0.23734	0.07181	0.00818	0.28365	0.0	4.13937	1.32428	0.0	0.0	0.0	0.0	0.0	0.0	0.0	0.0	4.57966	6.35219	3.33477	0.0	0.0	0.0	1.23922	1.29649	2.32012	0.0	0.0	0.0	0.129	0.0	0.0	0.0	0.0
s__GGB9635_SGB15106	0.07699	0.05115	2.29397	0.16761	0.00205	0.8244	0.27712	0.0	0.0	0.0	0.0	0.0	0.04909	0.44375	0.10449	0.23507	0.0012	0.0	0.0	0.0	0.0	0.0	0.0	0.05395	0.0	0.0	0.0	3.4245	1.58411	2.20617	0.0	0.0	0.0	0.0	0.0	0.0	0.0	0.0	0.0	0.0	0.0	0.0	0.0	0.0
s__Blautia_obeum	0.07392	0.12628	0.14936	0.0492	0.02565	0.03313	0.0	1.15786	0.05311	1.51483	0.09031	0.05413	0.12919	0.29401	0.08475	0.2655	0.15692	0.04167	0.05366	0.0	0.38839	3.22527	2.95775	1.58519	2.39377	0.68753	0.42512	0.13711	0.74563	0.91068	0.04382	0.17664	4.64197	0.19742	0.06039	0.00865	0.03926	0.02564	0.0008	1.62733	1.81104	2.3646	0.0	0.0
s__Dorea_sp_AF36_15AT	0.0706	0.13669	0.11463	0.04902	0.00726	0.01792	0.00293	0.1734	0.01802	0.22426	0.06788	0.03136	0.0251	0.04584	0.13774	0.44824	0.16569	0.25309	0.19422	0.0	0.2906	0.27753	1.76373	0.21588	1.0806	0.32762	0.24143	0.00531	0.0454	0.25598	0.03294	0.10398	0.57359	0.7899	0.42108	0.11294	0.0	0.0	0.0	0.22235	0.74187	0.60325	0.0	0.0
s__Clostridiaceae_bacterium_Marseille_Q4143	0.0685	0.0163	0.03743	0.03355	0.00978	0.00187	0.00331	0.06439	0.0	0.05038	0.10464	0.01993	0.0	0.00548	0.03023	0.0	0.02959	0.0	0.0	0.0	0.18082	0.26058	0.0	0.0	0.0	0.0	0.0	0.0748	0.02821	0.0	0.02647	0.16168	0.0	0.00111	0.00323	0.0	0.0	0.0	0.0	0.01011	0.01935	0.0	0.0	0.0
s__Lachnospiraceae_bacterium_Marseille_Q4251	0.06788	0.03495	0.0372	0.04315	0.04067	0.09371	0.05779	0.2783	0.00121	0.04556	0.10501	0.07345	0.0033	0.06636	0.15202	0.19224	0.08338	0.0	0.0	0.0	0.04425	0.05472	0.0	0.12568	0.00743	0.0	0.02501	0.0	0.01363	0.0014	0.00563	0.0304	0.0	0.14173	0.17495	0.03887	0.03798	0.01552	0.00573	0.1148	0.01883	0.08746	0.0	0.0
s__Vescimonas_coprocola	0.06484	0.06533	0.32123	0.83834	0.62984	1.98526	1.50504	0.50583	2.74737	0.49468	0.0	0.00298	0.63898	0.09971	0.23813	0.14138	0.06361	2.50073	0.95733	0.9374	0.62129	0.71437	1.03667	0.03239	0.0	0.0	0.0	1.42383	2.76286	0.07004	0.0	0.0	0.0	0.31848	0.26225	0.41688	0.0	0.0	0.0	0.02575	0.06381	0.06224	0.0	0.0
s__Oscillospiraceae_unclassified_SGB15256	0.0631	0.07105	0.30033	0.19666	0.0	0.01526	0.03431	0.4909	6.12062	1.99477	0.0	0.0	0.0	0.0	0.0	0.0	0.0	2.82725	1.07224	0.0	0.0	0.0	0.0	0.0	0.0	0.0	0.0	0.0	0.0	0.0	0.0	0.0	0.0	0.0	0.0	0.0	0.0	0.0	0.0	0.0	0.0	0.0	0.0	0.0
s__Dysosmobacter_sp_BX15	0.06191	0.05192	0.24921	0.29727	0.16074	1.11558	2.39737	0.18812	0.04255	0.08297	0.0	0.0	0.02873	0.38922	0.15074	0.01325	0.23377	0.23848	0.23759	0.00168	0.18879	0.59436	0.0	0.17652	0.0	0.0	0.0	0.45885	1.29032	0.33959	0.72164	0.22799	0.0	0.0	0.0	0.0	0.0	0.0	0.0	0.05232	0.02658	0.0	0.0	0.0
s__Clostridiaceae_bacterium_AF18_31LB	0.06019	0.01374	0.01067	0.02131	0.03886	0.06204	0.01456	0.01251	0.0	0.0685	0.07426	0.00443	0.0	0.00633	0.00415	0.0	0.01127	0.0	0.00037	0.0	0.26834	0.18499	0.0	0.00244	0.0	0.0	0.0281	0.0981	0.06855	0.0	0.04569	0.10179	0.0	0.00533	0.0	0.0	0.0	0.0	0.0	0.0109	0.01695	0.0	0.0	0.0
s__Faecalibacterium_SGB15315	0.05931	0.07648	0.00741	0.0	0.30295	0.06786	0.1034	0.0	0.0	0.0	3.22755	4.17032	0.16943	0.0	1.03588	0.28812	0.16406	1.05818	1.7588	0.0	0.23	0.70042	0.0	0.28034	0.0	0.0	0.0	0.0	0.0	0.0	2.18707	2.47156	0.0393	0.02921	0.05784	0.1239	0.0	0.0	0.0	4.72273	2.96574	0.1069	0.0	0.0
s__Senegalimassilia_anaerobia	0.05547	0.08361	0.02697	0.0	0.0	0.0	0.0	0.17621	0.99607	0.14249	0.0	0.0	0.0	0.0	0.17821	0.14079	0.07959	0.01028	0.02808	0.1464	0.01594	0.00571	0.12087	0.01943	0.16016	0.03184	0.15451	0.44107	0.14875	0.35617	0.11884	0.0	0.06442	0.07414	0.12364	0.22433	0.0	0.0	0.0	0.0583	0.17425	0.05384	0.0	0.0
s__Blautia_luti	0.05414	0.05765	0.13522	0.0	0.08091	0.34577	0.07397	0.0	0.0	0.0	0.0	0.0	0.0	0.0	0.03896	0.11248	0.16796	0.0	0.0	0.0	0.0	0.0	0.0	0.65746	0.0	0.0	0.0	0.2646	0.73098	0.38422	0.01846	0.0	0.0	0.0	0.0	0.0	0.0	0.0	0.0	0.0	0.0	0.0	0.0	0.0
s__Alistipes_ihumii	0.05273	0.0895	0.61671	0.7203	0.0	0.0	0.0	0.01458	1.31165	0.26541	0.0	0.0	0.0	0.3166	0.22329	0.06287	0.02397	0.95175	0.74023	0.06837	0.07054	0.03531	0.00411	0.0	0.08585	0.08724	0.11451	0.51071	0.17503	0.09746	0.65246	0.01076	0.00115	0.08127	0.10854	0.0932	0.0	0.0	0.0	0.06191	0.08119	0.0	0.0	0.0
s__Clostridium_sp_AF20_17LB	0.05072	0.00408	0.0	0.02878	0.04323	0.00538	0.035	0.03794	0.0	0.01349	0.06941	0.0	0.0	0.00526	0.00326	0.0	0.00354	0.0	0.0	0.0	0.01135	0.0	0.0	0.0	0.0	0.0	0.0	0.01197	0.0	0.0	0.0	0.09214	0.0	0.00837	0.00044	0.0	0.00736	0.0173	0.00424	0.0	0.0	0.0	0.0	0.0
s__GGB9512_SGB14909	0.04968	0.27476	0.02645	0.0	0.0127	0.0	0.03818	0.0	0.0	0.0	0.0	0.0	0.0	0.0	0.0	0.0	0.0	2.06766	1.19098	0.23707	0.34004	0.33324	0.07856	0.0	0.0	0.0	0.0	0.00819	0.05541	0.15615	0.0	0.0	0.0	0.0	0.0	0.0	0.0	0.0	0.0	0.0	0.0	0.0	0.0	0.0
s__Parabacteroides_merdae	0.04946	0.25724	0.17409	0.0	0.0	0.0	0.0	0.14693	0.04763	0.24821	0.03166	0.0081	0.25373	0.0	0.0	0.0	0.08671	0.0	0.0	0.0	0.30495	0.06489	0.0	0.19599	0.06885	0.24591	0.21891	0.25884	0.12464	0.16693	0.69834	0.27646	0.09591	0.49269	0.22739	0.08486	0.0	0.47068	0.03234	0.0	0.0	0.0	0.0	0.0
s__GGB3619_SGB4894	0.0437	0.0	0.0	0.0	0.0	0.0	0.0	0.0	0.0	0.0	0.0	0.0	0.0	0.0	0.0	0.02947	0.0	0.0	0.0	0.0	0.0	0.0	0.063	0.0	0.0	0.0	0.0	0.0	0.0756	0.0	0.0	0.0	0.0	0.0	0.0	0.0	0.0	0.0	0.0	0.0	0.0	0.0	0.0	0.0
s__Ruminococcus_sp_AF46_10NS	0.04176	0.04654	0.02428	0.0	0.0	0.0	0.0	0.0	0.0	0.0	0.0	0.0	0.0	0.0	0.0	0.0	0.0	0.0	0.0	0.0	0.0	0.0	0.0	0.0	0.0	0.0	0.0	0.0	0.0	0.0	0.0	0.0	0.0	0.0	0.0	0.0	0.0	0.0	0.0	0.24548	0.84132	0.6093	0.0	0.0
s__Anaerotignum_faecicola	0.0412	0.31083	0.0	0.05127	0.0	0.0	0.06193	0.04409	0.0857	0.25266	0.0	0.00033	0.00106	0.00121	0.06356	0.67728	0.00543	0.0	0.0	0.0	0.70258	1.21094	0.0624	0.05746	0.5216	1.1955	0.42855	0.0	0.0	0.00992	0.0	0.0	0.0	0.72403	0.11733	0.06743	0.0	0.0	0.0	0.2253	0.74073	0.00219	0.0	0.0
s__Anaerostipes_hadrus	0.04036	0.02873	0.01642	0.0	0.0	0.01624	0.0	0.0	0.0	0.0	0.0	0.0	0.0	0.0	0.0	0.0016	0.14986	0.0	0.0	0.0	0.76929	0.10712	0.01631	0.32283	0.02283	0.0	0.00578	0.0	0.0	0.0	0.0	0.0	0.0	0.0	0.0	0.0	0.0	0.0	0.0	0.0	0.0	0.0	0.0	0.0
s__Blautia_glucerasea	0.03547	0.09935	0.1269	0.11463	0.17873	0.21218	0.11137	0.14125	0.0	0.30083	0.03336	0.11184	0.02394	0.13232	0.80903	2.5358	0.44359	0.10842	0.13305	0.0	0.02414	0.08899	0.93701	0.17007	0.47757	0.0447	0.03583	0.10699	0.28442	0.06282	0.81533	1.92099	0.03369	0.09139	0.05491	0.01672	0.00355	0.04278	0.0	0.89584	0.78907	0.04076	0.0	0.0
s__Clostridiaceae_unclassified_SGB15090	0.03478	0.0	0.2271	0.0	0.2695	0.37966	0.63306	0.0	0.0	0.0	0.0	0.0	0.0	0.0	0.08595	0.03425	0.0	0.0	0.0	0.0	0.0	0.0	0.0	0.0	0.0	0.0	0.0	0.0	0.0	0.0	0.0	0.0	0.0	0.0	0.0	0.0	0.0	0.0	0.0	0.02692	0.01183	0.18797	0.0	0.0
s__Roseburia_sp_AF02_12	0.03467	0.0	0.06769	0.0	0.0	0.29041	0.23794	0.0	0.0	0.0	0.0	0.05854	0.0448	0.0	0.00064	0.52351	0.0	0.0	0.0	0.0	0.0	0.0	0.0	0.0	0.0	0.0	0.0	0.30132	0.48935	0.0	0.0	0.0	0.0	0.0	0.04461	0.0	0.0	0.0	0.0	0.0	0.0	0.0	0.0	0.0
s__Eubacteriaceae_bacterium	0.03459	0.0688	0.08224	0.04238	0.01609	0.22879	0.07613	0.0	0.0	0.0	0.0	0.0	0.07652	0.01099	0.01665	0.01079	0.0	0.06178	0.06211	0.0	0.09468	0.24072	0.40669	0.0	0.0	0.0	0.0	0.03451	0.06999	0.70581	0.00795	0.00064	0.00097	0.09054	0.08941	0.00251	0.0	0.0	0.0	0.0	0.00124	0.00289	0.0	0.0
s__Clostridium_sp_AM33_3	0.02644	0.0	0.0	0.01592	0.0	0.00184	0.0022	0.00541	0.0	0.00675	0.0294	0.00189	0.0	0.0	0.01805	0.0013	0.00914	0.0	0.0	0.0	0.0	0.02337	0.0	0.0	0.04803	0.12252	0.07139	0.00159	0.0	0.0	0.01003	0.03463	0.0	0.01006	0.004	0.0	0.13346	0.15663	0.08508	0.0	0.0	0.0	0.0	0.0
s__Parabacteroides_distasonis	0.02411	0.17618	0.10097	0.32521	0.09007	0.09668	0.03936	0.06975	0.03706	0.07209	0.04116	0.00049	0.15825	0.03032	0.0315	0.09493	0.1638	0.26783	0.13679	0.0	0.45054	0.1101	0.0	0.03774	0.19358	0.25948	0.57581	0.15925	0.25569	0.25082	0.44202	0.10582	0.03724	0.06703	0.05583	0.05944	0.0	1.8964	0.15059	0.28416	0.70681	0.05976	0.0	0.0
s__Lachnospiraceae_bacterium_OF09_6	0.02175	0.0151	0.0347	0.01307	0.00222	0.06278	0.0	0.0	0.0	0.0	0.0	0.0	0.00279	0.0	0.0	0.0	0.0	0.0	0.0	0.0	0.0	0.0	0.0	0.0	0.0	0.0	0.0	0.0	0.02413	0.0	0.01858	0.07245	0.0	0.0	0.0	0.0	0.0	0.0	0.0	0.0	0.0	0.0	0.0	0.0
s__Alistipes_putredinis	0.01537	0.03748	0.091	7.05129	1.4474	2.77915	2.60541	1.23709	6.67341	2.63605	0.0	0.0581	1.47093	2.54321	3.65066	1.31869	1.58773	6.3967	4.09188	2.95857	3.1136	1.98821	0.3453	1.40421	0.92951	5.41752	3.1167	8.00257	2.12641	0.73426	8.91788	1.16778	1.04174	3.08945	3.41665	3.44643	0.0	0.0	0.0	2.29774	1.38424	1.04361	0.0	0.0
s__GGB3614_SGB4886	0.0152	0.01139	0.00977	0.0	0.0	0.00793	0.08611	0.0	0.0	0.0	0.0	0.0	0.0	0.0	0.0	0.0	0.0	0.0	0.0	0.0	0.0	0.0	0.0	0.0	0.0	0.0	0.0	0.01559	0.09306	0.01801	0.0	0.0	0.0	0.0	0.0	0.0	0.0	0.0	0.0	0.0	0.0	0.0	0.0	0.0
s__Coprococcus_SGB4669	0.01503	0.01483	0.02047	0.0	0.0	0.02528	0.00372	0.0	0.0	0.0	0.01178	0.0	0.0	0.0	0.0072	0.02269	0.00467	0.0	0.0	0.0	0.018	0.02814	0.02668	0.0	0.0	0.0	0.0	0.00038	0.03457	0.03841	0.0	0.0	0.0	0.0	0.0	0.0	0.0	0.0	0.0	0.0	0.0	0.0	0.0	0.0
s__Anaerobutyricum_soehngenii	0.01425	0.06071	0.02754	0.0	0.0	0.0	0.0	0.0	0.0	0.01157	0.0	0.0	0.0	0.02086	0.00036	0.03844	0.0	0.11776	0.1343	0.0	0.13634	0.06782	0.40785	0.17614	0.0	0.0	0.0	0.0	0.0	0.00035	0.16598	0.16672	0.0	0.0	0.0	0.0	0.0214	0.10252	0.0	0.0	0.13105	0.04989	0.0	0.0
s__Odoribacter_splanchnicus	0.01186	0.0334	0.0166	0.11911	0.0	0.00168	0.0	0.0	0.0	0.03108	0.0	0.0	0.05997	0.011	0.01031	0.02257	0.00678	0.26983	0.1457	0.0	0.37797	0.10822	0.0	0.0	0.0	0.0	0.0	0.23388	0.10772	0.0	0.2352	0.0	0.0	0.12391	0.12046	0.06349	0.0	0.00523	0.0	0.00902	0.04591	0.0	0.0	0.0
s__Clostridium_sp_AF27_2AA	0.0117	0.00375	0.0	0.0	0.00897	0.00077	0.00052	0.0	0.0	0.0	0.04292	0.0102	0.0	0.0	0.0	0.0	0.0	0.0	0.0	0.0	0.0	0.01142	0.0	0.0	0.0	0.0	0.0	0.00089	0.0	0.0	0.0	0.0	0.0	0.0	0.00086	0.0	0.0	0.0	0.0	0.00441	0.0	0.02286	0.0	0.0
s__Ruminococcus_sp_AF41_9	0.01162	0.02031	0.01003	0.0	0.02206	0.03868	0.03828	0.0	0.0	0.0	0.0	0.0	0.0	0.0	0.59384	3.84222	0.2094	0.0	0.0	0.0	0.0	0.0	0.00243	1.20451	0.0	0.0	0.0	0.21927	0.24797	0.0	0.01802	0.06765	0.0	0.0	0.0	0.0	0.0	0.0	0.0	0.89777	0.77781	1.68019	0.0	0.0
s__Clostridiales_Family_XIII_bacterium_BX16	0.0109	0.02222	0.14151	0.04579	0.0	0.08495	0.04969	0.02082	0.02504	0.04725	0.0	0.0	0.05371	0.02447	0.02563	0.05565	0.00175	0.07761	0.12189	0.0	0.03437	0.07227	0.14295	0.04695	0.02006	0.01348	0.01419	0.04134	0.10726	0.1137	0.01177	0.0	0.00211	0.07913	0.11007	0.00936	0.0	0.0	0.0	0.01342	0.01809	0.0121	0.0	0.0
s__GGB3304_SGB4367	0.01038	0.0	0.47725	0.0	0.0	0.0	0.0	0.02635	0.44099	0.81404	0.0	0.0	0.0	0.0	0.0	0.0	0.0	0.0	0.0	0.0	0.0	0.0	0.0	0.0	0.0	0.0	0.0	0.51768	0.97457	0.05766	0.0	0.0	0.0	0.0	0.0	0.0	0.0	0.0	0.0	0.0	0.0	0.0	0.0	0.0
s__Alistipes_indistinctus	0.00937	0.03449	0.53095	0.06272	0.0	0.00827	0.02294	0.0	0.0	0.0	0.0	0.0	0.0	0.06606	0.00243	0.01657	0.0	0.25191	0.17089	0.0	0.19039	0.18428	0.05883	0.0	0.0	0.0	0.0	1.6648	1.23051	0.20275	0.0	0.0	0.0	0.0	0.0	0.0	0.0	0.0	0.0	0.0	0.0	0.0	0.0	0.0
s__Barnesiella_intestinihominis	0.00825	0.02838	0.06537	0.33485	0.06844	0.27051	0.12537	0.03294	0.0157	0.08568	0.0	0.0	0.12481	0.08437	0.16848	0.02754	0.12025	0.7312	0.56803	0.0	0.27913	0.252	0.00484	0.08565	0.0	0.0	0.0	1.57163	0.70735	0.16423	0.52212	0.04904	0.0	0.07202	0.06267	0.03097	0.0	0.0	0.0	0.05287	0.15863	0.02828	0.0	0.0
s__Blautia_faecis	0.00645	0.06251	0.09328	0.06092	0.0	0.07075	0.0	0.64459	0.0351	0.39128	0.12639	0.02052	0.22427	0.04945	0.07746	0.77183	0.07713	0.28096	0.3296	0.0	0.25128	0.27276	0.91701	0.66906	0.0	0.0	0.0	0.01447	0.1305	0.23845	0.07058	0.11916	0.22907	0.09095	0.05073	0.00888	0.0	0.0	0.03305	0.25424	0.73195	0.12006	0.0	0.0
s__GGB9712_SGB15244	0.0055	0.00195	0.03416	0.02139	0.0	0.0	0.00718	0.0	0.0	0.0	0.0	0.0	0.0	0.0	0.0	0.0	0.0	0.0	0.0	0.0	0.0	0.0	0.0	0.0	0.0	0.0	0.0	0.0	0.0	0.0	0.0	0.0	0.0	0.0	0.0	0.0	0.0	0.0	0.0	0.0	0.0	0.0	0.0	0.0
s__GGB9707_SGB15229	0.00499	0.00959	0.05821	0.0769	0.09253	0.11781	0.14578	0.0	0.0	0.0	0.0	0.0	0.11847	0.01609	0.09607	0.01131	0.01912	0.0	0.0	0.0	0.06761	0.15702	0.0	0.00577	0.0	0.0	0.0	0.0	0.0	0.0	0.0	0.0	0.0	0.01566	0.04449	0.0	0.0	0.0	0.0	0.0	0.0	0.0	0.0	0.0
s__Ruthenibacterium_lactatiformans	0.00477	0.0	0.02652	0.0355	0.0	0.00045	0.01365	0.16026	1.10103	0.09526	0.0	0.0	0.06383	0.14646	0.06019	0.1614	0.02435	0.17317	0.19803	0.08246	0.09123	0.08738	0.05011	0.05594	0.60722	0.85761	0.14328	0.14655	0.12164	0.40252	0.15995	0.0	0.0017	0.25056	0.51324	0.07423	0.00785	0.00241	0.0	0.03191	0.04924	0.00951	0.0	0.0
s__Holdemanella_porci	0.00337	0.12176	0.02436	0.00753	0.0	0.0	0.0	0.00251	0.0	0.0	0.33514	0.04554	0.01491	0.0	0.0	0.00257	0.0	0.0	0.0	0.0	0.0	0.0	0.0	0.36563	0.35499	0.03399	0.04617	0.0	0.01444	0.0	0.0	0.0	0.0	0.0	0.0	0.0	0.0	0.0	0.0	0.0	0.0	0.0	0.0	0.0
s__Dorea_sp_AF24_7LB	0.00212	0.03547	0.01792	0.03075	0.00381	0.01005	0.0	0.11744	0.00142	0.09433	0.00408	0.0	0.06721	0.0	0.01536	0.0	0.10998	0.23074	0.21261	0.0	0.09899	0.11379	0.37574	0.04479	0.20975	0.03501	0.03953	0.05988	0.0846	0.00403	0.01335	0.02999	0.59234	0.53893	0.32668	0.20033	0.0	0.0	0.0	0.0	0.0	0.0	0.0	0.0
s__Bacteroides_ovatus	0.00205	0.02068	0.0	0.0	0.0	0.01331	0.0	0.0	0.0	0.03086	0.0	0.0	0.0	0.0	0.0	0.0	0.02125	0.00128	0.00959	0.0	0.02943	0.00205	0.0	0.0	0.29898	0.2674	0.29681	0.01131	0.00191	0.0	0.01433	0.01621	0.0	0.07619	0.01095	0.086	0.0	0.26938	0.02135	0.07071	0.11141	0.00706	0.0	0.0
s__Streptococcus_thermophilus	0.0	0.07036	0.0	0.0	0.0	0.37127	0.0	0.74325	0.0	0.0176	0.5742	0.0	0.01853	0.0	0.0	0.09226	0.02917	0.01573	0.0	0.0	0.0	0.0	0.00764	0.01331	0.02033	0.59856	0.0	0.0	0.01286	0.0	0.0	0.0	0.08772	0.0	0.09646	0.0	0.31468	0.0	0.07593	0.40382	2.01798	6.21376	0.0	0.0
s__Ruminococcus_lactaris	0.0	0.02818	0.10059	0.0	0.02052	0.13204	0.01081	0.0	0.0	0.0	0.34657	0.04382	0.05522	0.0	0.0468	1.00955	0.22539	0.0	0.02122	0.0	0.0	0.0	0.0	1.0699	0.0	0.0	0.0	0.10056	0.19897	0.0	0.0	0.0	0.0	1.47032	0.1009	0.0	0.0	0.0	0.0	0.0	1.16663	0.98465	0.0	0.0
s__Blautia_sp_OF03_15BH	0.0	0.01758	0.00918	0.0	0.0	0.01138	0.01147	0.0	0.0	0.0	0.04308	0.04427	0.03085	0.0	0.0	0.0	0.0	0.0	0.0	0.0	0.1245	0.07469	0.00525	0.0	0.03077	0.0	0.01131	0.0	0.00085	0.0	0.0	0.0	0.0	0.0	0.0	0.0	0.0	0.0	0.0	0.0	0.0	0.0	0.0	0.0
s__GGB9634_SGB15093	0.0	0.01618	0.23915	0.71564	0.30718	0.29795	1.45294	0.63992	2.78887	0.92597	0.0	0.0	0.0	0.0	0.01888	0.12997	0.0	0.0	0.0	0.0	0.0	0.0	0.0	0.15135	0.0	0.0	0.0	0.0	0.0	0.0	0.0	0.0	0.0	0.0	0.0042	0.00732	0.0	0.0	0.0	0.0	0.0	0.0	0.0	0.0
s__Mediterraneibacter_butyricigenes	0.0	0.01352	0.05162	0.0	0.0	0.00096	0.0	0.06846	0.01953	0.12018	0.0	0.0	0.0	0.01167	0.0	0.04569	0.01075	0.0	0.0	0.0	0.0	0.0	0.0	0.03188	0.02657	0.02281	0.00222	0.0	0.01974	0.0198	0.02798	0.00875	0.03267	0.0345	0.01799	0.00251	0.0	0.0	0.0	0.01225	0.00897	0.00237	0.0	0.0
s__Eubacterium_ventriosum	0.0	0.01306	0.0	0.0	0.0	0.00483	0.0	0.0	0.0	0.0	0.07872	0.0	0.0	0.0	0.0	0.05467	0.01242	0.0	0.0	0.0	0.0	0.0	0.0	0.0	0.06152	0.01959	0.01061	0.0	0.02042	0.00907	0.0087	0.10419	0.0035	0.0	0.0	0.0	0.00569	0.03556	0.01861	0.0	0.0	0.0	0.0	0.0
s__Bacteroides_thetaiotaomicron	0.0	0.01212	0.0	0.0	0.0	0.01667	0.0	0.0	0.0	0.03	0.0	0.0	0.01132	0.00235	0.0	0.0	0.0	0.0	0.0	0.0	0.0006	0.08818	0.0	0.04251	0.00887	0.04565	0.00876	0.01958	0.00824	0.0	0.164	0.00341	0.0133	0.10067	0.07193	0.01899	0.0	0.03387	0.0	0.0	0.0	0.0	0.0	0.0
s__Actinomyces_sp_ICM47	0.0	0.00752	0.01047	0.00028	0.0	0.0	0.0	0.03999	0.01826	0.0	0.01459	0.02358	0.00087	0.0	0.00272	0.00926	0.0	0.0	0.0	0.0	0.0	0.0	0.0	0.0	0.0	0.0	0.0	0.0	0.0	0.0	0.0	0.03425	0.0821	0.00605	0.0	0.0	0.01023	0.00206	0.00518	0.03123	0.01594	0.03793	0.0	0.0
s__Bilophila_wadsworthia	0.0	0.00485	0.13651	0.1842	0.09774	0.04701	0.15396	0.0512	0.54795	0.28453	0.0	0.0	0.0	0.08022	0.06125	0.00816	0.01951	0.1491	0.27023	0.12989	0.00149	0.0	0.0	0.05003	0.0	0.0	0.12744	0.29993	0.06321	0.21842	0.02518	0.0	0.0	0.04354	0.11771	0.11121	0.0	0.11012	0.01192	0.0	0.0	0.20559	0.0	0.0
s__GGB13493_SGB15238	0.0	0.00353	0.0641	0.00073	0.0	0.10872	0.01067	0.0	0.0	0.0	0.0	0.0	0.0	0.0	0.0	0.0	0.0	0.0	0.0	0.0	0.0	0.0	0.0	0.0	0.0	0.0	0.0	0.0	0.0	0.0	0.0	0.0	0.0	0.0	0.0	0.0	0.0	0.0	0.0	0.0	0.0	0.0	0.0	0.0
s__Lachnospiraceae_bacterium_NSJ_29	0.0	0.00351	0.00575	0.00061	0.0	0.0005	0.0	0.01254	0.00523	0.03374	0.0	0.0	0.00036	0.0	0.0	0.00129	0.0	0.00907	0.00864	0.0	0.0	0.00174	0.008	0.0	0.00133	0.00035	0.00932	0.0	0.00437	0.0	0.00267	0.0	0.0112	0.01612	0.01726	0.00222	0.0	0.0	0.0	0.0038	0.00509	0.01543	0.0	0.0
s__Actinomyces_sp_ICM58	0.0	0.00292	0.0	0.0	0.0	0.0	0.0	0.0	0.0	0.0	0.0	0.00366	0.0	0.0	0.0	0.0	0.0	0.0	0.0	0.0	0.0	0.04349	0.0	0.0	0.0	0.0	0.0	0.0	0.0	0.0	0.00648	0.0	0.0	0.0083	0.0	0.0	0.01431	0.0	0.0	0.0	0.00809	0.00403	0.0	0.0
s__Anaeromassilibacillus_sp_An250	0.0	0.00246	0.0	0.02038	0.0	0.0	0.0	0.57518	0.77429	0.13448	0.0	0.0	0.0	0.02189	0.00555	0.0	0.0	0.02471	0.00042	0.06495	0.0	0.0	0.0	0.0	0.0	0.0	0.0	0.0	0.0	0.00091	0.0	0.0	0.0	0.03147	0.05814	0.0	0.0	0.0	0.0	0.0	0.0	0.0	0.0	0.0
s__GGB3740_SGB5077	0.0	0.00163	0.0	0.0	0.0	0.00869	0.0	0.0	0.0	0.0	1.0053	0.0	0.0	0.0	0.0	0.0	0.0	0.0112	0.0	0.0	0.0	0.0	0.0	0.0	0.0	0.0	0.0	0.0	0.0	0.0	0.0	0.0	0.0	0.0	0.0	0.0	0.0	0.0	0.0	0.0	0.0	0.0	0.0	0.0
s__Eggerthella_lenta	0.0	0.00036	0.0	0.01834	0.0	0.0	0.0	0.00453	0.08901	0.0	0.0	0.02397	0.01323	0.08605	0.0023	0.02091	0.01262	0.0	0.0	0.0	0.0	0.0	0.0	0.0	0.12823	0.15406	0.03839	0.02413	0.0	0.06469	0.0	0.0	0.0	0.0	0.00048	0.0	0.50909	0.87453	0.02211	0.0	0.0	0.0	0.0	0.0
s__Clostridium_sp_AM49_4BH	0.0	0.0	0.05234	0.19865	0.01376	0.0	0.0	0.0	0.0	1.6542	0.13682	0.06582	0.02961	0.03236	0.0	0.00908	0.0	0.12643	0.22003	0.0	0.0	0.0	0.0	0.49766	0.0	0.0	0.0	0.0023	0.05784	0.07255	0.65172	2.90181	0.0	0.0	0.0	0.0	0.0	0.0	0.0	0.06152	0.42056	0.0	0.0	0.0
s__GGB9347_SGB14313	0.0	0.0	0.04697	0.01883	0.0	0.0	0.0	0.0	0.0	0.0	0.0	0.0	0.0	0.10273	0.0	0.0	0.0	0.0	0.0	0.0	0.0	0.0	0.0	0.0	0.0	0.0	0.0	0.0	0.0	0.0	0.0	0.0	0.0	0.0	0.0	0.0	0.0	0.0	0.0	0.0	0.0	0.0	0.0	0.0
s__GGB9288_SGB14243	0.0	0.0	0.03566	0.0	0.0	0.0	0.0	0.0	0.0	0.0	0.0	0.0	0.0	0.0	0.0	0.0	0.0	0.0	0.0	0.0	0.0	0.0	0.0	0.0	0.0	0.0	0.0	0.0	0.0	0.0	0.0	0.0	0.0	0.0	0.0	0.0	0.0	0.0	0.0	0.0	0.0	0.0	0.0	0.0
s__GGB9524_SGB14924	0.0	0.0	0.03565	0.0	0.0	0.0	0.0	0.07037	0.09643	0.08718	0.0	0.0	0.0	0.02155	0.0	0.0	0.0	0.0	0.0	0.48129	0.0	0.0	0.0	0.0	0.0	0.0	0.0	0.26178	0.73909	1.22741	0.0	0.0	0.0	0.0	0.0	0.0	0.0	0.0	0.0	0.0	0.0	0.0	0.0	0.0
s__GGB9699_SGB15216	0.0	0.0	0.02578	0.79684	0.02581	0.15473	0.0368	0.0	0.11156	0.15738	0.0	0.0	0.00419	0.14644	0.10806	0.0	0.0	0.32829	0.17189	0.0	0.31491	0.81146	1.03291	0.05594	0.0	0.0	0.0	0.24451	0.29702	0.0	0.0769	0.00961	0.00159	0.16317	0.1411	0.0834	0.0	0.0	0.0	0.0	0.0	0.05073	0.0	0.0
s__Blautia_sp_Marseille_P3087	0.0	0.0	0.02294	0.0	0.0	0.0	0.0	0.0	0.0	0.0	0.0	0.0	0.0	0.0	0.0081	0.05671	0.0	0.0	0.0	0.0	0.0	0.0	0.05781	0.0	0.0	0.0	0.0	0.0	0.01895	0.04453	0.00587	0.10703	0.32501	0.00783	0.0	0.00713	0.10572	0.08348	0.01482	0.06117	0.15064	0.20657	0.0	0.0
s__GGB9345_SGB14311	0.0	0.0	0.01207	0.05942	0.0	0.0	0.0	0.0	0.0	0.0	0.0	0.0	0.0	0.04069	0.0	0.0	0.0	0.0	0.0	0.0	0.0	0.0	0.0	0.0	0.0	0.0	0.0	0.0	0.0	0.0	0.0	0.0	0.0	0.0	0.0	0.0	0.0	0.0	0.0	0.0	0.0	0.0	0.0	0.0
s__GGB9713_SGB15249	0.0	0.0	0.00255	0.00489	0.0	0.00423	0.01636	0.0	0.0	0.0	0.0	0.0	0.0	0.0049	0.0	0.00164	0.0	0.00268	0.0	0.0	0.0	0.00074	0.0	0.0	0.0	0.0	0.0	0.0	0.0	0.0	0.0	0.0	0.0	0.0	0.0	0.0	0.0	0.0	0.0	0.0	0.0	0.0	0.0	0.0
s__GGB9502_SGB14899	0.0	0.0	0.002	0.0	0.0	0.0	0.0	0.0	0.0	0.00262	0.0	0.0	0.0	0.0003	0.0	0.0	0.0	0.0	0.0	0.0	0.0	0.00185	0.0	0.0	0.0	0.0	0.0	0.0	0.0	0.00226	0.0	0.0	0.0	0.001	0.0	0.0	0.0	0.0	0.0	0.0	0.0	0.0	0.0	0.0
s__Phocea_massiliensis	0.0	0.0	0.00197	0.01956	0.0	0.0	0.0	0.0	0.02462	0.00161	0.0	0.0	0.0	0.0	0.0	0.0	0.0	0.0	0.0	0.0	0.03276	0.0224	0.0	0.0	0.0935	0.1384	0.24312	0.0	0.0	0.0	0.0	0.0	0.0	0.0	0.0	0.0	0.0	0.0	0.0	0.0	0.0	0.0	0.0	0.0
s__Clostridium_sp_Marseille_P3244	0.0	0.0	0.00121	0.00011	0.0	0.0	0.0	0.0	0.0	0.0	0.0	0.0	0.0	0.0	0.0	0.0	0.0	0.00477	0.00267	0.0	0.0	0.0	0.0	0.0	0.0	0.0	0.0	0.0	0.0029	0.0158	0.00057	0.0	0.0	0.00366	0.0	0.0	0.0	0.0	0.0	0.0	0.0	0.0	0.0	0.0
s__Alistipes_onderdonkii	0.0	0.0	0.0	5.65448	0.14604	0.36074	0.58594	0.0	0.0	0.0	0.0	0.06438	1.15437	0.91442	0.36402	0.14327	0.03674	0.27358	0.21628	0.24168	1.91107	1.10259	1.43996	0.0	0.0	0.00298	0.01381	1.26741	0.72225	0.42134	1.68206	0.12975	0.0	0.05565	0.08363	3.08196	0.0	0.02339	0.00151	0.01865	0.00149	0.00074	0.0	0.0
s__Evtepia_gabavorous	0.0	0.0	0.0	2.13243	0.41452	0.38954	0.73473	0.0	0.0	0.0	0.0	0.0	0.0	0.0	0.07695	0.01901	0.0	1.02386	0.99583	1.03254	0.71995	1.47882	3.74512	1.02491	0.0	0.0	2.23547	0.87717	1.26598	2.07518	0.0	0.0	0.0	1.24117	1.50849	1.0995	0.0	0.0	0.0	1.56184	3.04025	1.10342	0.0	0.0
s__GGB51647_SGB4348	0.0	0.0	0.0	1.70386	0.78434	3.34902	0.14848	0.0	0.0	0.0	0.0	0.05842	0.0	0.77147	0.8708	0.46551	0.0	0.0	0.0	0.0	0.0	0.0	0.0	0.0	0.0	0.0	0.0	0.0	0.0	0.0	0.0	0.0	0.0	0.0	0.0	0.54256	0.0	0.0	0.0	1.57145	1.57417	0.29279	0.0	0.0
s__GGB3343_SGB4423	0.0	0.0	0.0	1.56369	0.0	0.0	0.0	0.0	0.0	0.0	0.0	0.0	0.0	0.0	0.07774	0.7612	0.0	0.0	0.0	0.0	0.0	0.0	0.0	0.0	0.0	0.0	0.0	1.71225	2.95235	1.60867	0.0	0.0	0.0	0.0	0.0	0.0	0.0	0.0	0.0	0.0	0.0	0.0	0.0	0.0
s__Parasutterella_excrementihominis	0.0	0.0	0.0	0.66204	0.0	0.0	0.0	0.0543	0.05536	0.17128	0.01964	0.10937	0.00778	0.00842	0.0	0.0	0.0	0.01758	0.0	0.0	0.0	0.0	0.0	0.0	0.0	0.00162	0.0	0.0	0.0	0.0	0.08171	0.03507	0.0	0.0	0.0	0.0	0.0	0.0	0.0	0.0	0.0	0.0	0.0	0.0
s__GGB9708_SGB15234	0.0	0.0	0.0	0.65539	0.0	0.0	0.01018	0.0	0.07182	0.02501	0.0	0.00117	0.24055	0.5826	0.0	0.0	0.0	0.32704	0.23423	0.72829	0.0	0.0	0.0	0.01463	0.0	0.0	0.0	0.0	0.0	0.0	0.08072	0.07086	0.0	0.0	0.0	0.0	0.0	0.0	0.0	0.0	0.0	0.0	0.0	0.0
s__Clostridiaceae_bacterium_Marseille_Q4149	0.0	0.0	0.0	0.63715	0.0	0.0	0.0	0.0	0.0	0.0	0.0	0.0	0.03008	1.56417	0.18159	0.07619	0.0	0.0	0.0	0.0	0.66658	1.41763	0.01467	0.08649	0.0	0.0	0.0	0.0	0.0	0.0	1.09838	0.20597	0.29435	0.3385	0.82548	0.28384	0.0	0.0	0.0	0.0	0.0	0.0	0.0	0.0
s__Butyricicoccus_sp_AM29_23AC	0.0	0.0	0.0	0.4244	0.52351	1.52203	0.70719	0.0	0.0	0.0	1.06383	0.25323	0.32719	0.0	0.0	0.0	0.0	0.0	0.1793	1.38534	0.0	0.0	0.0	0.02063	0.0	0.0	0.0	0.0	0.0	0.0	0.0	0.0	0.0	0.0	0.0	0.0	0.0	0.0	0.0	0.0	0.0	0.0	0.0	0.0
s__GGB9342_SGB14306	0.0	0.0	0.0	0.28084	0.0	0.35033	0.0	0.0	0.0	0.0	0.0	0.0	0.0	0.0	0.0	0.0	0.0	0.0	0.14754	0.0	0.0	0.0	0.0	0.0	0.0	0.0	0.0	0.0	0.0	0.0	0.0	0.0	0.0	0.0	0.0	0.0	0.0	0.0	0.0	0.0	0.0	0.0	0.0	0.0
s__Lacticaseibacillus_paracasei	0.0	0.0	0.0	0.26898	0.0	0.0	0.0	0.0	0.0	0.0	0.0	0.0	0.0	0.0	0.0	0.0152	0.0	0.0	0.0	0.0	0.0	0.0	0.0	0.0	0.0	0.0	0.0	0.0	0.0	0.0	0.0	0.0	0.0	0.0	0.0	0.0	0.0	0.0	0.0	0.0	0.0	0.0	0.0	0.0
s__GGB9176_SGB14114	0.0	0.0	0.0	0.17417	0.0	0.0	0.0	0.0	0.0	0.0	0.0	0.0	0.0	0.0	0.0	0.0	0.0	0.27661	0.0	0.0	0.0	0.0	0.0	0.0	0.0	0.0	0.0	0.0	0.0	0.0	0.0	0.0	0.0	0.0	0.0	0.0	0.0	0.0	0.0	0.0	0.0	0.0	0.0	0.0
s__Butyricimonas_faecihominis	0.0	0.0	0.0	0.07879	0.0	0.0	0.0	0.0	0.0	0.0	0.0	0.0	0.00088	0.0	0.0	0.0	0.0	0.04738	0.00146	0.0	0.0	0.0	0.0	0.0	0.0	0.0	0.0	0.0	0.0	0.0	0.02926	0.0	0.0	0.0	0.0	0.0	0.0	0.0	0.0	0.0	0.0	0.0	0.0	0.0
s__Clostridium_sp_AF12_28	0.0	0.0	0.0	0.06459	0.0	0.0	0.00421	0.10691	0.0009	0.06869	0.01954	0.0	0.0	0.0	0.02177	0.0	0.0	0.0	0.0	0.0	0.0	0.0	0.0	0.0	0.0	0.0	0.0	0.0	0.0	0.0	0.0	0.00692	0.0	0.0	0.0	0.0	0.0	0.0	0.0	0.0	0.0	0.0	0.0	0.0
s__Clostridiales_bacterium	0.0	0.0	0.0	0.05553	0.0	0.0	0.0	0.0	0.0062	0.02207	0.0	0.0	0.0	0.0	0.0	0.0	0.0	0.02202	0.05406	0.06381	0.00113	0.00973	0.0	0.0	0.0	0.04442	0.00371	0.00608	0.0	0.0	0.02173	0.0	0.00448	0.01281	0.00912	0.0	0.0	0.0	0.0	0.0	0.0	0.0	0.0	0.0
s__Clostridium_leptum	0.0	0.0	0.0	0.0526	0.13066	0.0	0.0	0.0	0.06822	0.08835	0.0	0.0	0.03028	0.13336	0.00523	0.00786	0.0	0.08696	0.0106	0.0	0.0	0.01464	0.19278	0.00362	0.00422	0.0	0.1529	0.01188	0.02361	0.07129	0.14942	0.0	0.0	0.20034	0.12618	0.0589	0.0	0.0	0.0	0.26611	0.0474	0.0	0.0	0.0
s__Alistipes_senegalensis	0.0	0.0	0.0	0.04402	0.00061	0.02558	0.03196	0.0	0.0	0.0	0.0	0.0	0.0	0.0	0.0	0.0	0.0	0.0	0.0	0.0	0.12236	0.01849	0.00695	0.0	0.0	0.0	0.0	0.0	0.0	0.0	0.0	0.0	0.0	0.0	0.0	0.0	0.0	0.0	0.0	0.0	0.0	0.0	0.0	0.0
s__Pseudoruminococcus_massiliensis	0.0	0.0	0.0	0.03499	0.0	0.0	0.0	0.0	0.0	0.0	0.0	0.0	0.0	0.0	0.0	0.0	0.0	0.0	0.0	0.0	0.0	0.0	0.0	0.0	0.0	0.0	0.0	0.0	0.0	0.0	0.0	0.0	0.0	0.0	0.0	0.0	0.0	0.0	0.0	0.0	0.0	0.0	0.0	0.0
s__Bifidobacterium_dentium	0.0	0.0	0.0	0.03437	0.0	0.0	0.0	0.0	0.03357	0.0	0.0	0.0	0.25155	0.0	0.0	0.0	0.0	0.0	0.0	0.0	0.0	0.0	0.0	0.0	0.0	0.0	0.0	0.0	0.0	0.0	0.0	0.04818	0.01292	0.0	0.0	0.0	0.0	0.01395	0.00908	0.0	0.0	0.0	0.0	0.0
s__Candidatus_Woodwardibium_SGB14954	0.0	0.0	0.0	0.03341	0.0	0.0	0.0	0.0	0.0	0.0	0.0	0.0	0.0	0.0	0.0	0.0	0.0	0.0	0.0	0.0	0.0	0.0	0.0	0.0	0.0	0.0	0.0	0.0	0.0	0.0	0.0	0.0	0.0	0.0	0.0	0.0	0.0	0.0	0.0	0.0	0.0	0.0	0.0	0.0
s__Dysosmobacter_welbionis	0.0	0.0	0.0	0.03091	0.0	0.0	0.0	0.22518	1.30356	0.70387	0.0	0.0	0.00346	0.1678	0.0	0.0	0.0	0.14916	0.1485	0.06768	0.06156	0.02982	0.0	0.0	0.26148	0.49696	0.10865	0.13519	0.03516	0.14215	1.19498	0.06526	0.01604	0.2336	0.16001	0.23271	0.0	0.13903	0.0	0.04513	0.03012	0.0038	0.0	0.0
s__Victivallis_lenta	0.0	0.0	0.0	0.02682	0.0	0.0	0.0	0.0	0.0	0.0	0.0	0.0	0.0	0.0	0.0	0.0	0.0	0.0	0.0	0.0	0.0	0.0	0.0	0.0	0.0	0.0	0.0	0.0	0.0	0.0	0.0	0.0	0.0	0.0	0.0	0.0	0.0	0.0	0.0	0.0	0.0	0.0	0.0	0.0
s__Christensenella_minuta	0.0	0.0	0.0	0.01229	0.0	0.0	0.0	0.0	0.00464	0.0	0.0	0.0	0.0	0.00028	0.0	0.01571	0.0	0.0	0.0	0.0	0.0	0.0	0.0	0.0	0.0	0.0	0.0	0.0	0.0	0.00685	0.00879	0.0	0.0	0.00976	0.01781	0.00447	0.0	0.0	0.0	0.0	0.0	0.0	0.0	0.0
s__Lachnospiraceae_bacterium_AM48_27BH	0.0	0.0	0.0	0.01209	0.0	0.0076	0.00106	0.0	0.0	0.0	0.0	0.00206	0.0	0.0	0.0	0.0	0.0	0.0	0.0	0.0	0.00593	0.0	0.0	0.0	0.0	0.0	0.0	0.0034	0.00489	0.0	0.0	0.0	0.0	0.0	0.0	0.0	0.0	0.01488	0.04672	0.0	0.0	0.0	0.0	0.0
s__Lachnospira_eligens	0.0	0.0	0.0	0.00476	0.0	0.0	0.0	0.0	0.0	0.0	0.04896	0.0	0.0	0.0	0.0	0.0	0.0	0.03175	0.0	0.0	0.29259	0.05914	0.0	0.05302	0.0	0.0	0.0	0.04845	0.00716	0.0	0.0	0.05067	0.0	0.02634	0.0	0.0	0.0	0.0	0.0048	0.0	0.0	0.0	0.0	0.0
s__GGB9715_SGB15265	0.0	0.0	0.0	0.00328	0.05549	0.10452	0.29647	0.0	0.0	0.0	0.0	0.0	0.0	0.37026	0.26573	0.15023	0.00996	0.32245	0.2742	0.27029	0.27629	4.13743	2.3059	0.06734	0.0	0.0	0.0	0.0	0.0	0.0	0.0	0.0	0.0	0.00554	0.04776	0.0566	0.0	0.0	0.0	0.0	0.0	0.0	0.0	0.0
s__GGB9063_SGB13982	0.0	0.0	0.0	0.00298	0.0	0.0	0.0	0.0	0.0	0.0	0.0	0.0	0.0	0.0	0.0	0.0	0.0	0.03771	0.0	0.0	0.0	0.0	0.0	0.0	0.0	0.0	0.0	0.0	0.0	0.0	0.0	0.0	0.0	0.0	0.0	0.0	0.0	0.0	0.0	0.0	0.0	0.0	0.0	0.0
s__Lawsonibacter_asaccharolyticus	0.0	0.0	0.0	0.00237	0.04169	0.0	0.0	0.87499	0.36089	0.34938	0.0	0.0	0.0	0.23585	0.27036	0.05029	0.1229	0.0267	0.09305	0.13571	0.0	0.0	0.0	0.21465	0.0	0.17985	0.21124	0.11939	0.04286	0.19276	0.31231	0.00966	0.0	0.45765	0.18386	0.8112	0.0	0.0	0.0	0.07425	0.01172	0.0	0.0	0.0
s__Actinomyces_SGB17163	0.0	0.0	0.0	0.00208	0.0	0.0	0.0	0.0	0.0	0.0	0.009	0.04543	0.04153	0.0	0.0	0.0	0.0	0.0	0.0	0.0	0.0	0.06464	0.0224	0.0	0.0	0.0	0.0	0.0	0.0	0.0	0.0	0.00205	0.00661	0.0	0.0	0.0	0.0	0.0	0.0	0.0	0.0	0.0	0.0	0.0
s__Anaerotruncus_rubiinfantis	0.0	0.0	0.0	0.00163	0.0	0.0	0.0	0.0	0.0	0.0	0.0	0.0	0.0	0.0	0.0	0.0	0.0	0.00232	0.0	0.0	0.00102	0.01415	0.0	0.0	0.0	0.0	0.0	0.0	0.0	0.0	0.0	0.0	0.0	0.00173	0.0	0.0	0.0	0.0	0.0	0.0	0.0	0.0	0.0	0.0
s__GGB9818_SGB15459	0.0	0.0	0.0	0.00163	0.0	0.0	0.0	0.0	0.16656	0.0	0.0	0.0	0.0	0.0	0.0	0.0	0.0	0.0017	0.0	0.0	0.0	0.0	0.0	0.0	0.0	0.0	0.0	0.0	0.0	0.0	0.00297	0.0	0.0	0.0	0.0	0.0	0.0	0.0	0.0	0.0	0.0	0.0	0.0	0.0
s__Clostridium_sp_AM22_11AC	0.0	0.0	0.0	0.00131	0.0	0.01039	0.0	0.06172	0.0	0.16168	0.0432	0.0	0.0	0.0	0.0	0.00036	0.0	0.0	0.00224	0.0	0.04298	0.12298	0.0	0.0	1.28198	0.46249	0.08002	0.0345	0.02284	0.01309	0.0	0.0	0.0	0.00822	0.0	0.0	0.0	0.0	0.0	0.02536	0.02303	0.04762	0.0	0.0
s__Ruminococcus_callidus	0.0	0.0	0.0	0.0	2.26289	0.96937	0.22308	0.0	0.0	0.0	0.0	0.74863	2.21741	0.0	0.0	0.11624	0.0	0.0	0.0	0.0	0.0	0.0	0.0	4.67565	0.0	0.0	0.0	0.0	0.0	0.0	0.0	0.0	0.0	0.0	0.0	0.0	0.0	0.0	0.0	0.0	0.0	0.0	0.0	0.0
s__Blautia_faecicola	0.0	0.0	0.0	0.0	0.19806	0.2286	0.15849	0.0	0.0	0.0	0.0	0.0	0.0	0.0	0.0	0.0	0.0	0.0	0.0	0.0	0.0	0.0	0.0	0.0	13.16989	6.67445	4.62643	0.0	0.0	0.0	0.0	0.0	0.0	0.0	0.0	0.0	0.0	0.0	0.0	0.0	0.0	0.0	0.0	0.0
s__Clostridium_sp_AF36_4	0.0	0.0	0.0	0.0	0.17944	0.30191	0.13373	0.0	0.0	0.0	0.00076	0.0	0.01142	0.02157	0.04479	0.75954	0.05733	0.01795	0.02229	0.0	0.0	0.0	0.0	0.04091	0.0	0.0	0.00188	0.0	0.0	0.0	0.04984	0.1437	0.0	0.10334	0.10391	0.0	0.0	0.0	0.0	0.00533	0.0	0.00498	0.0	0.0
s__Parasutterella_SGB9260	0.0	0.0	0.0	0.0	0.13388	0.16602	0.14201	0.0	0.0	0.0	0.0	0.0	0.0	0.0	0.0	0.0	0.0	0.0	0.0	0.0	0.0	0.0	0.0	0.0	0.0	0.0	0.0	0.0	0.0	0.0	0.0	0.0	0.0	0.0	0.0	0.0	0.0	0.0	0.0	0.0	0.0	0.0	0.0	0.0
s__Lachnospiraceae_bacterium	0.0	0.0	0.0	0.0	0.09527	0.14935	0.12028	0.0	0.0	0.0	0.0	0.0	0.0	0.0	0.0	0.02702	0.0	0.03066	0.10642	0.0	0.0	0.0	0.0	0.07563	0.0	0.0	0.0	0.0	0.0	0.0	0.0	0.0	0.0	0.01537	0.07625	0.0	0.0	0.0	0.0	0.0	0.0	0.0	0.0	0.0
s__GGB9290_SGB14247	0.0	0.0	0.0	0.0	0.08176	0.7756	0.52336	0.0	0.73114	0.14749	0.0	0.0	0.0	0.0	0.0	0.0	0.0	0.0	0.0	0.0	0.0	0.0	0.0	0.0	0.0	0.0	0.0	0.0	0.0617	0.0	0.0	0.0	0.0	0.0	0.0	0.0	0.0	0.0	0.0	0.0	0.0	0.0	0.0	0.0
s__GGB9278_SGB14230	0.0	0.0	0.0	0.0	0.07893	1.34151	0.99636	0.0	0.0	0.0	0.0	0.0	0.0	0.0	0.0	0.0	0.0	0.0	0.0	0.0	0.0	0.0	0.0	0.0	0.0	0.0	0.0	0.0	0.0	0.0	0.0	0.0	0.0	0.0	0.0	0.0	0.0	0.0	0.0	0.0	0.0	0.0	0.0	0.0
s__GGB3746_SGB5089	0.0	0.0	0.0	0.0	0.06635	0.0117	0.02215	0.0	0.0	0.0	0.0	0.0	0.0	0.0	0.0	0.0	0.0	0.0	0.0	0.0	0.37651	0.02054	0.0	0.02313	0.0	0.0	0.0	0.0	0.0	0.0	0.01213	0.46211	0.02333	0.0	0.0	0.0	0.34578	0.0	0.0	0.0	0.0	0.0	0.0	0.0
s__Blautia_SGB101324	0.0	0.0	0.0	0.0	0.04953	0.01776	0.02843	0.0	0.0	0.0	0.0	0.0	0.0	0.0	0.0	0.0	0.0	0.0	0.0	0.0	0.29241	0.20562	0.23894	0.0	0.0	0.0	0.0	0.0	0.00159	0.19913	0.0	0.0	0.0	0.0	0.0	0.0	0.0	0.0	0.0	0.0	0.0	0.0	0.0	0.0
s__GGB3653_SGB4964	0.0	0.0	0.0	0.0	0.0362	1.45835	0.08782	0.0	0.0	0.0	0.0	0.0	0.0	0.0	0.0	0.02658	0.00228	0.0015	0.0	0.0	0.0	0.0	0.0	0.0	0.0	0.0	0.0	0.0	0.57155	0.45149	0.02272	0.0	0.0	0.0	0.0	0.0	0.0	0.0	0.0	0.0	0.0	0.0	0.0	0.0
s__GGB9261_SGB14209	0.0	0.0	0.0	0.0	0.0234	0.19417	0.26073	0.0	0.0	0.0	0.0	0.0	0.0	0.0	0.0	0.0	0.0	0.0	0.0	0.0	0.0	0.0	0.0	0.0	0.0	0.0	0.0	0.0	0.0	0.0	0.0	0.0	0.0	0.0	0.0	0.0	0.0	0.0	0.0	0.0	0.0	0.0	0.0	0.0
s__Bacteroides_cellulosilyticus	0.0	0.0	0.0	0.0	0.02195	0.19883	0.01326	0.00028	0.0	0.06251	0.02702	0.0	0.21555	0.00885	0.02258	0.10559	0.11752	0.05097	0.02001	0.0	0.0	0.0	0.0	0.0	0.0	0.0	0.0	0.00541	0.0	0.0	1.40709	0.10773	0.02118	0.0419	0.03073	0.10704	0.0	0.0	0.0	0.0	0.0	0.0	0.0	0.0
s__GGB6601_SGB9333	0.0	0.0	0.0	0.0	0.0183	0.03684	0.0275	0.0	0.0	0.0	0.0	0.0	0.0	0.0	0.05202	0.0178	0.0	0.0	0.0	0.0	1.70349	0.10155	0.0	0.0	0.0	0.0	0.0	0.00801	0.0	0.0	0.0	0.0	0.0	0.0	0.0	0.0	0.0	0.0	0.0	0.0	0.0	0.0	0.0	0.0
s__GGB9542_SGB14947	0.0	0.0	0.0	0.0	0.00879	0.04582	0.02797	0.0	0.0	0.0	0.0	0.0	0.0	0.0	0.0	0.0	0.0	0.0	0.0	0.0	0.0	0.0	0.0	0.0	0.0	0.0	0.0	0.0	0.0	0.0	0.0	0.0	0.0	0.0	0.0	0.0	0.0	0.0	0.0	0.0	0.0	0.0	0.0	0.0
s__GGB51269_SGB5062	0.0	0.0	0.0	0.0	0.0083	0.10915	0.03651	0.0	0.0	0.0	0.0	0.0	0.0	0.0	0.0	0.0	0.0	0.0	0.0	0.0	0.0	0.0	0.0	0.0	0.0	0.0	0.0	0.0	0.0	0.0	0.0	0.0	0.0	0.0	0.0	0.0	0.0	0.0	0.0	0.0	0.0	0.0	0.0	0.0
s__Clostridium_sp_1001270H_150608_G6	0.0	0.0	0.0	0.0	0.00826	0.0404	0.07692	0.0	0.0	0.0	0.0	0.0	0.0	0.0	0.0	0.10164	0.0	0.0	0.0	0.0	0.0	0.0	0.0	4.21228	0.0	0.0	0.0	0.26842	1.3884	1.72504	0.0	0.0	0.0	0.0	0.0	0.0	0.0	0.0	0.0	0.0	0.0	0.0	0.0	0.0
s__Rothia_mucilaginosa	0.0	0.0	0.0	0.0	0.00774	0.00192	0.00553	0.0	0.0	0.0	0.00566	0.01668	0.01194	0.0	0.0	0.0	0.0	0.0	0.0	0.0	0.0	0.07473	0.0	0.00134	0.0	0.00567	0.0	0.0	0.0128	0.0	0.00427	0.0	0.026	0.0	0.0	0.0	0.00722	0.0	0.0	0.0	0.0	0.0	0.0	0.0
s__Escherichia_coli	0.0	0.0	0.0	0.0	0.00752	0.0	0.0	0.0	0.0	0.0	0.0	0.0	0.0	0.0	0.0	1.89481	0.0	0.00739	0.00112	0.0	0.0	0.0	0.0	0.0	0.0	0.0	0.0	0.01836	0.00392	0.00672	0.0	0.0	0.0	0.0	0.0	0.0	0.00578	0.0	0.04029	0.0	0.0	0.0	0.0	0.0
s__Actinomyces_bouchesdurhonensis	0.0	0.0	0.0	0.0	0.00715	0.0	0.0	0.0	0.0	0.0	0.0	0.0	0.0	0.00434	0.0	0.0	0.0	0.0	0.0	0.0	0.0	0.0	0.0	0.0	0.00078	0.02108	0.06806	0.0	0.0	0.0	0.0	0.0	0.0	0.0	0.0	0.0	0.01145	0.0	0.0	0.0	0.0	0.0	0.0	0.0
s__GGB9677_SGB15180	0.0	0.0	0.0	0.0	0.00403	2.37675	0.05749	0.0	0.0	0.05506	0.0	0.0	0.0	0.0	0.0	0.02736	0.0	1.30444	0.66936	0.21075	0.0	0.0	0.0	0.0	0.0	0.0	0.0	0.0	0.0	0.0	0.0	0.0	0.0	0.0	0.0	0.0	0.0	0.0	0.0	0.0	0.0	0.0	0.0	0.0
s__Monoglobus_pectinilyticus	0.0	0.0	0.0	0.0	0.0	0.11864	0.0	0.0	0.0	0.0	0.0	0.0	0.0	0.0	0.0	0.0	0.0	0.0	0.0	0.0	0.0	0.0	0.0	0.0	0.0	0.0	0.0	0.0	0.0	0.0	0.0	0.0	0.0	0.00701	0.02295	0.0	0.0	0.0	0.0	0.0	0.0	0.0	0.0	0.0
s__GGB3278_SGB4328	0.0	0.0	0.0	0.0	0.0	0.10722	0.0	0.0	0.0	0.0	0.0	0.0	0.0	0.0	0.0	0.38376	0.0	0.0	0.0	0.0	0.0	0.0	0.0	0.0	0.0	0.0	0.0	0.0	0.0	0.0	0.0	0.0	0.0	0.0	0.0	0.0	0.0	0.0	0.0	0.0	0.0	0.0	0.0	0.0
s__Bacteroides_xylanisolvens	0.0	0.0	0.0	0.0	0.0	0.03466	0.00344	0.0	0.0	0.04718	0.0	0.0	0.0	0.0	0.0	0.0	0.0	0.03197	0.01547	0.0	0.04602	0.03518	0.0	0.0	0.0	0.0	0.0	0.0	0.00056	0.0	0.03491	0.01177	0.0	0.07088	0.0	0.0	0.0	0.0	0.0	0.08453	0.16119	0.02602	0.0	0.0
s__Veillonella_rogosae	0.0	0.0	0.0	0.0	0.0	0.01361	0.00118	0.0	0.0	0.0	0.00061	0.0	0.0	0.0	0.0	0.0	0.0	0.0	0.0	0.0	0.0	0.00632	0.0	0.0	0.0	0.0	0.0	0.0	0.0	0.0	0.0	0.0	0.0	0.0	0.0	0.0	0.00891	0.01167	0.02404	0.0	0.0	0.0	0.0	0.0
s__GGB4768_SGB6601	0.0	0.0	0.0	0.0	0.0	0.00734	0.0	0.0	0.0	0.0	0.0	0.0	0.0	0.0	0.0	0.0	0.0	0.0	0.0	0.0	0.0	0.0	0.0	0.0	0.0	0.0	0.0	0.0	0.0	0.0	0.0	0.0	0.0	0.0	0.0	0.0	0.0	0.0	0.0	0.0	0.0	0.0	0.0	0.0
s__Clostridium_sp_AF34_13	0.0	0.0	0.0	0.0	0.0	0.00372	0.0	0.0	0.0	0.0	0.0	0.0	0.0	0.0	0.0	0.0	0.09967	0.0	0.0	0.0	0.0	0.0	0.0	0.0	0.0	0.0	0.0	0.0	0.00339	0.0	0.0	0.0	0.0	0.0	0.0	0.0	0.0	0.0	0.0	0.0	0.0	0.0	0.0	0.0
s__Lachnospira_sp_NSJ_43	0.0	0.0	0.0	0.0	0.0	0.00271	0.0	0.0	0.0	0.05485	0.0	0.0	0.0	0.0	0.0	0.0	0.0	0.0	0.0	0.0	0.05956	0.08187	0.0	0.0	0.0	0.0	0.0	0.0	0.0	0.0	0.0	0.0186	0.0	0.0	0.0	0.0	0.0	0.0	0.0	0.0	0.0	0.0	0.0	0.0
s__GGB3277_SGB4327	0.0	0.0	0.0	0.0	0.0	0.0	0.09995	0.0	0.0	0.0	0.0	0.0	0.0	0.10255	0.0	0.0	0.06302	0.0	0.0	0.0	0.0	0.0	0.0	0.0	0.0	0.0	0.0	0.25887	0.56299	0.49722	0.0	0.0	0.0	0.0	0.0	0.0	0.0	0.0	0.0	0.0	0.0	0.0	0.0	0.0
s__Butyrivibrio_crossotus	0.0	0.0	0.0	0.0	0.0	0.0	0.07444	0.0	0.0	0.0	0.0	0.0	0.0	0.0	0.0	0.0	0.0	0.0	0.0	0.0	0.0	0.0	0.0	0.0	0.0	0.0	0.0	0.0	0.0	0.0	0.13149	0.07982	0.0	0.0	0.0	0.0	0.0	0.0	0.0	0.0	0.0	0.0	0.0	0.0
s__GGB9266_SGB14215	0.0	0.0	0.0	0.0	0.0	0.0	0.06197	0.0	0.0	0.0	0.0	0.0	0.0	0.0	0.0	0.0	0.0	0.0	0.0	0.0	0.0	0.0	0.0	0.0	0.0	0.0	0.0	0.0	0.0	0.0	0.0	0.0	0.0	0.0	0.0	0.0	0.0	0.0	0.0	0.0	0.0	0.0	0.0	0.0
s__Clostridiaceae_bacterium_Marseille_Q3526	0.0	0.0	0.0	0.0	0.0	0.0	0.00834	0.0	0.0	0.0	0.0	0.0	0.0	0.0	0.0	0.0	0.0	0.0	0.0	0.0	0.0	0.0	0.0	0.0	0.0	0.0	0.0	0.0	0.0	0.0	0.0	0.0	0.0	0.02667	0.01289	0.0	0.0	0.0	0.0	0.0	0.0	0.0	0.0	0.0
s__GGB3612_SGB4882	0.0	0.0	0.0	0.0	0.0	0.0	0.00471	0.0	0.0	0.0	0.0	0.0	0.0	0.0	0.0	0.17015	0.0177	0.0	0.0	0.0	0.0	0.0	0.0	0.0	0.0	0.0	0.0	0.0	0.0	0.0	0.0	0.01269	0.0	0.0	0.0	0.0	0.0	0.0	0.0	0.0	0.0	0.0	0.0	0.0
s__GGB51884_SGB49168	0.0	0.0	0.0	0.0	0.0	0.0	0.00262	0.0	0.0	0.0	0.0	0.0	0.0	0.0	0.0	0.0	0.0	0.0	0.0	0.0	0.0	0.0	0.0	0.0	0.0	0.0	0.0	0.0	0.0	0.0	0.0	0.0	0.0	0.0	0.0	0.0	0.0	0.0	0.0	0.0	0.0	0.0	0.0	0.0
s__Clostridiaceae_unclassified_SGB4771	0.0	0.0	0.0	0.0	0.0	0.0	0.00122	0.0	0.0	0.0	0.0	0.0	0.0	0.0	0.0	0.0	0.0	0.0	0.0	0.0	0.0	0.0	0.0	0.0	0.0	0.0	0.0	0.0	0.0	0.0	0.0	0.0	0.0	0.0	0.0	0.0	0.0	0.0	0.0	0.0	0.0	0.0	0.0	0.0
s__Holdemania_sp_1001095H_141210_F2	0.0	0.0	0.0	0.0	0.0	0.0	0.00027	0.01496	0.02141	0.01379	0.0	0.0	0.0	0.0	0.0	0.0	0.0	0.0	0.0	0.0	0.0	0.0	0.0	0.0	0.0	0.0	0.0	0.0	0.0	0.02808	0.0	0.0	0.0	0.0	0.0	0.0	0.0	0.0	0.0	0.0	0.03583	0.0	0.0	0.0
s__Dialister_hominis	0.0	0.0	0.0	0.0	0.0	0.0	0.0	1.87314	0.04965	0.0	0.0	0.0	0.0	0.0	0.0	0.0	0.0	0.0	0.0	0.0	0.0	0.0	0.0	0.0	0.0	0.0	0.0	0.0	0.0	0.0	0.0	0.0	0.0	0.0	0.0	0.0	0.0	0.0	0.0	0.0	0.0	0.0	0.0	0.0
s__Phocaeicola_dorei	0.0	0.0	0.0	0.0	0.0	0.0	0.0	0.71051	0.06062	2.9168	0.16242	0.01148	0.16665	0.10553	0.0	0.0	0.0	1.13679	0.65623	0.0	1.66645	0.59211	0.05773	0.01198	0.0209	0.03873	0.06548	0.00366	0.0	0.00156	0.18973	0.01762	0.01724	0.24435	0.03293	0.01508	0.0	0.36232	0.03701	0.0	0.0	0.0	0.0	0.0
s__Ellagibacter_isourolithinifaciens	0.0	0.0	0.0	0.0	0.0	0.0	0.0	0.70228	1.38164	0.13564	0.0	0.0	0.0	0.0	0.18825	0.10776	0.16173	0.0	0.0	0.0	0.0	0.0	0.0	0.38033	0.0	0.0	0.0	0.0	0.0	0.0	0.0	0.0	0.0	0.0	0.0	0.0	0.0	0.0	0.0	0.0	0.0	0.0	0.0	0.0
s__Flavonifractor_plautii	0.0	0.0	0.0	0.0	0.0	0.0	0.0	0.60252	1.02448	0.41953	0.0	0.0	0.0	0.09406	0.00185	0.01091	0.00358	0.14773	0.27538	0.0	0.03112	0.08759	0.02367	0.0	0.10719	1.23095	1.03851	0.00196	0.0	0.04182	0.0	0.0	0.20827	0.19343	0.06973	0.15564	0.05924	0.34074	0.07139	0.22243	0.10982	0.03294	0.0	0.0
s__Ruminococcus_sp_BSD2780120874_150323_B10	0.0	0.0	0.0	0.0	0.0	0.0	0.0	0.56994	0.0	0.0	0.0	0.0	0.0	0.0	0.0	0.0	0.0	0.0	0.0	0.0	0.0	0.0	0.0	0.0	0.0	0.0	0.0	0.86183	2.47768	0.67761	0.0	0.0	0.0	0.0	0.0	0.0	0.0	0.0	0.0	0.0	0.0	0.0	0.0	0.0
s__Phocaeicola_plebeius	0.0	0.0	0.0	0.0	0.0	0.0	0.0	0.18039	0.00311	0.42189	0.0	0.0	0.0	0.0	0.0	0.0	0.0	0.0	0.0	0.0	0.0	0.0	0.0	0.0	0.0	0.0	0.0	0.0	0.0	0.0	0.0	0.0	0.0	0.0	0.0	0.0	0.0	0.0	0.0	0.0	0.0	0.0	0.0	0.0
s__Clostridia_bacterium_UC5_1_1D1	0.0	0.0	0.0	0.0	0.0	0.0	0.0	0.1239	0.23025	0.0567	0.0	0.0	0.0	0.0	0.01429	0.0	0.00232	0.0	0.02067	0.0	0.0	0.02424	0.0	0.0	0.12268	0.19548	0.06712	0.00892	0.0239	0.07569	0.0	0.0	0.0	0.0	0.0	0.0	0.00686	0.00354	0.0	0.0	0.0	0.0	0.0	0.0
s__Ruminococcus_gnavus	0.0	0.0	0.0	0.0	0.0	0.0	0.0	0.06858	0.03324	0.0268	0.0	0.0	0.0	0.06405	0.0	0.0	0.00667	0.0	0.0	0.0	0.0	0.0	0.0	0.0	0.19961	0.12622	0.03344	0.0	0.0	0.0	0.0	0.0	0.0	0.00862	0.0	0.0	1.62674	2.53768	1.14006	0.0	0.04322	0.0	0.0	0.0
s__Dakarella_massiliensis	0.0	0.0	0.0	0.0	0.0	0.0	0.0	0.0629	0.34347	0.3617	0.0	0.0	0.0	0.0	0.0	0.0	0.0	0.0	0.0	0.0	0.0	0.0	0.0	0.0	0.0	0.0	0.0	0.0	0.0	0.0	0.0	0.0	0.0	0.0	0.0	0.0	0.0	0.0	0.0	0.0	0.0	0.0	0.0	0.0
s__Holdemanella_biformis	0.0	0.0	0.0	0.0	0.0	0.0	0.0	0.04354	0.0	0.03625	0.0	0.0	0.0	0.0	0.02968	0.0732	0.10919	0.0	0.0	0.0	0.39787	0.27905	0.77562	0.06391	0.0	0.0	0.0	0.0	0.0	0.0	0.00564	0.00525	0.09996	0.0	0.0	0.0	0.03181	0.05474	0.069	0.05496	0.52338	0.13894	0.0	0.0
s__Phascolarctobacterium_faecium	0.0	0.0	0.0	0.0	0.0	0.0	0.0	0.04276	0.0	0.17547	0.0	0.0	0.0	0.07541	0.0	0.0	0.0	0.0	0.0	0.0	0.04045	0.12438	0.0	0.0	0.73416	0.42525	0.34774	0.57692	1.18348	0.07797	0.0	0.0	0.0	0.79674	0.32804	0.21049	0.0	0.0	0.0	0.0	0.0	0.0	0.0	0.0
s__Sellimonas_intestinalis	0.0	0.0	0.0	0.0	0.0	0.0	0.0	0.0183	0.0	0.00679	0.0	0.0	0.0	0.0	0.0	0.0	0.0	0.53875	0.49746	0.0	0.0	0.0	0.0	0.0	0.0	0.0	0.0	0.00352	0.05367	0.1085	0.0	0.0	1.48657	0.0	0.0	0.0	0.0	0.0	0.0	0.0	0.0	0.0	0.0	0.0
s__Clostridiales_bacterium_CHKCI006	0.0	0.0	0.0	0.0	0.0	0.0	0.0	0.00916	0.0	0.0	0.0	0.0	0.0	0.0	0.0	0.0	0.0	0.0	0.0	0.0	0.0	0.0	0.0	0.0	0.0	0.0	0.0	0.0	0.0	0.0	0.0	0.0	0.0	0.0	0.0	0.0	0.0	0.0	0.0	0.0	0.0	0.0	0.0	0.0
s__Raoultibacter_massiliensis	0.0	0.0	0.0	0.0	0.0	0.0	0.0	0.00773	0.16281	0.00786	0.0	0.0	0.0	0.00376	0.0	0.0	0.0	0.0	0.0	0.0	0.0	0.0	0.0	0.0	0.0	0.0	0.0	0.0	0.0	0.00211	0.01105	0.0	0.0	0.0	0.0	0.0	0.0	0.0	0.0	0.0	0.0	0.0	0.0	0.0
s__Bacteroides_salyersiae	0.0	0.0	0.0	0.0	0.0	0.0	0.0	0.00425	0.0	0.15211	0.0	0.0	0.0	0.0	0.0	0.01763	0.0	0.0	0.0	0.0	0.16997	0.03168	0.0	0.0	0.0	0.0	0.0	0.0	0.0	0.0	0.0	0.0	0.0	0.0	0.0	0.0	0.0	0.0	0.0	0.0	0.0	0.0	0.0	0.0
s__GGB9621_SGB15073	0.0	0.0	0.0	0.0	0.0	0.0	0.0	0.00396	0.0	0.0	0.0	0.0	0.0	0.0	0.0	0.0	0.0	0.0	0.0	0.0	0.0	0.0	0.0	0.0	0.0	0.0	0.0	0.0	0.0	0.0	0.0	0.0	0.0	0.0	0.0	0.0	0.0	0.0	0.0	0.0	0.0	0.0	0.0	0.0
s__Bittarella_massiliensis	0.0	0.0	0.0	0.0	0.0	0.0	0.0	0.0	0.08228	0.03674	0.0	0.0	0.0	0.0	0.0	0.0	0.0	0.0	0.0	0.0	0.0	0.0	0.0	0.0	0.00491	0.01703	0.00865	0.0	0.0	0.00782	0.0	0.0	0.0	0.02237	0.01436	0.0	0.0	0.0	0.0	0.0	0.0	0.0	0.0	0.0
s__Christensenella_sp_Marseille_P3954	0.0	0.0	0.0	0.0	0.0	0.0	0.0	0.0	0.04256	0.00337	0.0	0.0	0.0	0.0	0.0	0.0	0.0	0.0	0.0	0.0	0.0	0.0	0.0	0.0	0.0	0.0	0.0	0.0	0.0	0.01403	0.0	0.0	0.0	0.0	0.0	0.0	0.0	0.0	0.0	0.0	0.0	0.0	0.0	0.0
s__Intestinimonas_massiliensis	0.0	0.0	0.0	0.0	0.0	0.0	0.0	0.0	0.02962	0.01677	0.0	0.0	0.0	0.02556	0.0	0.0	0.0	0.01871	0.0	0.0	0.0	0.0	0.0	0.0	0.0	0.0	0.0	0.0	0.0	0.0	0.0	0.0	0.0	0.0	0.0	0.0	0.0	0.0	0.0	0.0	0.0	0.0	0.0	0.0
s__Prevotella_copri_clade_A	0.0	0.0	0.0	0.0	0.0	0.0	0.0	0.0	0.0008	0.0	0.0	0.0	0.0	0.0	0.0	0.02551	0.0	0.0	0.0	0.0	0.0	0.0	0.0	1.26476	0.0	0.0	0.0	8.16818	2.46425	0.59335	0.0	0.0	0.0	0.0	0.0	0.0	0.0	0.0	0.0	0.0	0.0	0.0	0.0	0.0
s__Pseudoflavonifractor_capillosus	0.0	0.0	0.0	0.0	0.0	0.0	0.0	0.0	0.00036	0.0	0.0	0.0	0.00034	0.02356	0.0	0.0	0.0	0.0	0.0	0.0	0.00071	0.00238	0.0	0.0	0.0	0.0	0.0	0.0011	0.00067	0.0	0.0	0.0	0.0	0.0	0.0	0.0	0.0	0.0	0.0	0.0	0.0	0.0	0.0	0.0
s__Bacteroides_faecis	0.0	0.0	0.0	0.0	0.0	0.0	0.0	0.0	0.0	0.18457	0.0	0.0	0.07595	0.0	0.29949	0.27849	0.55141	0.30625	0.31055	0.0	0.0	0.0	0.0	0.0	0.0	0.12222	0.21406	0.0928	0.06466	0.03292	0.0	0.0	0.0	0.0	0.0	0.0	0.0	0.0	0.0	0.22779	0.0	0.78727	0.0	0.0
s__Lachnospira_pectinoschiza	0.0	0.0	0.0	0.0	0.0	0.0	0.0	0.0	0.0	0.11253	0.0	0.0	0.0	0.0	0.0	0.0	0.0	0.0	0.0	0.0	0.0	0.0	0.0	0.0	0.0	0.0	0.0	0.0	0.0	0.0	0.0	0.08846	0.0	0.07936	0.0	0.0	0.0	0.0	0.40752	0.0	0.03088	0.0	0.0	0.0
s__Enterocloster_aldenensis	0.0	0.0	0.0	0.0	0.0	0.0	0.0	0.0	0.0	0.04257	0.0	0.0	0.0	0.0	0.0	0.0	0.0	0.0	0.0	0.0	0.0	0.0	0.0	0.0	0.01412	0.0	0.0	0.0	0.0	0.0	0.0	0.0	0.0	0.0	0.0	0.0	0.0	0.0	0.0	0.0	0.0	0.0	0.0	0.0
s__Merdimonas_faecis	0.0	0.0	0.0	0.0	0.0	0.0	0.0	0.0	0.0	0.02495	0.0	0.0	0.0	0.0	0.0	0.0	0.0	0.02911	0.01196	0.0	0.0	0.0	0.0	0.0	0.0	0.0	0.0	0.0	0.0	0.0	0.0	0.0	0.02169	0.0	0.0	0.0	0.0	0.0	0.0	0.0	0.0	0.0	0.0	0.0
s__Blautia_caecimuris	0.0	0.0	0.0	0.0	0.0	0.0	0.0	0.0	0.0	0.00054	0.0	0.0	0.0	0.0	0.0	0.0	0.0	0.0	0.0	0.0	0.0	0.0	0.0	0.0	0.37232	0.07593	0.07991	0.0	0.0	0.0	0.0	0.0	0.0	0.0	0.0	0.0	0.0	0.0	0.0	0.0	0.0	0.0	0.0	0.0
s__GGB3478_SGB4643	0.0	0.0	0.0	0.0	0.0	0.0	0.0	0.0	0.0	0.0	2.41436	0.0	0.00211	0.0	0.0	0.0	0.0	0.0	0.0	0.0	0.0	0.0	0.0	0.0	0.0	0.0	0.0	0.0	0.0	0.0	0.0	0.0	0.0	0.0	0.0	0.0	0.0	0.0	0.0	0.0	0.0	0.0	0.0	0.0
s__GGB4266_SGB5809	0.0	0.0	0.0	0.0	0.0	0.0	0.0	0.0	0.0	0.0	1.29095	0.74356	0.37277	0.0	0.0	0.0	0.0	0.0	0.0	0.0	0.0	0.0	0.0	0.0	0.0	0.0	0.0	0.0	0.0	0.0	0.0	0.0	0.0	0.0	0.0	0.0	0.0	0.0	0.0	0.0	0.0	0.0	0.0	0.0
s__Streptococcus_parasanguinis	0.0	0.0	0.0	0.0	0.0	0.0	0.0	0.0	0.0	0.0	0.26097	0.02957	0.43371	0.0	0.00299	0.00261	0.10007	0.0	0.0	0.0	0.0	0.24135	0.0	0.0	0.01418	0.13558	0.0	0.0	0.0	0.0	0.17389	0.27213	0.21868	0.01858	0.01326	0.0	0.05713	0.03139	0.12895	0.01443	0.02424	0.0023	0.0	0.0
s__Prevotella_marseillensis	0.0	0.0	0.0	0.0	0.0	0.0	0.0	0.0	0.0	0.0	0.08987	0.23347	2.70211	0.0	0.0	0.0	0.0	0.0	0.0	0.0	0.0	0.0	0.0	0.0	0.0	0.0	0.0	0.0	0.0	0.0	0.0	0.0	0.0	0.0	0.0	0.0	0.0	0.0	0.0	0.0	0.0	0.0	0.0	0.0
s__Veillonella_dispar	0.0	0.0	0.0	0.0	0.0	0.0	0.0	0.0	0.0	0.0	0.08595	0.0	0.0	0.0	0.0	0.0	0.0	0.0	0.0	0.0	0.0	0.0	0.0	0.0	0.0	0.0	0.0	0.0	0.0	0.0	0.0	0.0	0.0	0.0	0.0	0.0	0.07806	0.08297	0.1071	0.0	0.0	0.0	0.0	0.0
s__Veillonella_atypica	0.0	0.0	0.0	0.0	0.0	0.0	0.0	0.0	0.0	0.0	0.07648	0.0	0.0	0.0	0.0	0.0	0.0	0.0	0.0	0.0	0.0	0.0	0.0	0.0	0.0	0.0	0.0	0.0	0.0	0.0	0.0	0.0	0.0	0.0	0.0	0.0	0.00945	0.06664	0.11002	0.0	0.0	0.0	0.0	0.0
s__Weissella_confusa	0.0	0.0	0.0	0.0	0.0	0.0	0.0	0.0	0.0	0.0	0.04958	0.0	0.0	0.0	0.0	0.0	0.0	0.0	0.0	0.0	0.0	0.24321	0.0	0.0	0.0	0.0	0.0	0.0	0.0	0.0	0.0	0.0	0.0	0.0	0.0	0.0	0.0	0.0	0.0	0.0	0.0	0.0	0.0	0.0
s__Isoptericola_variabilis	0.0	0.0	0.0	0.0	0.0	0.0	0.0	0.0	0.0	0.0	0.04248	0.01768	0.09388	0.0	0.00235	0.00311	0.0	0.0	0.0	0.0	0.0	0.0	0.0	0.0	0.0	0.0	0.0	0.0	0.0	0.0	0.0	0.0	0.0	0.0	0.0	0.0	0.0	0.0	0.0	0.0	0.0	0.0	0.0	0.0
s__Actinomyces_graevenitzii	0.0	0.0	0.0	0.0	0.0	0.0	0.0	0.0	0.0	0.0	0.03361	0.07671	0.00021	0.0	0.0	0.0	0.0	0.0	0.0	0.0	0.0	0.00431	0.0	0.0	0.0	0.06407	0.0	0.0	0.0	0.0	0.0	0.0	0.0	0.0	0.0	0.0	0.00091	0.0	0.0	0.01388	0.03752	0.0	0.0	0.0
s__Candidatus_Catenibacterium_tridentinum	0.0	0.0	0.0	0.0	0.0	0.0	0.0	0.0	0.0	0.0	0.01438	0.0	0.0	0.0	0.0	0.0	0.0	0.0	0.0	0.0	0.0	0.0	0.0	0.03703	0.20979	0.0	0.00041	0.0	0.0	0.0	0.01656	0.03716	0.03277	0.0	0.0	0.0	0.0	0.0	0.0	0.0	0.0	0.0	0.0	0.0
s__Phocaeicola_massiliensis	0.0	0.0	0.0	0.0	0.0	0.0	0.0	0.0	0.0	0.0	0.01246	0.00026	0.0	0.10067	0.04418	0.0	0.37637	0.0	0.0	0.0	1.3695	0.84939	0.02899	0.02061	0.75204	1.85555	1.49157	0.0	0.0	0.0	1.95461	0.35748	0.11331	0.0	0.0	0.0	0.00419	3.81328	0.05514	0.0	0.0	0.0	0.0	0.0
s__Leuconostoc_lactis	0.0	0.0	0.0	0.0	0.0	0.0	0.0	0.0	0.0	0.0	0.00734	0.0	0.0	0.0	0.0	0.0	0.0	0.0	0.0	0.0	0.0	0.0	0.0	0.0	0.0	0.0	0.0	0.0	0.0	0.0	0.0	0.0	0.0	0.0	0.0	0.0	0.0	0.0	0.0	0.0	0.0	0.0	0.0	0.0
s__Lactobacillus_delbrueckii	0.0	0.0	0.0	0.0	0.0	0.0	0.0	0.0	0.0	0.0	0.00681	0.0	0.0	0.0	0.0	0.0	0.0	0.0	0.0	0.0	0.0	0.0	0.0	0.0	0.0	0.0	0.0	0.0	0.0	0.0	0.0	0.0	0.0	0.0	0.0	0.0	0.0	0.0	0.0	0.0	0.0	0.0	0.0	0.0
s__Romboutsia_timonensis	0.0	0.0	0.0	0.0	0.0	0.0	0.0	0.0	0.0	0.0	0.0055	0.0	0.0	0.0	0.0	0.0	0.0	0.0	0.0	0.0	0.0	0.0	0.0	0.0	0.0	0.0	0.0	0.0	0.0	0.0	0.0	0.0	0.0	0.0	0.0	0.0	0.0	0.0	0.0	0.0	0.0	0.0	0.0	0.0
s__Eubacterium_SGB4961	0.0	0.0	0.0	0.0	0.0	0.0	0.0	0.0	0.0	0.0	0.00458	0.0	0.0	0.0	0.0	0.0	0.0	0.0	0.0	0.0	0.0	0.0	0.0	0.0	0.0	0.0	0.0	0.0	0.00079	0.0	0.0	0.0	0.0	0.0	0.0	0.0	0.0	0.0	0.0	0.0315	0.55803	0.07567	0.0	0.0
s__Lachnospiraceae_bacterium_OM04_12BH	0.0	0.0	0.0	0.0	0.0	0.0	0.0	0.0	0.0	0.0	0.0009	0.0	0.0	0.0	0.0	0.0	0.0	0.0	0.0	0.0	0.0	0.0	0.0	0.0	0.0	0.0	0.0	0.0	0.0	0.0	0.0	0.0	0.0	0.0	0.0	0.0	0.0	0.0	0.0	0.0	0.0	0.0	0.0	0.0
s__Gordonibacter_pamelaeae	0.0	0.0	0.0	0.0	0.0	0.0	0.0	0.0	0.0	0.0	0.0	0.01506	0.05945	0.39689	0.0	0.0	0.0	0.13388	0.07372	0.0624	0.01622	0.1108	0.0	0.0	0.01529	0.05733	0.02001	0.03051	0.10712	0.15421	0.0	0.0	0.0	0.11308	0.27475	0.3033	0.0	0.0	0.0	0.78056	0.18343	0.14543	0.0	0.0
s__Actinomyces_sp_ph3	0.0	0.0	0.0	0.0	0.0	0.0	0.0	0.0	0.0	0.0	0.0	0.01262	0.0	0.0	0.0	0.0	0.0	0.0	0.0	0.0	0.0	0.0	0.0	0.0	0.0	0.0	0.0	0.0	0.0	0.0	0.0	0.0	0.0	0.0	0.0	0.0	0.0	0.0	0.0	0.0	0.0	0.0	0.0	0.0
s__Limosilactobacillus_fermentum	0.0	0.0	0.0	0.0	0.0	0.0	0.0	0.0	0.0	0.0	0.0	0.0	1.35435	0.0	0.0	0.0	0.0	0.0	0.0	0.0	0.0	0.0	0.0	0.0	0.0	0.0	0.0	0.0	0.0	0.0	0.0	0.0	0.0	0.0	0.0	0.0	0.0	0.0	0.0	0.0	0.0	0.0	0.0	0.0
s__Lactobacillus_acidophilus	0.0	0.0	0.0	0.0	0.0	0.0	0.0	0.0	0.0	0.0	0.0	0.0	0.15128	0.0	0.0	0.0	0.0	0.0	0.0	0.0	0.0	0.0	0.0	0.0	0.0	0.0	0.0	0.0	0.0	0.0	0.0	0.0	0.0	0.0	0.0	0.0	0.00373	0.0	0.0	0.0	0.0	0.0	0.0	0.0
s__Hydrogeniiclostidium_mannosilyticum	0.0	0.0	0.0	0.0	0.0	0.0	0.0	0.0	0.0	0.0	0.0	0.0	0.00862	0.0	0.0	0.0	0.0	0.09137	0.09614	0.0	0.0	0.0	0.0	0.0	0.0	0.0	0.0	0.0	0.0	0.0	0.0	0.0	0.0	0.0	0.0	0.0	0.0	0.0	0.0	0.0	0.0	0.0	0.0	0.0
s__GGB47687_SGB2286	0.0	0.0	0.0	0.0	0.0	0.0	0.0	0.0	0.0	0.0	0.0	0.0	0.00506	0.0	0.8874	1.01624	0.05896	0.0	0.0	0.0	0.0	0.0	0.0	0.0	0.0	0.0	0.0	0.3668	0.27806	0.28132	0.0	0.0	0.0	0.0	0.0	0.0	0.0	0.0	0.0	0.0	0.0	0.0	0.0	0.0
s__Bacteroides_fragilis	0.0	0.0	0.0	0.0	0.0	0.0	0.0	0.0	0.0	0.0	0.0	0.0	0.00403	0.0	0.0	0.00094	0.0	0.11324	0.06345	0.0	0.0	0.0	0.0	0.01792	0.0	0.0	0.0	0.0	0.0	0.0	0.0	0.0	0.0	0.0183	0.00318	0.0	0.0	0.0	0.0	0.0	0.06525	0.0	0.0	0.0
s__Rothia_SGB49305	0.0	0.0	0.0	0.0	0.0	0.0	0.0	0.0	0.0	0.0	0.0	0.0	0.00184	0.0	0.0	0.0	0.0	0.0	0.0	0.0	0.0	0.0	0.0	0.0	0.0	0.0	0.0	0.0	0.0	0.0	0.0	0.0	0.0	0.0	0.0	0.0	0.0	0.0	0.0	0.0	0.0	0.0	0.0	0.0
s__Massiliimalia_timonensis	0.0	0.0	0.0	0.0	0.0	0.0	0.0	0.0	0.0	0.0	0.0	0.0	0.00158	0.0	0.00411	0.04072	0.0	0.0	0.0134	0.0	0.0	0.0	0.0	0.0	0.03197	0.03992	0.01672	0.0	0.0	0.00361	0.00476	0.0	0.0	0.04745	0.0238	0.0	0.0	0.0	0.0	0.00063	0.00154	0.00108	0.0	0.0
s__Massiliimalia_massiliensis	0.0	0.0	0.0	0.0	0.0	0.0	0.0	0.0	0.0	0.0	0.0	0.0	0.00018	0.0	0.0	0.00139	0.0	0.0	0.0	0.0	0.0	0.0	0.00612	0.0	0.0	0.0	0.0	0.0	0.0095	0.05592	0.0	0.0	0.0	0.0	0.0	0.0	0.0	0.0	0.0	0.0	0.0	0.0	0.0	0.0
s__GGB32900_SGB53446	0.0	0.0	0.0	0.0	0.0	0.0	0.0	0.0	0.0	0.0	0.0	0.0	0.0	0.33133	0.0	0.0	0.0	0.0	0.0	0.0	0.0	0.0	0.0	0.0	0.0	0.0	0.0	0.0	0.0	0.0	0.0	0.0	0.0	0.0	0.0	0.0	0.0	0.0	0.0	0.0	0.0	0.0	0.0	0.0
s__GGB3341_SGB4420	0.0	0.0	0.0	0.0	0.0	0.0	0.0	0.0	0.0	0.0	0.0	0.0	0.0	0.3255	0.0	0.0	1.4225	0.0	0.0	0.0	0.0	0.0	0.0	0.0	0.0	0.0	0.0	0.0	0.0	0.0	0.0	0.0	0.0	0.0	0.0	0.0	0.0	0.0	0.0	0.0	0.0	0.0	0.0	0.0
s__GGB9359_SGB14334	0.0	0.0	0.0	0.0	0.0	0.0	0.0	0.0	0.0	0.0	0.0	0.0	0.0	0.27814	0.0	0.0	0.0	0.0	0.0	0.0	0.0	0.0	0.0	0.0	0.10655	0.50091	0.28489	0.0	0.0	0.0	0.0	0.0	0.0	0.0	0.0	0.0	0.0	0.0	0.0	0.0	0.0	0.0	0.0	0.0
s__GGB1689_SGB2321	0.0	0.0	0.0	0.0	0.0	0.0	0.0	0.0	0.0	0.0	0.0	0.0	0.0	0.26705	0.0	0.0	0.0	0.53627	0.2589	0.38389	0.0	0.0	0.0	0.0	0.0	0.0	0.0	0.0	0.0	0.0	0.0	0.0	0.0	0.0	0.0	0.0	0.0	0.0	0.0	0.0	0.0	0.0	0.0	0.0
s__Paraprevotella_clara	0.0	0.0	0.0	0.0	0.0	0.0	0.0	0.0	0.0	0.0	0.0	0.0	0.0	0.11833	0.0	0.0	0.0	0.0	0.0	0.0	0.74228	0.483	0.30828	0.16298	0.08198	1.23955	1.04744	0.0	0.0	0.0	0.0	0.0	0.0	0.0	0.0	0.0	0.0	0.0	0.0	0.0	0.0	0.0	0.0	0.0
s__Pseudoflavonifractor_sp_An184	0.0	0.0	0.0	0.0	0.0	0.0	0.0	0.0	0.0	0.0	0.0	0.0	0.0	0.08688	0.0	0.0	0.0	0.0	0.0	0.0	0.0	0.0	0.0	0.0	0.0	0.0	0.0	0.0	0.0	0.0	0.03679	0.0	0.0	0.0	0.0	0.0	0.0	0.0	0.0	0.0	0.0	0.0	0.0	0.0
s__Ruminococcus_sp_AF13_28	0.0	0.0	0.0	0.0	0.0	0.0	0.0	0.0	0.0	0.0	0.0	0.0	0.0	0.08412	0.0	0.0	0.0	0.0	0.0	0.0	0.0	0.0	0.0	0.0	0.0	0.0	0.0	0.0	0.0	0.0	0.0	0.0	0.0	0.0	0.0	0.0	0.0	0.0	0.0	0.0	0.0	0.0	0.0	0.0
s__Ruminococcus_SGB4421	0.0	0.0	0.0	0.0	0.0	0.0	0.0	0.0	0.0	0.0	0.0	0.0	0.0	0.07748	0.01772	0.00275	0.0	0.0	0.0	0.0	0.0	0.0	0.0	0.0	0.0	0.0	0.0	0.0	0.0	0.0	0.0	0.0	0.0	0.0	0.0	0.0	0.0	0.0	0.0	0.0	0.0	0.0	0.0	0.0
s__Clostridium_butyricum	0.0	0.0	0.0	0.0	0.0	0.0	0.0	0.0	0.0	0.0	0.0	0.0	0.0	0.0481	0.0	0.0	0.0	0.0	0.04994	0.0	0.0	0.0	0.0	0.0	0.13322	0.0402	0.00116	0.0	0.0	0.0	0.0	0.0	0.0006	0.0	0.0	0.0	0.00595	0.06258	0.0	0.0	0.0	0.0	0.0	0.0
s__GGB9453_SGB14844	0.0	0.0	0.0	0.0	0.0	0.0	0.0	0.0	0.0	0.0	0.0	0.0	0.0	0.04706	0.01238	0.0	0.0	0.01231	0.00384	0.00931	0.0	0.0	0.0	0.0	0.0	0.0	0.0	0.0	0.0	0.0	0.0	0.0	0.03412	0.0	0.00136	0.0	0.0	0.0	0.0	0.0	0.0	0.0	0.0	0.0
s__Lacrimispora_saccharolytica	0.0	0.0	0.0	0.0	0.0	0.0	0.0	0.0	0.0	0.0	0.0	0.0	0.0	0.04594	0.0	0.0	0.0	0.0	0.0	0.0	0.0	0.0	0.0	0.0	0.11319	0.17095	0.24076	0.0	0.0	0.0	0.01405	0.0	0.05055	0.0	0.0	0.0	0.0	0.0	0.0	0.0	0.0	0.0	0.0	0.0
s__Bacteroides_clarus	0.0	0.0	0.0	0.0	0.0	0.0	0.0	0.0	0.0	0.0	0.0	0.0	0.0	0.03664	0.0	0.0	0.0	0.0	0.0	0.0	0.0	0.0	0.0	0.0	0.0	0.0	0.0	0.0	0.0	0.0	0.0	0.0	0.0	0.0	0.0	0.0	0.0	0.0	0.0	0.1473	0.90261	0.02538	0.0	0.0
s__Holdemania_massiliensis	0.0	0.0	0.0	0.0	0.0	0.0	0.0	0.0	0.0	0.0	0.0	0.0	0.0	0.00211	0.0	0.0	0.0	0.0	0.0	0.0	0.0	0.0	0.0	0.0	0.22061	0.01129	0.00603	0.0	0.0	0.0	0.0	0.0	0.0	0.0	0.0	0.0	0.0	0.0	0.0	0.0	0.0	0.0	0.0	0.0
s__Phascolarctobacterium_succinatutens	0.0	0.0	0.0	0.0	0.0	0.0	0.0	0.0	0.0	0.0	0.0	0.0	0.0	0.0	0.25869	0.13575	0.30134	0.0	0.0	0.0	0.0	0.0	0.0	0.34788	0.0	0.0	0.0	0.0	0.0	0.0	0.91831	0.35011	0.26488	0.0	0.0	0.0	0.0	0.0	0.0	0.0	0.0	0.0	0.0	0.0
s__Ruminococcus_bovis	0.0	0.0	0.0	0.0	0.0	0.0	0.0	0.0	0.0	0.0	0.0	0.0	0.0	0.0	0.20146	1.40271	0.0	0.0	0.0	0.0	0.0	0.0	0.0	0.0	0.0	0.0	0.0	0.0	0.0	0.0	0.0	0.0	0.0	0.0	0.26261	0.0	0.0	0.0	0.0	0.0	0.0	1.36101	0.0	0.0
s__Alistipes_sp_AF17_16	0.0	0.0	0.0	0.0	0.0	0.0	0.0	0.0	0.0	0.0	0.0	0.0	0.0	0.0	0.10467	0.10094	0.0	0.0	0.0	0.0	0.0559	0.04408	0.02236	0.0	0.0	0.0	0.0	0.09404	0.20875	0.02273	0.08809	0.0	0.0	0.0	0.0	0.0	0.0	0.0	0.0	0.01468	0.0	0.00164	0.0	0.0
s__Solibaculum_mannosilyticum	0.0	0.0	0.0	0.0	0.0	0.0	0.0	0.0	0.0	0.0	0.0	0.0	0.0	0.0	0.0172	0.04304	0.01646	0.01044	0.01808	0.0	0.0	0.0	0.0	0.0	0.0	0.0	0.0	0.0	0.01786	0.0	0.0	0.0	0.0	0.0	0.0	0.0	0.0	0.0	0.0	0.0	0.0	0.0	0.0	0.0
s__Clostridium_SGB4909	0.0	0.0	0.0	0.0	0.0	0.0	0.0	0.0	0.0	0.0	0.0	0.0	0.0	0.0	0.0145	1.0465	0.0267	0.0	0.0	0.0	0.1844	0.00565	0.46286	0.0	0.0	0.0	0.0	0.0	0.0	0.0	0.0	0.0	0.0	0.0	0.0	0.0	0.0	0.0	0.0	0.0	0.0	0.02832	0.0	0.0
s__Bacteroides_eggerthii	0.0	0.0	0.0	0.0	0.0	0.0	0.0	0.0	0.0	0.0	0.0	0.0	0.0	0.0	0.00755	0.0	0.0	2.54849	3.41737	0.07422	6.32639	0.97774	0.88765	0.0	0.0	0.0	0.0	0.01466	0.0	0.0	0.0	0.0	0.0	0.0	0.0	0.0	0.0	0.0	0.0	0.0	0.0	0.0	0.0	0.0
s__Lachnospiraceae_bacterium_BX3	0.0	0.0	0.0	0.0	0.0	0.0	0.0	0.0	0.0	0.0	0.0	0.0	0.0	0.0	0.00459	0.0	0.0	0.0	0.0	0.0	0.0	0.01601	0.0	0.0	0.0	0.0	0.0	0.0	0.0	0.0	0.0	0.0	0.0	0.0	0.0	0.0	0.00805	0.0	0.0	0.0	0.0	0.01115	0.0	0.0
s__Clostridium_sp_D5	0.0	0.0	0.0	0.0	0.0	0.0	0.0	0.0	0.0	0.0	0.0	0.0	0.0	0.0	0.00311	0.0	0.0	0.0	0.0	0.0	0.0	0.0	0.51806	0.0	0.0	0.0	0.0	0.0	0.0	0.0	0.0	0.0	0.0	0.0	0.0	0.0	0.0	0.0	0.0	0.0	0.0	0.0	0.0	0.0
s__Collinsella_massiliensis	0.0	0.0	0.0	0.0	0.0	0.0	0.0	0.0	0.0	0.0	0.0	0.0	0.0	0.0	0.00234	0.0	0.0	0.0	0.0	0.0	0.0	0.0	0.0	0.0	0.0	0.0	0.0	0.0	0.0	0.0	0.0	0.0	0.0	0.00939	0.03884	0.0	0.0	0.0	0.0	0.0	0.0	0.0	0.0	0.0
s__GGB1495_SGB2071	0.0	0.0	0.0	0.0	0.0	0.0	0.0	0.0	0.0	0.0	0.0	0.0	0.0	0.0	0.0	0.0186	0.0	0.0	0.0	0.0	0.0	0.0	0.0	1.13471	0.0	0.0	0.0	0.0	0.0	0.0	0.0	0.0	0.0	0.0	0.0	0.0	0.0	0.0	0.0	0.0	0.0	0.0	0.0	0.0
s__Lachnospiraceae_bacterium_NSJ_46	0.0	0.0	0.0	0.0	0.0	0.0	0.0	0.0	0.0	0.0	0.0	0.0	0.0	0.0	0.0	0.01052	0.0	0.0	0.0	0.0	0.00199	0.00658	0.0305	0.0	0.0	0.0	0.0	0.0	0.0	0.0	0.0	0.0	0.0	0.0	0.0	0.0	0.0	0.0	0.0	0.0	0.0	0.0	0.0	0.0
s__Blautia_hydrogenotrophica	0.0	0.0	0.0	0.0	0.0	0.0	0.0	0.0	0.0	0.0	0.0	0.0	0.0	0.0	0.0	0.00547	0.0	0.0	0.0	0.0	0.0	0.0245	0.23133	0.0	0.0	0.0	0.0	0.0	0.0081	0.03052	0.0	0.0	0.0	0.0	0.0	0.0	0.0	0.0	0.0	0.0	0.0	0.0	0.0	0.0
s__Holdemania_filiformis	0.0	0.0	0.0	0.0	0.0	0.0	0.0	0.0	0.0	0.0	0.0	0.0	0.0	0.0	0.0	0.00348	0.0	0.0	0.0	0.0	0.0	0.0	0.0	0.0	0.05434	0.08016	0.02037	0.0	0.0	0.0	0.01307	0.0	0.0	0.0	0.0	0.0	0.0	0.0	0.0	0.0	0.0	0.0	0.0	0.0
s__Mediterraneibacter_massiliensis	0.0	0.0	0.0	0.0	0.0	0.0	0.0	0.0	0.0	0.0	0.0	0.0	0.0	0.0	0.0	0.0018	0.00603	0.0	0.0	0.0	0.0	0.0	0.0	0.0	0.0	0.0	0.0	0.0	0.0	0.0	0.0	0.0	0.0	0.02888	0.01281	0.0	0.0	0.0	0.0	0.0	0.0	0.0	0.0	0.0
s__GGB3740_SGB5076	0.0	0.0	0.0	0.0	0.0	0.0	0.0	0.0	0.0	0.0	0.0	0.0	0.0	0.0	0.0	0.0	0.0389	0.0	0.0	0.0	0.0	0.0	0.0	0.0	0.0	0.0	0.0	0.0	0.0	0.0	0.0	0.0461	0.0	0.0	0.0	0.0	0.0	0.0	0.0	0.0	0.0	0.0	0.0	0.0
s__Alistipes_SGB2313	0.0	0.0	0.0	0.0	0.0	0.0	0.0	0.0	0.0	0.0	0.0	0.0	0.0	0.0	0.0	0.0	0.0	6.08821	0.74772	1.1976	0.0	0.0	0.0	0.0	0.0	0.0	0.0	0.0	0.0	0.0	0.0	0.0	0.0	0.0	0.0	0.0	0.0	0.0	0.0	0.0	0.0	0.0	0.0	0.0
s__Slackia_isoflavoniconvertens	0.0	0.0	0.0	0.0	0.0	0.0	0.0	0.0	0.0	0.0	0.0	0.0	0.0	0.0	0.0	0.0	0.0	0.58956	0.32789	1.41009	0.06973	0.14163	0.04026	0.26907	0.0	0.0	0.0	0.0	0.0	0.0	0.12682	0.4261	0.10193	0.0	0.0	0.0	0.0	0.0	0.0	0.0	0.0	0.0	0.0	0.0
s__GGB6608_SGB9342	0.0	0.0	0.0	0.0	0.0	0.0	0.0	0.0	0.0	0.0	0.0	0.0	0.0	0.0	0.0	0.0	0.0	0.48823	0.30141	0.0	0.0	0.0	0.0	0.0	0.0	0.0	0.0	0.0	0.0	0.0	0.0	0.0	0.0	0.0	0.0	0.0	0.0	0.0	0.0	0.0	0.0	0.0	0.0	0.0
s__GGB15850_SGB5785	0.0	0.0	0.0	0.0	0.0	0.0	0.0	0.0	0.0	0.0	0.0	0.0	0.0	0.0	0.0	0.0	0.0	0.47477	0.58202	0.10748	0.63471	0.72464	0.0	0.0	0.0	0.0	0.0	0.0	0.0	0.0	0.0	0.0	0.0	0.0	0.0	0.0	0.0	0.0	0.0	0.0	0.0	0.0	0.0	0.0
s__GGB1420_SGB1957	0.0	0.0	0.0	0.0	0.0	0.0	0.0	0.0	0.0	0.0	0.0	0.0	0.0	0.0	0.0	0.0	0.0	0.13647	0.02102	0.0	0.0	0.0	0.0	0.0	0.0	0.0	0.0	0.07168	0.01143	0.0	0.0	0.0	0.0	0.0	0.0	0.0	0.0	0.0	0.0	0.0	0.0	0.0	0.0	0.0
s__GGB9343_SGB14307	0.0	0.0	0.0	0.0	0.0	0.0	0.0	0.0	0.0	0.0	0.0	0.0	0.0	0.0	0.0	0.0	0.0	0.04017	0.0	0.0	0.0	0.0	0.0	0.0	0.0	0.0	0.0	0.0	0.0	0.0	0.0	0.0	0.0	0.0	0.0	0.0	0.0	0.0	0.0	0.0	0.0	0.0	0.0	0.0
s__GGB3005_SGB3996	0.0	0.0	0.0	0.0	0.0	0.0	0.0	0.0	0.0	0.0	0.0	0.0	0.0	0.0	0.0	0.0	0.0	0.0291	0.01316	0.0	0.0	0.0	0.0	0.0	0.0	0.0	0.0	0.0	0.00218	0.0	0.0	0.0	0.0	0.0	0.0	0.0	0.0	0.0	0.0	0.0	0.0	0.0	0.0	0.0
s__GGB4571_SGB6317	0.0	0.0	0.0	0.0	0.0	0.0	0.0	0.0	0.0	0.0	0.0	0.0	0.0	0.0	0.0	0.0	0.0	0.02747	0.0	0.0	0.0	0.0	0.0	0.0	0.0	0.0	0.0	0.0	0.0	0.0	0.0	0.0	0.0	0.0	0.0	0.0	0.0	0.0	0.0	0.0	0.0	0.0	0.0	0.0
s__Bifidobacterium_pseudocatenulatum	0.0	0.0	0.0	0.0	0.0	0.0	0.0	0.0	0.0	0.0	0.0	0.0	0.0	0.0	0.0	0.0	0.0	0.02053	0.06045	2.45869	0.0	0.0	0.0	0.00201	5.02921	3.92383	10.51565	0.01235	0.0	0.0	0.93994	1.35144	1.44267	0.0	0.0	0.0	0.0	0.0	0.0	0.02639	0.0	0.0	0.0	0.0
s__Clostridium_methylpentosum	0.0	0.0	0.0	0.0	0.0	0.0	0.0	0.0	0.0	0.0	0.0	0.0	0.0	0.0	0.0	0.0	0.0	0.01357	0.00531	0.0	0.0	0.0	0.0	0.0	0.0	0.0	0.0	0.0	0.0	0.0	0.0	0.0	0.0	0.0	0.0	0.0	0.0	0.0	0.0	0.0	0.0	0.0	0.0	0.0
s__Butyricimonas_paravirosa	0.0	0.0	0.0	0.0	0.0	0.0	0.0	0.0	0.0	0.0	0.0	0.0	0.0	0.0	0.0	0.0	0.0	0.01276	0.0	0.0	0.03032	0.00104	0.0	0.0	0.0	0.0	0.0	0.0	0.0	0.0	0.00147	0.0	0.0	0.00494	0.00045	0.0	0.0	0.0	0.0	0.0	0.0	0.0	0.0	0.0
s__Harryflintia_acetispora	0.0	0.0	0.0	0.0	0.0	0.0	0.0	0.0	0.0	0.0	0.0	0.0	0.0	0.0	0.0	0.0	0.0	0.01232	0.00955	0.00332	0.0	0.0	0.0	0.0	0.0	0.0	0.0	0.0	0.0	0.00918	0.0	0.0	0.0	0.0	0.0	0.0	0.0	0.0	0.0	0.0	0.0	0.0	0.0	0.0
s__Clostridium_SGB6173	0.0	0.0	0.0	0.0	0.0	0.0	0.0	0.0	0.0	0.0	0.0	0.0	0.0	0.0	0.0	0.0	0.0	0.01134	0.0	0.0	0.0	0.0	0.0	0.0	0.0	0.0	0.0	0.0	0.0	0.0	0.0	0.00438	0.0	0.0	0.0	0.0	0.0	0.0	0.0	0.0	0.0	0.0	0.0	0.0
s__Coprobacter_fastidiosus	0.0	0.0	0.0	0.0	0.0	0.0	0.0	0.0	0.0	0.0	0.0	0.0	0.0	0.0	0.0	0.0	0.0	0.00989	0.00457	0.0	0.03181	0.0	0.0	0.0	0.0	0.0	0.02437	0.0	0.0	0.0	0.0	0.0	0.0	0.00228	0.0	0.0	0.0	0.00753	0.0	0.0	0.0	0.0	0.0	0.0
s__GGB6006_SGB8630	0.0	0.0	0.0	0.0	0.0	0.0	0.0	0.0	0.0	0.0	0.0	0.0	0.0	0.0	0.0	0.0	0.0	0.00418	0.0	0.0	0.0	0.0	0.0	0.0	0.0	0.0	0.0	0.0	0.0	0.0	0.0	0.0	0.0	0.0	0.0	0.0	0.0	0.0	0.0	0.0	0.0	0.0	0.0	0.0
s__Clostridiaceae_bacterium_NSJ_33	0.0	0.0	0.0	0.0	0.0	0.0	0.0	0.0	0.0	0.0	0.0	0.0	0.0	0.0	0.0	0.0	0.0	0.00337	0.0	0.0	0.0	0.0	0.0	0.0	0.0	0.0	0.0	0.0	0.0	0.0	0.0	0.0	0.0	0.0	0.0	0.0	0.0	0.0	0.0	0.0	0.0	0.0	0.0	0.0
s__Anaerotruncus_colihominis	0.0	0.0	0.0	0.0	0.0	0.0	0.0	0.0	0.0	0.0	0.0	0.0	0.0	0.0	0.0	0.0	0.0	0.00264	0.0	0.0	0.0	0.0	0.0	0.0	0.0	0.0	0.00281	0.0	0.00044	0.0	0.0	0.0	0.0	0.00118	0.00546	0.0	0.0	0.0	0.0	0.0	0.0	0.0	0.0	0.0
s__Intestinimonas_butyriciproducens	0.0	0.0	0.0	0.0	0.0	0.0	0.0	0.0	0.0	0.0	0.0	0.0	0.0	0.0	0.0	0.0	0.0	0.00161	0.0	0.0	0.0	0.0	0.0	0.0	0.0	0.0	0.0	0.15745	0.12073	0.0	0.0	0.0	0.0	0.0	0.0	0.0	0.0	0.0	0.0	0.0	0.0	0.0	0.0	0.0
s__Angelakisella_massiliensis	0.0	0.0	0.0	0.0	0.0	0.0	0.0	0.0	0.0	0.0	0.0	0.0	0.0	0.0	0.0	0.0	0.0	0.00136	0.0	0.0	0.0	0.0	0.0	0.0	0.0	0.0	0.0	0.0	0.0	0.0	0.02741	0.0	0.0	0.0	0.0	0.0	0.0	0.0	0.0	0.0	0.0	0.0	0.0	0.0
s__GGB2970_SGB3952	0.0	0.0	0.0	0.0	0.0	0.0	0.0	0.0	0.0	0.0	0.0	0.0	0.0	0.0	0.0	0.0	0.0	0.0	0.00413	0.0	0.0	0.0	0.0	0.0	0.0	0.0	0.0	0.0	0.0	0.0	0.0	0.0	0.0	0.0	0.0	0.0	0.0	0.0	0.0	0.0	0.0	0.0	0.0	0.0
s__Tyzzerella_SGB4587	0.0	0.0	0.0	0.0	0.0	0.0	0.0	0.0	0.0	0.0	0.0	0.0	0.0	0.0	0.0	0.0	0.0	0.0	0.00302	0.0	0.0	0.0	0.0	0.0	0.0	0.0	0.0	0.0	0.0	0.0	0.0	0.0	0.0	0.0	0.0	0.0	0.0	0.0	0.0	0.0	0.0	0.0	0.0	0.0
s__Roseburia_sp_AM16_25	0.0	0.0	0.0	0.0	0.0	0.0	0.0	0.0	0.0	0.0	0.0	0.0	0.0	0.0	0.0	0.0	0.0	0.0	0.0	0.0	1.50509	0.37355	0.04421	0.0	0.0	0.0	0.0	0.0	0.06538	0.01022	0.0	0.0	0.0	0.0	0.0	0.0	0.0	0.0	0.0	0.0	0.0	0.0	0.0	0.0
s__Bacteroides_finegoldii	0.0	0.0	0.0	0.0	0.0	0.0	0.0	0.0	0.0	0.0	0.0	0.0	0.0	0.0	0.0	0.0	0.0	0.0	0.0	0.0	0.72279	0.06666	0.0	0.01723	0.0	0.0	0.0	0.0	0.0	0.0	0.0	0.0	0.0	0.09416	0.02827	0.00775	0.0	0.0	0.0	0.0	0.0	0.0	0.0	0.0
s__Desulfovibrio_piger	0.0	0.0	0.0	0.0	0.0	0.0	0.0	0.0	0.0	0.0	0.0	0.0	0.0	0.0	0.0	0.0	0.0	0.0	0.0	0.0	0.36755	0.38654	0.0	0.0	0.0	0.0	0.0	0.0	0.0	0.0	0.0	0.0	0.0	0.0	0.0	0.0	0.0	0.0	0.0	0.0	0.0	0.0	0.0	0.0
s__Faecalibacillus_intestinalis	0.0	0.0	0.0	0.0	0.0	0.0	0.0	0.0	0.0	0.0	0.0	0.0	0.0	0.0	0.0	0.0	0.0	0.0	0.0	0.0	0.00894	0.00243	0.0	0.0	0.0	0.0	0.0	0.0	0.0	0.0	0.0	0.0	0.0	0.0	0.0	0.0	0.0	0.0	0.0	0.0	0.0	0.0	0.0	0.0
s__Mediterraneibacter_glycyrrhizinilyticus	0.0	0.0	0.0	0.0	0.0	0.0	0.0	0.0	0.0	0.0	0.0	0.0	0.0	0.0	0.0	0.0	0.0	0.0	0.0	0.0	0.00683	0.00509	0.0	0.0	0.34535	0.27475	0.09396	0.0	0.0	0.0	0.0	0.0	0.0	0.0	0.0	0.0	0.0	0.0	0.0	0.02714	0.03531	0.03367	0.0	0.0
s__Butyricimonas_virosa	0.0	0.0	0.0	0.0	0.0	0.0	0.0	0.0	0.0	0.0	0.0	0.0	0.0	0.0	0.0	0.0	0.0	0.0	0.0	0.0	0.00671	0.0	0.0	0.0	0.0	0.0	0.0	0.0	0.0	0.0	0.0	0.0	0.0	0.0	0.0	0.0	0.0	0.0	0.0	0.0	0.0	0.0	0.0	0.0
s__Streptococcus_rubneri	0.0	0.0	0.0	0.0	0.0	0.0	0.0	0.0	0.0	0.0	0.0	0.0	0.0	0.0	0.0	0.0	0.0	0.0	0.0	0.0	0.0	0.09418	0.0	0.0	0.0	0.0	0.0	0.0	0.0	0.0	0.0	0.0	0.0	0.0	0.0	0.0	0.0	0.0	0.0	0.0	0.0	0.0	0.0	0.0
s__Bifidobacterium_breve	0.0	0.0	0.0	0.0	0.0	0.0	0.0	0.0	0.0	0.0	0.0	0.0	0.0	0.0	0.0	0.0	0.0	0.0	0.0	0.0	0.0	0.06782	0.0	0.0	0.0	0.0	0.0	0.0	0.0	0.0	0.0	0.0	0.0	0.0	0.0	0.0	0.0	0.0	0.0	0.0	0.0	0.0	0.0	0.0
s__Actinomyces_sp_HMSC035G02	0.0	0.0	0.0	0.0	0.0	0.0	0.0	0.0	0.0	0.0	0.0	0.0	0.0	0.0	0.0	0.0	0.0	0.0	0.0	0.0	0.0	0.0444	0.0	0.0	0.0	0.0	0.0	0.0	0.0	0.0	0.0	0.0	0.0	0.0	0.0	0.0	0.0	0.0	0.0	0.0	0.0	0.0	0.0	0.0
s__Streptococcus_vestibularis	0.0	0.0	0.0	0.0	0.0	0.0	0.0	0.0	0.0	0.0	0.0	0.0	0.0	0.0	0.0	0.0	0.0	0.0	0.0	0.0	0.0	0.03744	0.0	0.0	0.0	0.0	0.0	0.0	0.0	0.0	0.0	0.0	0.0	0.0	0.0	0.0	0.0	0.0	0.00811	0.0	0.0	0.0	0.0	0.0
s__Alloscardovia_omnicolens	0.0	0.0	0.0	0.0	0.0	0.0	0.0	0.0	0.0	0.0	0.0	0.0	0.0	0.0	0.0	0.0	0.0	0.0	0.0	0.0	0.0	0.01848	0.0	0.0	0.0	0.0	0.0	0.0	0.0	0.0	0.0	0.0	0.0	0.0	0.0	0.0	0.0	0.0	0.0	0.0	0.0	0.0	0.0	0.0
s__Actinomyces_SGB17132	0.0	0.0	0.0	0.0	0.0	0.0	0.0	0.0	0.0	0.0	0.0	0.0	0.0	0.0	0.0	0.0	0.0	0.0	0.0	0.0	0.0	0.0142	0.0	0.0	0.0	0.0	0.0	0.0	0.0	0.0	0.0	0.0	0.0	0.0	0.0	0.0	0.00061	0.0	0.0	0.0	0.0	0.0	0.0	0.0
s__Granulicatella_SGB8255	0.0	0.0	0.0	0.0	0.0	0.0	0.0	0.0	0.0	0.0	0.0	0.0	0.0	0.0	0.0	0.0	0.0	0.0	0.0	0.0	0.0	0.00514	0.0	0.0	0.0	0.0	0.0	0.0	0.0	0.0	0.0	0.0	0.0	0.0	0.0	0.0	0.0	0.0	0.0	0.0	0.0	0.0	0.0	0.0
s__Paratractidigestivibacter_faecalis	0.0	0.0	0.0	0.0	0.0	0.0	0.0	0.0	0.0	0.0	0.0	0.0	0.0	0.0	0.0	0.0	0.0	0.0	0.0	0.0	0.0	0.0	0.0	0.08184	0.0	0.0	0.0	0.0	0.0	0.0	0.0	0.0	0.0	0.0	0.0	0.0	0.0	0.0	0.0	0.0	0.0	0.0	0.0	0.0
s__Weissella_cibaria	0.0	0.0	0.0	0.0	0.0	0.0	0.0	0.0	0.0	0.0	0.0	0.0	0.0	0.0	0.0	0.0	0.0	0.0	0.0	0.0	0.0	0.0	0.0	0.01774	0.0	0.0	0.0	0.0	0.0	0.0	0.0	0.0	0.0	0.0	0.0	0.0	0.0	0.0	0.0	0.0	0.0	0.0	0.0	0.0
s__GGB9361_SGB14336	0.0	0.0	0.0	0.0	0.0	0.0	0.0	0.0	0.0	0.0	0.0	0.0	0.0	0.0	0.0	0.0	0.0	0.0	0.0	0.0	0.0	0.0	0.0	0.00153	0.0	0.0	0.0	0.0	0.0	0.0	0.0	0.0	0.0	0.0	0.0	0.0	0.0	0.0	0.0	0.0	0.0	0.0	0.0	0.0
s__GGB3433_SGB4573	0.0	0.0	0.0	0.0	0.0	0.0	0.0	0.0	0.0	0.0	0.0	0.0	0.0	0.0	0.0	0.0	0.0	0.0	0.0	0.0	0.0	0.0	0.0	0.0	1.74489	0.83172	1.25274	0.0	0.0	0.0	0.0	0.0	0.0	0.0	0.0	0.0	0.0	0.0	0.0	0.0	0.0	0.0	0.0	0.0
s__Clostridium_sp_AT4	0.0	0.0	0.0	0.0	0.0	0.0	0.0	0.0	0.0	0.0	0.0	0.0	0.0	0.0	0.0	0.0	0.0	0.0	0.0	0.0	0.0	0.0	0.0	0.0	0.36748	0.32671	0.12625	0.0	0.0	0.0	0.0	0.0	0.0	0.0	0.0	0.0	0.0	0.0	0.0	0.0	0.0	0.0	0.0	0.0
s__Clostridium_symbiosum	0.0	0.0	0.0	0.0	0.0	0.0	0.0	0.0	0.0	0.0	0.0	0.0	0.0	0.0	0.0	0.0	0.0	0.0	0.0	0.0	0.0	0.0	0.0	0.0	0.28608	0.10315	0.10583	0.0	0.0	0.0	0.0	0.0	0.0	0.0	0.0	0.0	0.0	0.02339	0.0	0.0	0.0	0.0	0.0	0.0
s__Lachnospiraceae_bacterium_2_1_46FAA	0.0	0.0	0.0	0.0	0.0	0.0	0.0	0.0	0.0	0.0	0.0	0.0	0.0	0.0	0.0	0.0	0.0	0.0	0.0	0.0	0.0	0.0	0.0	0.0	0.2512	0.0	0.0	0.0	0.0	0.0	0.0	0.0	0.0	0.0	0.0	0.0	0.0	0.0	0.0	0.0	0.0	0.0	0.0	0.0
s__Enterocloster_bolteae	0.0	0.0	0.0	0.0	0.0	0.0	0.0	0.0	0.0	0.0	0.0	0.0	0.0	0.0	0.0	0.0	0.0	0.0	0.0	0.0	0.0	0.0	0.0	0.0	0.12565	0.02542	0.01555	0.0	0.0	0.0	0.0	0.0	0.0	0.0	0.0	0.0	0.00696	0.1052	0.0	0.0	0.0	0.0	0.0	0.0
s__Megasphaera_massiliensis	0.0	0.0	0.0	0.0	0.0	0.0	0.0	0.0	0.0	0.0	0.0	0.0	0.0	0.0	0.0	0.0	0.0	0.0	0.0	0.0	0.0	0.0	0.0	0.0	0.08614	0.09372	0.05615	0.0	0.0	0.0	0.0	0.0	0.0	0.0	0.0	0.0	0.0	0.0	0.0	0.0	0.0	0.0	0.0	0.0
s__Neobittarella_massiliensis	0.0	0.0	0.0	0.0	0.0	0.0	0.0	0.0	0.0	0.0	0.0	0.0	0.0	0.0	0.0	0.0	0.0	0.0	0.0	0.0	0.0	0.0	0.0	0.0	0.08042	0.09142	0.01851	0.0	0.0	0.0	0.0	0.0	0.0	0.00533	0.00226	0.0038	0.0	0.0	0.0	0.01426	0.00901	0.0	0.0	0.0
s__Blautia_producta	0.0	0.0	0.0	0.0	0.0	0.0	0.0	0.0	0.0	0.0	0.0	0.0	0.0	0.0	0.0	0.0	0.0	0.0	0.0	0.0	0.0	0.0	0.0	0.0	0.07227	0.05861	0.0	0.0	0.0	0.0	0.0	0.0	0.0	0.0	0.0	0.0	0.0	0.0	0.0	0.0	0.0	0.0	0.0	0.0
s__Latilactobacillus_sakei	0.0	0.0	0.0	0.0	0.0	0.0	0.0	0.0	0.0	0.0	0.0	0.0	0.0	0.0	0.0	0.0	0.0	0.0	0.0	0.0	0.0	0.0	0.0	0.0	0.04794	0.0	0.03195	0.0	0.0	0.0	0.0	0.0	0.0	0.0	0.0	0.0	0.0	0.0	0.0	0.0	0.0	0.0	0.0	0.0
s__Anaerostipes_hominis	0.0	0.0	0.0	0.0	0.0	0.0	0.0	0.0	0.0	0.0	0.0	0.0	0.0	0.0	0.0	0.0	0.0	0.0	0.0	0.0	0.0	0.0	0.0	0.0	0.01115	0.0	0.0	0.0	0.0	0.0	0.0	0.0	0.0	0.0	0.0	0.0	0.0	0.0	0.0	0.0	0.0	0.0	0.0	0.0
s__GGB3819_SGB5184	0.0	0.0	0.0	0.0	0.0	0.0	0.0	0.0	0.0	0.0	0.0	0.0	0.0	0.0	0.0	0.0	0.0	0.0	0.0	0.0	0.0	0.0	0.0	0.0	0.0103	0.0	0.0	0.0	0.0	0.0	0.0	0.0	0.0	0.0	0.0	0.0	0.0	0.0	0.0	0.0	0.0	0.0	0.0	0.0
s__Enterocloster_asparagiformis	0.0	0.0	0.0	0.0	0.0	0.0	0.0	0.0	0.0	0.0	0.0	0.0	0.0	0.0	0.0	0.0	0.0	0.0	0.0	0.0	0.0	0.0	0.0	0.0	0.00865	0.00325	0.0	0.0	0.0	0.0	0.0	0.0	0.0	0.0	0.0	0.0	0.0	0.0	0.0	0.0	0.0	0.0	0.0	0.0
s__Faecalicatena_contorta	0.0	0.0	0.0	0.0	0.0	0.0	0.0	0.0	0.0	0.0	0.0	0.0	0.0	0.0	0.0	0.0	0.0	0.0	0.0	0.0	0.0	0.0	0.0	0.0	0.00148	0.0	0.00363	0.0	0.0	0.0	0.0	0.0	0.0	0.0	0.0	0.0	0.0	0.0	0.0	0.0	0.0	0.0	0.0	0.0
s__Pseudoflavonifractor_gallinarum	0.0	0.0	0.0	0.0	0.0	0.0	0.0	0.0	0.0	0.0	0.0	0.0	0.0	0.0	0.0	0.0	0.0	0.0	0.0	0.0	0.0	0.0	0.0	0.0	0.00136	0.00824	0.00336	0.0	0.0	0.0	0.0	0.0	0.0	0.024	0.00611	0.0	0.0	0.0	0.0	0.0	0.0	0.0	0.0	0.0
s__Clostridium_SGB4750	0.0	0.0	0.0	0.0	0.0	0.0	0.0	0.0	0.0	0.0	0.0	0.0	0.0	0.0	0.0	0.0	0.0	0.0	0.0	0.0	0.0	0.0	0.0	0.0	0.00082	0.0	0.0	0.0	0.0	0.0	0.0	0.0	0.0	0.0	0.0	0.0	0.0	0.00499	0.0	0.0	0.0	0.0	0.0	0.0
s__GGB1387_SGB1895	0.0	0.0	0.0	0.0	0.0	0.0	0.0	0.0	0.0	0.0	0.0	0.0	0.0	0.0	0.0	0.0	0.0	0.0	0.0	0.0	0.0	0.0	0.0	0.0	0.0	0.0	0.0	0.38359	0.22504	0.09343	0.0	0.0	0.0	5.30492	1.65557	1.84413	0.0	0.0	0.0	0.0	0.0	0.0	0.0	0.0
s__GGB3654_SGB4965	0.0	0.0	0.0	0.0	0.0	0.0	0.0	0.0	0.0	0.0	0.0	0.0	0.0	0.0	0.0	0.0	0.0	0.0	0.0	0.0	0.0	0.0	0.0	0.0	0.0	0.0	0.0	0.14622	0.0	0.19205	0.0	0.0	0.0	0.0	0.0	0.0	0.0	0.0	0.0	0.0	0.0	0.0	0.0	0.0
s__Gordonibacter_urolithinfaciens	0.0	0.0	0.0	0.0	0.0	0.0	0.0	0.0	0.0	0.0	0.0	0.0	0.0	0.0	0.0	0.0	0.0	0.0	0.0	0.0	0.0	0.0	0.0	0.0	0.0	0.0	0.0	0.07393	0.0	0.0	0.0	0.0	0.0	0.0	0.01189	0.00296	0.00561	0.00463	0.0	0.0	0.0	0.0	0.0	0.0
s__Muribaculum_gordoncarteri	0.0	0.0	0.0	0.0	0.0	0.0	0.0	0.0	0.0	0.0	0.0	0.0	0.0	0.0	0.0	0.0	0.0	0.0	0.0	0.0	0.0	0.0	0.0	0.0	0.0	0.0	0.0	0.00202	0.0215	0.0	0.0	0.0	0.0	0.0	0.0	0.0	0.0	0.0	0.0	0.0	0.0	0.0	0.0	0.0
s__Neglectibacter_timonensis	0.0	0.0	0.0	0.0	0.0	0.0	0.0	0.0	0.0	0.0	0.0	0.0	0.0	0.0	0.0	0.0	0.0	0.0	0.0	0.0	0.0	0.0	0.0	0.0	0.0	0.0	0.0	0.0	0.01096	0.39133	0.0	0.0	0.0	0.0	0.0	0.0	0.0	0.0	0.0	0.0	0.0	0.0	0.0	0.0
s__Enorma_massiliensis	0.0	0.0	0.0	0.0	0.0	0.0	0.0	0.0	0.0	0.0	0.0	0.0	0.0	0.0	0.0	0.0	0.0	0.0	0.0	0.0	0.0	0.0	0.0	0.0	0.0	0.0	0.0	0.0	0.0	1.0162	0.0	0.0	0.0	0.0	0.0	0.0	0.0	0.0	0.0	0.0	0.0	0.0	0.0	0.0
s__Christensenellaceae_bacterium_NSJ_44	0.0	0.0	0.0	0.0	0.0	0.0	0.0	0.0	0.0	0.0	0.0	0.0	0.0	0.0	0.0	0.0	0.0	0.0	0.0	0.0	0.0	0.0	0.0	0.0	0.0	0.0	0.0	0.0	0.0	0.01027	0.0	0.0	0.0	0.0	0.0	0.0	0.0	0.0	0.0	0.0	0.0	0.0	0.0	0.0
s__Klebsiella_variicola	0.0	0.0	0.0	0.0	0.0	0.0	0.0	0.0	0.0	0.0	0.0	0.0	0.0	0.0	0.0	0.0	0.0	0.0	0.0	0.0	0.0	0.0	0.0	0.0	0.0	0.0	0.0	0.0	0.0	0.0056	0.0	0.0	0.0	0.0	0.0	0.0	0.0	0.0	0.0	0.0	0.0	0.0	0.0	0.0
s__Christensenella_hongkongensis	0.0	0.0	0.0	0.0	0.0	0.0	0.0	0.0	0.0	0.0	0.0	0.0	0.0	0.0	0.0	0.0	0.0	0.0	0.0	0.0	0.0	0.0	0.0	0.0	0.0	0.0	0.0	0.0	0.0	0.00102	0.0	0.0	0.0	0.0	0.0	0.0	0.0	0.0	0.0	0.0	0.0	0.0	0.0	0.0
s__GGB3304_SGB4365	0.0	0.0	0.0	0.0	0.0	0.0	0.0	0.0	0.0	0.0	0.0	0.0	0.0	0.0	0.0	0.0	0.0	0.0	0.0	0.0	0.0	0.0	0.0	0.0	0.0	0.0	0.0	0.0	0.0	0.0	0.51969	0.13626	0.26763	0.0	0.0	0.0	0.0	0.0	0.0	0.0	0.0	0.0	0.0	0.0
s__Desulfovibrio_fairfieldensis	0.0	0.0	0.0	0.0	0.0	0.0	0.0	0.0	0.0	0.0	0.0	0.0	0.0	0.0	0.0	0.0	0.0	0.0	0.0	0.0	0.0	0.0	0.0	0.0	0.0	0.0	0.0	0.0	0.0	0.0	0.26506	0.00069	0.00645	0.0	0.0	0.0	0.0	0.0	0.0	0.0	0.0	0.0	0.0	0.0
s__Eisenbergiella_tayi	0.0	0.0	0.0	0.0	0.0	0.0	0.0	0.0	0.0	0.0	0.0	0.0	0.0	0.0	0.0	0.0	0.0	0.0	0.0	0.0	0.0	0.0	0.0	0.0	0.0	0.0	0.0	0.0	0.0	0.0	0.17476	0.0	0.0	0.0	0.0	0.0	0.0	0.0	0.0	0.0	0.0	0.0	0.0	0.0
s__Obesumbacterium_proteus	0.0	0.0	0.0	0.0	0.0	0.0	0.0	0.0	0.0	0.0	0.0	0.0	0.0	0.0	0.0	0.0	0.0	0.0	0.0	0.0	0.0	0.0	0.0	0.0	0.0	0.0	0.0	0.0	0.0	0.0	0.12413	0.0	0.0	0.0	0.0	0.0	0.0	0.0	0.0	0.0	0.0	0.0	0.0	0.0
s__Lachnoclostridium_sp_An138	0.0	0.0	0.0	0.0	0.0	0.0	0.0	0.0	0.0	0.0	0.0	0.0	0.0	0.0	0.0	0.0	0.0	0.0	0.0	0.0	0.0	0.0	0.0	0.0	0.0	0.0	0.0	0.0	0.0	0.0	0.05642	0.00731	0.0	0.0	0.0	0.0	0.0	0.0	0.0	0.0	0.0	0.0	0.0	0.0
s__Flavonifractor_sp_An100	0.0	0.0	0.0	0.0	0.0	0.0	0.0	0.0	0.0	0.0	0.0	0.0	0.0	0.0	0.0	0.0	0.0	0.0	0.0	0.0	0.0	0.0	0.0	0.0	0.0	0.0	0.0	0.0	0.0	0.0	0.05296	0.0	0.0	0.0	0.0	0.0	0.0	0.0	0.0	0.0	0.0	0.0	0.0	0.0
s__Parabacteroides_johnsonii	0.0	0.0	0.0	0.0	0.0	0.0	0.0	0.0	0.0	0.0	0.0	0.0	0.0	0.0	0.0	0.0	0.0	0.0	0.0	0.0	0.0	0.0	0.0	0.0	0.0	0.0	0.0	0.0	0.0	0.0	0.04187	0.0027	0.0	0.0	0.0	0.0	0.0	0.0	0.0	0.03336	0.246	0.04676	0.0	0.0
s__GGB13727_SGB8655	0.0	0.0	0.0	0.0	0.0	0.0	0.0	0.0	0.0	0.0	0.0	0.0	0.0	0.0	0.0	0.0	0.0	0.0	0.0	0.0	0.0	0.0	0.0	0.0	0.0	0.0	0.0	0.0	0.0	0.0	0.03334	0.0	0.0	0.0	0.0	0.0	0.0	0.0	0.0	0.0	0.0	0.0	0.0	0.0
s__GGB3490_SGB4664	0.0	0.0	0.0	0.0	0.0	0.0	0.0	0.0	0.0	0.0	0.0	0.0	0.0	0.0	0.0	0.0	0.0	0.0	0.0	0.0	0.0	0.0	0.0	0.0	0.0	0.0	0.0	0.0	0.0	0.0	0.01277	0.71528	0.0	0.0	0.0	0.0	0.0	0.0	0.0	0.0	0.0	0.0	0.0	0.0
s__Negativibacillus_massiliensis	0.0	0.0	0.0	0.0	0.0	0.0	0.0	0.0	0.0	0.0	0.0	0.0	0.0	0.0	0.0	0.0	0.0	0.0	0.0	0.0	0.0	0.0	0.0	0.0	0.0	0.0	0.0	0.0	0.0	0.0	0.00679	0.01189	0.0	0.0	0.0	0.0	0.0	0.0	0.0	0.0	0.0	0.0	0.0	0.0
s__Senegalimassilia_faecalis	0.0	0.0	0.0	0.0	0.0	0.0	0.0	0.0	0.0	0.0	0.0	0.0	0.0	0.0	0.0	0.0	0.0	0.0	0.0	0.0	0.0	0.0	0.0	0.0	0.0	0.0	0.0	0.0	0.0	0.0	0.00663	0.02187	0.0	0.0	0.0	0.0	0.0	0.0	0.0	0.0	0.0	0.0	0.0	0.0
s__Lachnotalea_sp_AF33_28	0.0	0.0	0.0	0.0	0.0	0.0	0.0	0.0	0.0	0.0	0.0	0.0	0.0	0.0	0.0	0.0	0.0	0.0	0.0	0.0	0.0	0.0	0.0	0.0	0.0	0.0	0.0	0.0	0.0	0.0	0.00037	0.0	0.0	0.0	0.0	0.0	0.0	0.0	0.0	0.0	0.0	0.0	0.0	0.0
s__Streptococcus_gordonii	0.0	0.0	0.0	0.0	0.0	0.0	0.0	0.0	0.0	0.0	0.0	0.0	0.0	0.0	0.0	0.0	0.0	0.0	0.0	0.0	0.0	0.0	0.0	0.0	0.0	0.0	0.0	0.0	0.0	0.0	0.00028	0.00107	0.0	0.0	0.0	0.0	0.0	0.0	0.0	0.0	0.0	0.0	0.0	0.0
s__Veillonella_parvula	0.0	0.0	0.0	0.0	0.0	0.0	0.0	0.0	0.0	0.0	0.0	0.0	0.0	0.0	0.0	0.0	0.0	0.0	0.0	0.0	0.0	0.0	0.0	0.0	0.0	0.0	0.0	0.0	0.0	0.0	0.0	0.02141	0.0	0.0	0.0	0.0	0.01135	0.06056	0.02539	0.0	0.0	0.0	0.0	0.0
s__Roseburia_SGB4958	0.0	0.0	0.0	0.0	0.0	0.0	0.0	0.0	0.0	0.0	0.0	0.0	0.0	0.0	0.0	0.0	0.0	0.0	0.0	0.0	0.0	0.0	0.0	0.0	0.0	0.0	0.0	0.0	0.0	0.0	0.0	0.0025	0.0	0.0	0.0	0.0	0.0	0.0	0.0	0.0	0.0	0.0	0.0	0.0
s__Clostridium_SGB48024	0.0	0.0	0.0	0.0	0.0	0.0	0.0	0.0	0.0	0.0	0.0	0.0	0.0	0.0	0.0	0.0	0.0	0.0	0.0	0.0	0.0	0.0	0.0	0.0	0.0	0.0	0.0	0.0	0.0	0.0	0.0	0.00234	0.0	0.0	0.0	0.0	0.0	0.0	0.0	0.0	0.0	0.0	0.0	0.0
s__Fournierella_massiliensis	0.0	0.0	0.0	0.0	0.0	0.0	0.0	0.0	0.0	0.0	0.0	0.0	0.0	0.0	0.0	0.0	0.0	0.0	0.0	0.0	0.0	0.0	0.0	0.0	0.0	0.0	0.0	0.0	0.0	0.0	0.0	0.0	0.07241	0.0	0.0	0.0	0.0	0.0	0.0	0.0	0.0	0.0	0.0	0.0
s__Turicibacter_bilis	0.0	0.0	0.0	0.0	0.0	0.0	0.0	0.0	0.0	0.0	0.0	0.0	0.0	0.0	0.0	0.0	0.0	0.0	0.0	0.0	0.0	0.0	0.0	0.0	0.0	0.0	0.0	0.0	0.0	0.0	0.0	0.0	0.01103	0.0	0.0	0.0	0.0	0.0	0.0	0.0	0.0	0.0	0.0	0.0
s__Lacticaseibacillus_rhamnosus	0.0	0.0	0.0	0.0	0.0	0.0	0.0	0.0	0.0	0.0	0.0	0.0	0.0	0.0	0.0	0.0	0.0	0.0	0.0	0.0	0.0	0.0	0.0	0.0	0.0	0.0	0.0	0.0	0.0	0.0	0.0	0.0	0.00983	0.0	0.0	0.0	0.02671	0.0	0.0	0.0	0.0	0.0	0.0	0.0
s__Bifidobacterium_angulatum	0.0	0.0	0.0	0.0	0.0	0.0	0.0	0.0	0.0	0.0	0.0	0.0	0.0	0.0	0.0	0.0	0.0	0.0	0.0	0.0	0.0	0.0	0.0	0.0	0.0	0.0	0.0	0.0	0.0	0.0	0.0	0.0	0.0	3.25279	8.21376	3.09653	0.0	0.0	0.0	0.0	0.0	0.0	0.0	0.0
s__Frisingicoccus_caecimuris	0.0	0.0	0.0	0.0	0.0	0.0	0.0	0.0	0.0	0.0	0.0	0.0	0.0	0.0	0.0	0.0	0.0	0.0	0.0	0.0	0.0	0.0	0.0	0.0	0.0	0.0	0.0	0.0	0.0	0.0	0.0	0.0	0.0	0.07863	0.08832	0.0	0.0	0.0	0.0	0.0	0.0	0.0	0.0	0.0
s__Faecalitalea_cylindroides	0.0	0.0	0.0	0.0	0.0	0.0	0.0	0.0	0.0	0.0	0.0	0.0	0.0	0.0	0.0	0.0	0.0	0.0	0.0	0.0	0.0	0.0	0.0	0.0	0.0	0.0	0.0	0.0	0.0	0.0	0.0	0.0	0.0	0.06981	0.00462	0.0	0.0	0.0	0.0	0.0	0.0	0.0	0.0	0.0
s__Hungatella_hathewayi	0.0	0.0	0.0	0.0	0.0	0.0	0.0	0.0	0.0	0.0	0.0	0.0	0.0	0.0	0.0	0.0	0.0	0.0	0.0	0.0	0.0	0.0	0.0	0.0	0.0	0.0	0.0	0.0	0.0	0.0	0.0	0.0	0.0	0.0127	0.002	0.0	0.0	0.0	0.0	0.0	0.0	0.0	0.0	0.0
s__Enterocloster_citroniae	0.0	0.0	0.0	0.0	0.0	0.0	0.0	0.0	0.0	0.0	0.0	0.0	0.0	0.0	0.0	0.0	0.0	0.0	0.0	0.0	0.0	0.0	0.0	0.0	0.0	0.0	0.0	0.0	0.0	0.0	0.0	0.0	0.0	0.00494	0.00035	0.0	0.0	0.0	0.0	0.0	0.0	0.0	0.0	0.0
s__Slackia_SGB14778	0.0	0.0	0.0	0.0	0.0	0.0	0.0	0.0	0.0	0.0	0.0	0.0	0.0	0.0	0.0	0.0	0.0	0.0	0.0	0.0	0.0	0.0	0.0	0.0	0.0	0.0	0.0	0.0	0.0	0.0	0.0	0.0	0.0	0.00129	0.02151	0.00284	0.0	0.0	0.0	0.0	0.0	0.0	0.0	0.0
s__GGB6612_SGB9346	0.0	0.0	0.0	0.0	0.0	0.0	0.0	0.0	0.0	0.0	0.0	0.0	0.0	0.0	0.0	0.0	0.0	0.0	0.0	0.0	0.0	0.0	0.0	0.0	0.0	0.0	0.0	0.0	0.0	0.0	0.0	0.0	0.0	0.0	0.0	0.04505	0.0	0.0	0.0	0.0	0.0	0.0	0.0	0.0
s__Intestinibacillus_sp_Marseille_P6563	0.0	0.0	0.0	0.0	0.0	0.0	0.0	0.0	0.0	0.0	0.0	0.0	0.0	0.0	0.0	0.0	0.0	0.0	0.0	0.0	0.0	0.0	0.0	0.0	0.0	0.0	0.0	0.0	0.0	0.0	0.0	0.0	0.0	0.0	0.0	0.00319	0.0	0.0	0.0	0.0	0.0	0.0	0.0	0.0
s__Erysipelotrichaceae_bacterium_3_1_53	0.0	0.0	0.0	0.0	0.0	0.0	0.0	0.0	0.0	0.0	0.0	0.0	0.0	0.0	0.0	0.0	0.0	0.0	0.0	0.0	0.0	0.0	0.0	0.0	0.0	0.0	0.0	0.0	0.0	0.0	0.0	0.0	0.0	0.0	0.0	0.0	0.00206	0.01486	0.0005	0.0	0.0	0.0	0.0	0.0
s__Gemmiger_sp_An87	0.0	0.0	0.0	0.0	0.0	0.0	0.0	0.0	0.0	0.0	0.0	0.0	0.0	0.0	0.0	0.0	0.0	0.0	0.0	0.0	0.0	0.0	0.0	0.0	0.0	0.0	0.0	0.0	0.0	0.0	0.0	0.0	0.0	0.0	0.0	0.0	0.0	0.08949	0.0	0.0	0.0	0.0	0.0	0.0
s__Clostridiales_bacterium_1_7_47FAA	0.0	0.0	0.0	0.0	0.0	0.0	0.0	0.0	0.0	0.0	0.0	0.0	0.0	0.0	0.0	0.0	0.0	0.0	0.0	0.0	0.0	0.0	0.0	0.0	0.0	0.0	0.0	0.0	0.0	0.0	0.0	0.0	0.0	0.0	0.0	0.0	0.0	0.02809	0.0	0.0	0.0	0.0	0.0	0.0
s__Atopobium_deltae	0.0	0.0	0.0	0.0	0.0	0.0	0.0	0.0	0.0	0.0	0.0	0.0	0.0	0.0	0.0	0.0	0.0	0.0	0.0	0.0	0.0	0.0	0.0	0.0	0.0	0.0	0.0	0.0	0.0	0.0	0.0	0.0	0.0	0.0	0.0	0.0	0.0	0.02163	0.0	0.0	0.0	0.0	0.0	0.0
s__Lachnoclostridium_edouardi	0.0	0.0	0.0	0.0	0.0	0.0	0.0	0.0	0.0	0.0	0.0	0.0	0.0	0.0	0.0	0.0	0.0	0.0	0.0	0.0	0.0	0.0	0.0	0.0	0.0	0.0	0.0	0.0	0.0	0.0	0.0	0.0	0.0	0.0	0.0	0.0	0.0	0.00833	0.0	0.0	0.0	0.0	0.0	0.0
s__Anaerostipes_caccae	0.0	0.0	0.0	0.0	0.0	0.0	0.0	0.0	0.0	0.0	0.0	0.0	0.0	0.0	0.0	0.0	0.0	0.0	0.0	0.0	0.0	0.0	0.0	0.0	0.0	0.0	0.0	0.0	0.0	0.0	0.0	0.0	0.0	0.0	0.0	0.0	0.0	0.00634	0.0	0.0	0.0	0.0	0.0	0.0
s__Eisenbergiella_massiliensis	0.0	0.0	0.0	0.0	0.0	0.0	0.0	0.0	0.0	0.0	0.0	0.0	0.0	0.0	0.0	0.0	0.0	0.0	0.0	0.0	0.0	0.0	0.0	0.0	0.0	0.0	0.0	0.0	0.0	0.0	0.0	0.0	0.0	0.0	0.0	0.0	0.0	0.00435	0.0	0.0	0.0	0.0	0.0	0.0
s__Schaalia_turicensis	0.0	0.0	0.0	0.0	0.0	0.0	0.0	0.0	0.0	0.0	0.0	0.0	0.0	0.0	0.0	0.0	0.0	0.0	0.0	0.0	0.0	0.0	0.0	0.0	0.0	0.0	0.0	0.0	0.0	0.0	0.0	0.0	0.0	0.0	0.0	0.0	0.0	0.00389	0.0	0.0	0.0	0.0	0.0	0.0
s__Atopobium_minutum	0.0	0.0	0.0	0.0	0.0	0.0	0.0	0.0	0.0	0.0	0.0	0.0	0.0	0.0	0.0	0.0	0.0	0.0	0.0	0.0	0.0	0.0	0.0	0.0	0.0	0.0	0.0	0.0	0.0	0.0	0.0	0.0	0.0	0.0	0.0	0.0	0.0	0.00104	0.0	0.0	0.0	0.0	0.0	0.0
s__Erysipelatoclostridium_ramosum	0.0	0.0	0.0	0.0	0.0	0.0	0.0	0.0	0.0	0.0	0.0	0.0	0.0	0.0	0.0	0.0	0.0	0.0	0.0	0.0	0.0	0.0	0.0	0.0	0.0	0.0	0.0	0.0	0.0	0.0	0.0	0.0	0.0	0.0	0.0	0.0	0.0	0.00085	0.0	0.0	0.0	0.0	0.0	0.0
s__Haemophilus_pittmaniae	0.0	0.0	0.0	0.0	0.0	0.0	0.0	0.0	0.0	0.0	0.0	0.0	0.0	0.0	0.0	0.0	0.0	0.0	0.0	0.0	0.0	0.0	0.0	0.0	0.0	0.0	0.0	0.0	0.0	0.0	0.0	0.0	0.0	0.0	0.0	0.0	0.0	0.0	0.13218	0.0	0.0	0.0	0.0	0.0
s__Paraprevotella_xylaniphila	0.0	0.0	0.0	0.0	0.0	0.0	0.0	0.0	0.0	0.0	0.0	0.0	0.0	0.0	0.0	0.0	0.0	0.0	0.0	0.0	0.0	0.0	0.0	0.0	0.0	0.0	0.0	0.0	0.0	0.0	0.0	0.0	0.0	0.0	0.0	0.0	0.0	0.0	0.0	2.81259	1.34834	0.28417	0.0	0.0
s__Faecalibacillus_faecis	0.0	0.0	0.0	0.0	0.0	0.0	0.0	0.0	0.0	0.0	0.0	0.0	0.0	0.0	0.0	0.0	0.0	0.0	0.0	0.0	0.0	0.0	0.0	0.0	0.0	0.0	0.0	0.0	0.0	0.0	0.0	0.0	0.0	0.0	0.0	0.0	0.0	0.0	0.0	0.0	0.02894	0.0	0.0	0.0
