Filename,#samplename	n_of_bases	n_of_reads	min_read_len	median_read_len	mean_read_len	max_read_len
NottinghamJuly2025-460410994--01_preprocessing--01_fasnicar--Nottingham_21B_S37,Nottingham_21B_S37.R1	1494200115	9895365	151	151.0	151.0	151
NottinghamJuly2025-460410994--01_preprocessing--01_fasnicar--Nottingham_21B_S37,Nottingham_21B_S37.R1_trimmed	1447789284	9711538	75	151.0	149.0792996948578	151
NottinghamJuly2025-460410994--01_preprocessing--01_fasnicar--Nottingham_21B_S37,Nottingham_21B_S37.R1_trimmed_phiX174	1447343226	9708533	75	151.0	149.0794980044874	151
NottinghamJuly2025-460410994--01_preprocessing--01_fasnicar--Nottingham_21B_S37,Nottingham_21B_S37.R2	1494200115	9895365	151	151.0	151.0	151
NottinghamJuly2025-460410994--01_preprocessing--01_fasnicar--Nottingham_21B_S37,Nottingham_21B_S37.R2_trimmed	1451701719	9743375	75	151.0	148.99372332482326	151
NottinghamJuly2025-460410994--01_preprocessing--01_fasnicar--Nottingham_21B_S37,Nottingham_21B_S37.R2_trimmed_phiX174	1448097100	9719032	75	151.0	148.99602141447832	151
NottinghamJuly2025-460410994--01_preprocessing--01_fasnicar--Nottingham_21B_S37,Nottingham_21B_S37_R1.fastq	1438577455	9649808	75	151.0	149.07835005629127	151
NottinghamJuly2025-460410994--01_preprocessing--01_fasnicar--Nottingham_21B_S37,Nottingham_21B_S37_R2.fastq	1437808614	9649808	75	151.0	148.99867582857607	151
NottinghamJuly2025-460410994--01_preprocessing--01_fasnicar--Nottingham_21B_S37,Nottingham_21B_S37_UN.fastq	19054257	127949	75	151.0	148.92071841124198	151
NottinghamJuly2025-460410994--01_preprocessing--01_fasnicar--Nottingham_21B_S37,Nottingham_21B_S37	2895440326	19427565	75	151.0	148.9992480987031	151
Filename,#samplename	n_of_bases	n_of_reads	min_read_len	median_read_len	mean_read_len	max_read_len
NottinghamJuly2025-460410994--01_preprocessing--01_fasnicar--Nottingham_7C_S15,Nottingham_7C_S15.R1	2245080533	14868083	151	151.0	151.0	151
NottinghamJuly2025-460410994--01_preprocessing--01_fasnicar--Nottingham_7C_S15,Nottingham_7C_S15.R1_trimmed	2157839075	14518951	75	151.0	148.62224378331464	151
NottinghamJuly2025-460410994--01_preprocessing--01_fasnicar--Nottingham_7C_S15,Nottingham_7C_S15.R1_trimmed_phiX174	2157190624	14514556	75	151.0	148.62257061118507	151
NottinghamJuly2025-460410994--01_preprocessing--01_fasnicar--Nottingham_7C_S15,Nottingham_7C_S15.R2	2245080533	14868083	151	151.0	151.0	151
NottinghamJuly2025-460410994--01_preprocessing--01_fasnicar--Nottingham_7C_S15,Nottingham_7C_S15.R2_trimmed	2162043779	14557447	75	151.0	148.5180594509463	151
NottinghamJuly2025-460410994--01_preprocessing--01_fasnicar--Nottingham_7C_S15,Nottingham_7C_S15.R2_trimmed_phiX174	2156054110	14516994	75	151.0	148.5193222508737	151
NottinghamJuly2025-460410994--01_preprocessing--01_fasnicar--Nottingham_7C_S15,Nottingham_7C_S15_R1.fastq	2142640459	14416975	75	151.0	148.61928102115735	151
NottinghamJuly2025-460410994--01_preprocessing--01_fasnicar--Nottingham_7C_S15,Nottingham_7C_S15_R2.fastq	2141236621	14416975	75	151.0	148.52190705747913	151
NottinghamJuly2025-460410994--01_preprocessing--01_fasnicar--Nottingham_7C_S15,Nottingham_7C_S15_UN.fastq	29367654	197600	75	151.0	148.62173076923077	151
NottinghamJuly2025-460410994--01_preprocessing--01_fasnicar--Nottingham_7C_S15,Nottingham_7C_S15	4313244734	29031550	75	151.0	148.58763961595574	151
Filename,#samplename	n_of_bases	n_of_reads	min_read_len	median_read_len	mean_read_len	max_read_len
NottinghamJuly2025-460410994--01_preprocessing--01_fasnicar--Nottingham_11A_S19,Nottingham_11A_S19.R1	996021368	6596168	151	151.0	151.0	151
NottinghamJuly2025-460410994--01_preprocessing--01_fasnicar--Nottingham_11A_S19,Nottingham_11A_S19.R1_trimmed	968943180	6493413	75	151.0	149.219398180895	151
NottinghamJuly2025-460410994--01_preprocessing--01_fasnicar--Nottingham_11A_S19,Nottingham_11A_S19.R1_trimmed_phiX174	968672181	6491589	75	151.0	149.21957952051494	151
NottinghamJuly2025-460410994--01_preprocessing--01_fasnicar--Nottingham_11A_S19,Nottingham_11A_S19.R2	996021368	6596168	151	151.0	151.0	151
NottinghamJuly2025-460410994--01_preprocessing--01_fasnicar--Nottingham_11A_S19,Nottingham_11A_S19.R2_trimmed	970814700	6510440	75	151.0	149.1166034860931	151
NottinghamJuly2025-460410994--01_preprocessing--01_fasnicar--Nottingham_11A_S19,Nottingham_11A_S19.R2_trimmed_phiX174	967658918	6489172	75	151.0	149.11901210200622	151
NottinghamJuly2025-460410994--01_preprocessing--01_fasnicar--Nottingham_11A_S19,Nottingham_11A_S19_R1.fastq	961677306	6444777	75	151.0	149.2180886941472	151
NottinghamJuly2025-460410994--01_preprocessing--01_fasnicar--Nottingham_11A_S19,Nottingham_11A_S19_R2.fastq	961058189	6444777	75	151.0	149.1220237721181	151
NottinghamJuly2025-460410994--01_preprocessing--01_fasnicar--Nottingham_11A_S19,Nottingham_11A_S19_UN.fastq	13595604	91207	75	151.0	149.0631640115342	151
NottinghamJuly2025-460410994--01_preprocessing--01_fasnicar--Nottingham_11A_S19,Nottingham_11A_S19	1936331099	12980761	75	151.0	149.13442549259983	151
Filename,#samplename	n_of_bases	n_of_reads	min_read_len	median_read_len	mean_read_len	max_read_len
NottinghamJuly2025-460410994--01_preprocessing--01_fasnicar--Nottingham_21A_S36,Nottingham_21A_S36.R1	1542321248	10214048	151	151.0	151.0	151
NottinghamJuly2025-460410994--01_preprocessing--01_fasnicar--Nottingham_21A_S36,Nottingham_21A_S36.R1_trimmed	1498730710	10044513	75	151.0	149.20889743484827	151
NottinghamJuly2025-460410994--01_preprocessing--01_fasnicar--Nottingham_21A_S36,Nottingham_21A_S36.R1_trimmed_phiX174	1498265214	10041381	75	151.0	149.20907930891178	151
NottinghamJuly2025-460410994--01_preprocessing--01_fasnicar--Nottingham_21A_S36,Nottingham_21A_S36.R2	1542321248	10214048	151	151.0	151.0	151
NottinghamJuly2025-460410994--01_preprocessing--01_fasnicar--Nottingham_21A_S36,Nottingham_21A_S36.R2_trimmed	1501559005	10070360	75	151.0	149.10678515961695	151
NottinghamJuly2025-460410994--01_preprocessing--01_fasnicar--Nottingham_21A_S36,Nottingham_21A_S36.R2_trimmed_phiX174	1497588840	10043535	75	151.0	149.1097347696802	151
NottinghamJuly2025-460410994--01_preprocessing--01_fasnicar--Nottingham_21A_S36,Nottingham_21A_S36_R1.fastq	1488028859	9972760	75	151.0	149.20933212069679	151
NottinghamJuly2025-460410994--01_preprocessing--01_fasnicar--Nottingham_21A_S36,Nottingham_21A_S36_R2.fastq	1487063864	9972760	75	151.0	149.11256903805966	151
NottinghamJuly2025-460410994--01_preprocessing--01_fasnicar--Nottingham_21A_S36,Nottingham_21A_S36_UN.fastq	20761331	139396	75	151.0	148.9377815719246	151
NottinghamJuly2025-460410994--01_preprocessing--01_fasnicar--Nottingham_21A_S36,Nottingham_21A_S36	2995854054	20084916	75	151.0	149.086560910227	151
Filename,#samplename	n_of_bases	n_of_reads	min_read_len	median_read_len	mean_read_len	max_read_len
NottinghamJuly2025-460410994--01_preprocessing--01_fasnicar--Nottingham_7B_S14,Nottingham_7B_S14.R1	1393571601	9228951	151	151.0	151.0	151
NottinghamJuly2025-460410994--01_preprocessing--01_fasnicar--Nottingham_7B_S14,Nottingham_7B_S14.R1_trimmed	1354718872	9083552	75	151.0	149.13977175448548	151
NottinghamJuly2025-460410994--01_preprocessing--01_fasnicar--Nottingham_7B_S14,Nottingham_7B_S14.R1_trimmed_phiX174	1351054101	9058449	75	151.0	149.148502243596	151
NottinghamJuly2025-460410994--01_preprocessing--01_fasnicar--Nottingham_7B_S14,Nottingham_7B_S14.R2	1393571601	9228951	151	151.0	151.0	151
NottinghamJuly2025-460410994--01_preprocessing--01_fasnicar--Nottingham_7B_S14,Nottingham_7B_S14.R2_trimmed	1358215482	9112104	75	151.0	149.0561874623029	151
NottinghamJuly2025-460410994--01_preprocessing--01_fasnicar--Nottingham_7B_S14,Nottingham_7B_S14.R2_trimmed_phiX174	1351120618	9063762	75	151.0	149.0684130938125	151
NottinghamJuly2025-460410994--01_preprocessing--01_fasnicar--Nottingham_7B_S14,Nottingham_7B_S14_R1.fastq	1342786961	9003150	75	151.0	149.14634999972233	151
NottinghamJuly2025-460410994--01_preprocessing--01_fasnicar--Nottingham_7B_S14,Nottingham_7B_S14_R2.fastq	1342106601	9003150	75	151.0	149.070780893354	151
NottinghamJuly2025-460410994--01_preprocessing--01_fasnicar--Nottingham_7B_S14,Nottingham_7B_S14_UN.fastq	17281157	115911	75	151.0	149.08987930394872	151
NottinghamJuly2025-460410994--01_preprocessing--01_fasnicar--Nottingham_7B_S14,Nottingham_7B_S14	2702174719	18122211	75	151.0	149.10233673234168	151
Filename,#samplename	n_of_bases	n_of_reads	min_read_len	median_read_len	mean_read_len	max_read_len
NottinghamJuly2025-460410994--01_preprocessing--01_fasnicar--Nottingham_5A_S7,Nottingham_5A_S7.R1	1709564469	11321619	151	151.0	151.0	151
NottinghamJuly2025-460410994--01_preprocessing--01_fasnicar--Nottingham_5A_S7,Nottingham_5A_S7.R1_trimmed	1665823689	11150618	75	151.0	149.39294745815883	151
NottinghamJuly2025-460410994--01_preprocessing--01_fasnicar--Nottingham_5A_S7,Nottingham_5A_S7.R1_trimmed_phiX174	1665376017	11147604	75	151.0	149.39318054355	151
NottinghamJuly2025-460410994--01_preprocessing--01_fasnicar--Nottingham_5A_S7,Nottingham_5A_S7.R2	1709564469	11321619	151	151.0	151.0	151
NottinghamJuly2025-460410994--01_preprocessing--01_fasnicar--Nottingham_5A_S7,Nottingham_5A_S7.R2_trimmed	1667479133	11171342	75	151.0	149.2639946928489	151
NottinghamJuly2025-460410994--01_preprocessing--01_fasnicar--Nottingham_5A_S7,Nottingham_5A_S7.R2_trimmed_phiX174	1662820799	11139813	75	151.0	149.26828655023203	151
NottinghamJuly2025-460410994--01_preprocessing--01_fasnicar--Nottingham_5A_S7,Nottingham_5A_S7_R1.fastq	1652816182	11063611	75	151.0	149.39210914049673	151
NottinghamJuly2025-460410994--01_preprocessing--01_fasnicar--Nottingham_5A_S7,Nottingham_5A_S7_R2.fastq	1651479111	11063611	75	151.0	149.27125610255098	151
NottinghamJuly2025-460410994--01_preprocessing--01_fasnicar--Nottingham_5A_S7,Nottingham_5A_S7_UN.fastq	23901523	160195	75	151.0	149.20267798620432	151
NottinghamJuly2025-460410994--01_preprocessing--01_fasnicar--Nottingham_5A_S7,Nottingham_5A_S7	3328196816	22287417	75	151.0	149.28868107641733	151
Filename,#samplename	n_of_bases	n_of_reads	min_read_len	median_read_len	mean_read_len	max_read_len
NottinghamJuly2025-460410994--01_preprocessing--01_fasnicar--Nottingham_18A_S29,Nottingham_18A_S29.R1	1528057184	10119584	151	151.0	151.0	151
NottinghamJuly2025-460410994--01_preprocessing--01_fasnicar--Nottingham_18A_S29,Nottingham_18A_S29.R1_trimmed	1467077417	9882475	75	151.0	148.45242887029818	151
NottinghamJuly2025-460410994--01_preprocessing--01_fasnicar--Nottingham_18A_S29,Nottingham_18A_S29.R1_trimmed_phiX174	1466742965	9880208	75	151.0	148.45264036951448	151
NottinghamJuly2025-460410994--01_preprocessing--01_fasnicar--Nottingham_18A_S29,Nottingham_18A_S29.R2	1528057184	10119584	151	151.0	151.0	151
NottinghamJuly2025-460410994--01_preprocessing--01_fasnicar--Nottingham_18A_S29,Nottingham_18A_S29.R2_trimmed	1473345796	9927274	75	151.0	148.41393478209628	151
NottinghamJuly2025-460410994--01_preprocessing--01_fasnicar--Nottingham_18A_S29,Nottingham_18A_S29.R2_trimmed_phiX174	1471429083	9914312	75	151.0	148.41464369892736	151
NottinghamJuly2025-460410994--01_preprocessing--01_fasnicar--Nottingham_18A_S29,Nottingham_18A_S29_R1.fastq	1461905229	9847693	75	151.0	148.4515438285901	151
NottinghamJuly2025-460410994--01_preprocessing--01_fasnicar--Nottingham_18A_S29,Nottingham_18A_S29_R2.fastq	1461562170	9847693	75	151.0	148.4167073445527	151
NottinghamJuly2025-460410994--01_preprocessing--01_fasnicar--Nottingham_18A_S29,Nottingham_18A_S29_UN.fastq	14704649	99134	75	151.0	148.33103677850184	151
NottinghamJuly2025-460410994--01_preprocessing--01_fasnicar--Nottingham_18A_S29,Nottingham_18A_S29	2938172048	19794520	75	151.0	148.39976265054818	151
Filename,#samplename	n_of_bases	n_of_reads	min_read_len	median_read_len	mean_read_len	max_read_len
NottinghamJuly2025-460410994--01_preprocessing--01_fasnicar--Nottingham_11C_S21,Nottingham_11C_S21.R1	1228801005	8137755	151	151.0	151.0	151
NottinghamJuly2025-460410994--01_preprocessing--01_fasnicar--Nottingham_11C_S21,Nottingham_11C_S21.R1_trimmed	1202304209	8033911	75	151.0	149.65366295444397	151
NottinghamJuly2025-460410994--01_preprocessing--01_fasnicar--Nottingham_11C_S21,Nottingham_11C_S21.R1_trimmed_phiX174	1201934467	8031421	75	151.0	149.65402349098622	151
NottinghamJuly2025-460410994--01_preprocessing--01_fasnicar--Nottingham_11C_S21,Nottingham_11C_S21.R2	1228801005	8137755	151	151.0	151.0	151
NottinghamJuly2025-460410994--01_preprocessing--01_fasnicar--Nottingham_11C_S21,Nottingham_11C_S21.R2_trimmed	1204358958	8053826	75	151.0	149.53873575118212	151
NottinghamJuly2025-460410994--01_preprocessing--01_fasnicar--Nottingham_11C_S21,Nottingham_11C_S21.R2_trimmed_phiX174	1200012134	8024534	75	151.0	149.54290604289295	151
NottinghamJuly2025-460410994--01_preprocessing--01_fasnicar--Nottingham_11C_S21,Nottingham_11C_S21_R1.fastq	1192453697	7968106	75	151.0	149.65334258856495	151
NottinghamJuly2025-460410994--01_preprocessing--01_fasnicar--Nottingham_11C_S21,Nottingham_11C_S21_R2.fastq	1191598611	7968106	75	151.0	149.54602900614023	151
NottinghamJuly2025-460410994--01_preprocessing--01_fasnicar--Nottingham_11C_S21,Nottingham_11C_S21_UN.fastq	17894293	119743	75	151.0	149.43915719499262	151
NottinghamJuly2025-460410994--01_preprocessing--01_fasnicar--Nottingham_11C_S21,Nottingham_11C_S21	2401946601	16055955	75	151.0	149.5461762632326	151
Filename,#samplename	n_of_bases	n_of_reads	min_read_len	median_read_len	mean_read_len	max_read_len
NottinghamJuly2025-460410994--01_preprocessing--01_fasnicar--Nottingham_22B_S40,Nottingham_22B_S40.R1	1425175750	9438250	151	151.0	151.0	151
NottinghamJuly2025-460410994--01_preprocessing--01_fasnicar--Nottingham_22B_S40,Nottingham_22B_S40.R1_trimmed	1353266516	9132526	75	151.0	148.18096504734834	151
NottinghamJuly2025-460410994--01_preprocessing--01_fasnicar--Nottingham_22B_S40,Nottingham_22B_S40.R1_trimmed_phiX174	1352865337	9129825	75	151.0	148.18086184565422	151
NottinghamJuly2025-460410994--01_preprocessing--01_fasnicar--Nottingham_22B_S40,Nottingham_22B_S40.R2	1425175750	9438250	151	151.0	151.0	151
NottinghamJuly2025-460410994--01_preprocessing--01_fasnicar--Nottingham_22B_S40,Nottingham_22B_S40.R2_trimmed	1356450528	9159421	75	151.0	148.09347970794224	151
NottinghamJuly2025-460410994--01_preprocessing--01_fasnicar--Nottingham_22B_S40,Nottingham_22B_S40.R2_trimmed_phiX174	1353486541	9139427	75	151.0	148.0931508069379	151
NottinghamJuly2025-460410994--01_preprocessing--01_fasnicar--Nottingham_22B_S40,Nottingham_22B_S40_R1.fastq	1344825051	9075762	75	151.0	148.17764624061317	151
NottinghamJuly2025-460410994--01_preprocessing--01_fasnicar--Nottingham_22B_S40,Nottingham_22B_S40_R2.fastq	1344084428	9075762	75	151.0	148.09604174283106	151
NottinghamJuly2025-460410994--01_preprocessing--01_fasnicar--Nottingham_22B_S40,Nottingham_22B_S40_UN.fastq	17442399	117728	75	151.0	148.15845848056537	151
NottinghamJuly2025-460410994--01_preprocessing--01_fasnicar--Nottingham_22B_S40,Nottingham_22B_S40	2706351878	18269252	75	151.0	148.14404882133655	151
Filename,#samplename	n_of_bases	n_of_reads	min_read_len	median_read_len	mean_read_len	max_read_len
NottinghamJuly2025-460410994--01_preprocessing--01_fasnicar--Nottingham_23a_S42,Nottingham_23a_S42.R1	747885786	4952886	151	151.0	151.0	151
NottinghamJuly2025-460410994--01_preprocessing--01_fasnicar--Nottingham_23a_S42,Nottingham_23a_S42.R1_trimmed	721867087	4849215	75	151.0	148.86266890620442	151
NottinghamJuly2025-460410994--01_preprocessing--01_fasnicar--Nottingham_23a_S42,Nottingham_23a_S42.R1_trimmed_phiX174	721700247	4848089	75	151.0	148.86282966339934	151
NottinghamJuly2025-460410994--01_preprocessing--01_fasnicar--Nottingham_23a_S42,Nottingham_23a_S42.R2	747885786	4952886	151	151.0	151.0	151
NottinghamJuly2025-460410994--01_preprocessing--01_fasnicar--Nottingham_23a_S42,Nottingham_23a_S42.R2_trimmed	723420961	4862840	75	151.0	148.7651168864285	151
NottinghamJuly2025-460410994--01_preprocessing--01_fasnicar--Nottingham_23a_S42,Nottingham_23a_S42.R2_trimmed_phiX174	722004947	4853236	75	151.0	148.76773909202026	151
NottinghamJuly2025-460410994--01_preprocessing--01_fasnicar--Nottingham_23a_S42,Nottingham_23a_S42_R1.fastq	717527109	4820109	75	151.0	148.86117907292137	151
NottinghamJuly2025-460410994--01_preprocessing--01_fasnicar--Nottingham_23a_S42,Nottingham_23a_S42_R2.fastq	717090962	4820109	75	151.0	148.77069418969572	151
NottinghamJuly2025-460410994--01_preprocessing--01_fasnicar--Nottingham_23a_S42,Nottingham_23a_S42_UN.fastq	9087123	61107	75	151.0	148.70838038195296	151
NottinghamJuly2025-460410994--01_preprocessing--01_fasnicar--Nottingham_23a_S42,Nottingham_23a_S42	1443705194	9701325	75	151.0	148.78008454819002	151
Filename,#samplename	n_of_bases	n_of_reads	min_read_len	median_read_len	mean_read_len	max_read_len
NottinghamJuly2025-460410994--01_preprocessing--01_fasnicar--Nottingham_6B_S11,Nottingham_6B_S11.R1	2274740557	15064507	151	151.0	151.0	151
NottinghamJuly2025-460410994--01_preprocessing--01_fasnicar--Nottingham_6B_S11,Nottingham_6B_S11.R1_trimmed	2240824637	14925479	75	151.0	150.1341857772203	151
NottinghamJuly2025-460410994--01_preprocessing--01_fasnicar--Nottingham_6B_S11,Nottingham_6B_S11.R1_trimmed_phiX174	2239570058	14917043	75	151.0	150.13498707485124	151
NottinghamJuly2025-460410994--01_preprocessing--01_fasnicar--Nottingham_6B_S11,Nottingham_6B_S11.R2	2274740557	15064507	151	151.0	151.0	151
NottinghamJuly2025-460410994--01_preprocessing--01_fasnicar--Nottingham_6B_S11,Nottingham_6B_S11.R2_trimmed	2245105018	14965594	75	151.0	150.01776862314986	151
NottinghamJuly2025-460410994--01_preprocessing--01_fasnicar--Nottingham_6B_S11,Nottingham_6B_S11.R2_trimmed_phiX174	2237630727	14915199	75	151.0	150.0235247950765	151
NottinghamJuly2025-460410994--01_preprocessing--01_fasnicar--Nottingham_6B_S11,Nottingham_6B_S11_R1.fastq	2223551491	14810142	75	151.0	150.1370811299446	151
NottinghamJuly2025-460410994--01_preprocessing--01_fasnicar--Nottingham_6B_S11,Nottingham_6B_S11_R2.fastq	2221910728	14810142	75	151.0	150.02629468373766	151
NottinghamJuly2025-460410994--01_preprocessing--01_fasnicar--Nottingham_6B_S11,Nottingham_6B_S11_UN.fastq	31738566	211958	75	151.0	149.73988242953791	151
NottinghamJuly2025-460410994--01_preprocessing--01_fasnicar--Nottingham_6B_S11,Nottingham_6B_S11	4477200785	29832242	75	151.0	149.96775274774006	151
Filename,#samplename	n_of_bases	n_of_reads	min_read_len	median_read_len	mean_read_len	max_read_len
NottinghamJuly2025-460410994--01_preprocessing--01_fasnicar--Nottingham_6C_S12,Nottingham_6C_S12.R1	1186012890	7854390	151	151.0	151.0	151
NottinghamJuly2025-460410994--01_preprocessing--01_fasnicar--Nottingham_6C_S12,Nottingham_6C_S12.R1_trimmed	1156187849	7746802	75	151.0	149.24711500306836	151
NottinghamJuly2025-460410994--01_preprocessing--01_fasnicar--Nottingham_6C_S12,Nottingham_6C_S12.R1_trimmed_phiX174	1155878995	7744720	75	151.0	149.2473575545662	151
NottinghamJuly2025-460410994--01_preprocessing--01_fasnicar--Nottingham_6C_S12,Nottingham_6C_S12.R2	1186012890	7854390	151	151.0	151.0	151
NottinghamJuly2025-460410994--01_preprocessing--01_fasnicar--Nottingham_6C_S12,Nottingham_6C_S12.R2_trimmed	1158681624	7768851	75	151.0	149.14452909445683	151
NottinghamJuly2025-460410994--01_preprocessing--01_fasnicar--Nottingham_6C_S12,Nottingham_6C_S12.R2_trimmed_phiX174	1156276794	7752643	75	151.0	149.14614203182063	151
NottinghamJuly2025-460410994--01_preprocessing--01_fasnicar--Nottingham_6C_S12,Nottingham_6C_S12_R1.fastq	1149086415	7699204	75	151.0	149.2474306434795	151
NottinghamJuly2025-460410994--01_preprocessing--01_fasnicar--Nottingham_6C_S12,Nottingham_6C_S12_R2.fastq	1148331275	7699204	75	151.0	149.14935037440233	151
NottinghamJuly2025-460410994--01_preprocessing--01_fasnicar--Nottingham_6C_S12,Nottingham_6C_S12_UN.fastq	14738099	98955	75	151.0	148.93738568035977	151
NottinghamJuly2025-460410994--01_preprocessing--01_fasnicar--Nottingham_6C_S12,Nottingham_6C_S12	2312155789	15497363	75	151.0	149.11138889941387	151
Filename,#samplename	n_of_bases	n_of_reads	min_read_len	median_read_len	mean_read_len	max_read_len
NottinghamJuly2025-460410994--01_preprocessing--01_fasnicar--Nottingham_20A_S33,Nottingham_20A_S33.R1	1375523628	9109428	151	151.0	151.0	151
NottinghamJuly2025-460410994--01_preprocessing--01_fasnicar--Nottingham_20A_S33,Nottingham_20A_S33.R1_trimmed	1340560710	8963854	75	151.0	149.55182335633756	151
NottinghamJuly2025-460410994--01_preprocessing--01_fasnicar--Nottingham_20A_S33,Nottingham_20A_S33.R1_trimmed_phiX174	1340071592	8960570	75	151.0	149.5520476933945	151
NottinghamJuly2025-460410994--01_preprocessing--01_fasnicar--Nottingham_20A_S33,Nottingham_20A_S33.R2	1375523628	9109428	151	151.0	151.0	151
NottinghamJuly2025-460410994--01_preprocessing--01_fasnicar--Nottingham_20A_S33,Nottingham_20A_S33.R2_trimmed	1342359122	8982388	75	151.0	149.44345779763688	151
NottinghamJuly2025-460410994--01_preprocessing--01_fasnicar--Nottingham_20A_S33,Nottingham_20A_S33.R2_trimmed_phiX174	1336929466	8945900	75	151.0	149.44605528789725	151
NottinghamJuly2025-460410994--01_preprocessing--01_fasnicar--Nottingham_20A_S33,Nottingham_20A_S33_R1.fastq	1328634652	8884098	75	151.0	149.55200314089285	151
NottinghamJuly2025-460410994--01_preprocessing--01_fasnicar--Nottingham_20A_S33,Nottingham_20A_S33_R2.fastq	1327720264	8884098	75	151.0	149.44907901736337	151
NottinghamJuly2025-460410994--01_preprocessing--01_fasnicar--Nottingham_20A_S33,Nottingham_20A_S33_UN.fastq	20646142	138274	75	151.0	149.31326207385337	151
NottinghamJuly2025-460410994--01_preprocessing--01_fasnicar--Nottingham_20A_S33,Nottingham_20A_S33	2677001058	17906470	75	151.0	149.43811474403654	151
Filename,#samplename	n_of_bases	n_of_reads	min_read_len	median_read_len	mean_read_len	max_read_len
NottinghamJuly2025-460410994--01_preprocessing--01_fasnicar--Nottingham_16C_S28,Nottingham_16C_S28.R1	1234171773	8173323	151	151.0	151.0	151
NottinghamJuly2025-460410994--01_preprocessing--01_fasnicar--Nottingham_16C_S28,Nottingham_16C_S28.R1_trimmed	1196914700	8031395	75	151.0	149.02948989559098	151
NottinghamJuly2025-460410994--01_preprocessing--01_fasnicar--Nottingham_16C_S28,Nottingham_16C_S28.R1_trimmed_phiX174	1196469393	8028368	75	151.0	149.03021298973837	151
NottinghamJuly2025-460410994--01_preprocessing--01_fasnicar--Nottingham_16C_S28,Nottingham_16C_S28.R2	1234171773	8173323	151	151.0	151.0	151
NottinghamJuly2025-460410994--01_preprocessing--01_fasnicar--Nottingham_16C_S28,Nottingham_16C_S28.R2_trimmed	1199780289	8055407	75	151.0	148.94098944969508	151
NottinghamJuly2025-460410994--01_preprocessing--01_fasnicar--Nottingham_16C_S28,Nottingham_16C_S28.R2_trimmed_phiX174	1196833263	8035485	75	151.0	148.9435003612103	151
NottinghamJuly2025-460410994--01_preprocessing--01_fasnicar--Nottingham_16C_S28,Nottingham_16C_S28_R1.fastq	1189387790	7980926	75	151.0	149.02879565604292	151
NottinghamJuly2025-460410994--01_preprocessing--01_fasnicar--Nottingham_16C_S28,Nottingham_16C_S28_R2.fastq	1188730486	7980926	75	151.0	148.94643629072615	151
NottinghamJuly2025-460410994--01_preprocessing--01_fasnicar--Nottingham_16C_S28,Nottingham_16C_S28_UN.fastq	15184380	102001	75	151.0	148.8650111273419	151
NottinghamJuly2025-460410994--01_preprocessing--01_fasnicar--Nottingham_16C_S28,Nottingham_16C_S28	2393302656	16063853	75	151.0	148.94674769137032	151
Filename,#samplename	n_of_bases	n_of_reads	min_read_len	median_read_len	mean_read_len	max_read_len
NottinghamJuly2025-460410994--01_preprocessing--01_fasnicar--Nottingham_20C_S35,Nottingham_20C_S35.R1	1300658583	8613633	151	151.0	151.0	151
NottinghamJuly2025-460410994--01_preprocessing--01_fasnicar--Nottingham_20C_S35,Nottingham_20C_S35.R1_trimmed	1242943065	8380785	75	151.0	148.3086685793753	151
NottinghamJuly2025-460410994--01_preprocessing--01_fasnicar--Nottingham_20C_S35,Nottingham_20C_S35.R1_trimmed_phiX174	1242523083	8377888	75	151.0	148.30982259490696	151
NottinghamJuly2025-460410994--01_preprocessing--01_fasnicar--Nottingham_20C_S35,Nottingham_20C_S35.R2	1300658583	8613633	151	151.0	151.0	151
NottinghamJuly2025-460410994--01_preprocessing--01_fasnicar--Nottingham_20C_S35,Nottingham_20C_S35.R2_trimmed	1246546422	8409302	75	151.0	148.23423180663508	151
NottinghamJuly2025-460410994--01_preprocessing--01_fasnicar--Nottingham_20C_S35,Nottingham_20C_S35.R2_trimmed_phiX174	1245353357	8401192	75	151.0	148.23531672648357	151
NottinghamJuly2025-460410994--01_preprocessing--01_fasnicar--Nottingham_20C_S35,Nottingham_20C_S35_R1.fastq	1237501521	8344012	75	151.0	148.31013198446982	151
NottinghamJuly2025-460410994--01_preprocessing--01_fasnicar--Nottingham_20C_S35,Nottingham_20C_S35_R2.fastq	1236892270	8344012	75	151.0	148.23711543080236	151
NottinghamJuly2025-460410994--01_preprocessing--01_fasnicar--Nottingham_20C_S35,Nottingham_20C_S35_UN.fastq	13482649	91056	75	151.0	148.06985810929538	151
NottinghamJuly2025-460410994--01_preprocessing--01_fasnicar--Nottingham_20C_S35,Nottingham_20C_S35	2487876440	16779080	75	151.0	148.20570184152254	151
Filename,#samplename	n_of_bases	n_of_reads	min_read_len	median_read_len	mean_read_len	max_read_len
NottinghamJuly2025-460410994--01_preprocessing--01_fasnicar--Nottingham_16B_S27,Nottingham_16B_S27.R1	1530326714	10134614	151	151.0	151.0	151
NottinghamJuly2025-460410994--01_preprocessing--01_fasnicar--Nottingham_16B_S27,Nottingham_16B_S27.R1_trimmed	1477116330	9917026	75	151.0	148.94751007005527	151
NottinghamJuly2025-460410994--01_preprocessing--01_fasnicar--Nottingham_16B_S27,Nottingham_16B_S27.R1_trimmed_phiX174	1476531037	9912993	75	151.0	148.94906482835205	151
NottinghamJuly2025-460410994--01_preprocessing--01_fasnicar--Nottingham_16B_S27,Nottingham_16B_S27.R2	1530326714	10134614	151	151.0	151.0	151
NottinghamJuly2025-460410994--01_preprocessing--01_fasnicar--Nottingham_16B_S27,Nottingham_16B_S27.R2_trimmed	1479470461	9941064	75	151.0	148.82415614666598	151
NottinghamJuly2025-460410994--01_preprocessing--01_fasnicar--Nottingham_16B_S27,Nottingham_16B_S27.R2_trimmed_phiX174	1475485539	9914320	75	151.0	148.82367514867383	151
NottinghamJuly2025-460410994--01_preprocessing--01_fasnicar--Nottingham_16B_S27,Nottingham_16B_S27_R1.fastq	1466341198	9844654	75	151.0	148.94796688639337	151
NottinghamJuly2025-460410994--01_preprocessing--01_fasnicar--Nottingham_16B_S27,Nottingham_16B_S27_R2.fastq	1465147158	9844654	75	151.0	148.8266787232949	151
NottinghamJuly2025-460410994--01_preprocessing--01_fasnicar--Nottingham_16B_S27,Nottingham_16B_S27_UN.fastq	20528220	138005	75	151.0	148.74982790478606	151
NottinghamJuly2025-460410994--01_preprocessing--01_fasnicar--Nottingham_16B_S27,Nottingham_16B_S27	2952016576	19827313	75	151.0	148.84149117149144	151
Filename,#samplename	n_of_bases	n_of_reads	min_read_len	median_read_len	mean_read_len	max_read_len
NottinghamJuly2025-460410994--01_preprocessing--01_fasnicar--Nottingham_22C_S41,Nottingham_22C_S41.R1	635380216	4207816	151	151.0	151.0	151
NottinghamJuly2025-460410994--01_preprocessing--01_fasnicar--Nottingham_22C_S41,Nottingham_22C_S41.R1_trimmed	603740531	4076689	75	151.0	148.09580299110382	151
NottinghamJuly2025-460410994--01_preprocessing--01_fasnicar--Nottingham_22C_S41,Nottingham_22C_S41.R1_trimmed_phiX174	603581624	4075614	75	151.0	148.09587561530606	151
NottinghamJuly2025-460410994--01_preprocessing--01_fasnicar--Nottingham_22C_S41,Nottingham_22C_S41.R2	635380216	4207816	151	151.0	151.0	151
NottinghamJuly2025-460410994--01_preprocessing--01_fasnicar--Nottingham_22C_S41,Nottingham_22C_S41.R2_trimmed	605849384	4092870	75	151.0	148.025562502596	151
NottinghamJuly2025-460410994--01_preprocessing--01_fasnicar--Nottingham_22C_S41,Nottingham_22C_S41.R2_trimmed_phiX174	604990613	4087065	75	151.0	148.02568909474158	151
NottinghamJuly2025-460410994--01_preprocessing--01_fasnicar--Nottingham_22C_S41,Nottingham_22C_S41_R1.fastq	600954790	4057904	75	151.0	148.09487607395346	151
NottinghamJuly2025-460410994--01_preprocessing--01_fasnicar--Nottingham_22C_S41,Nottingham_22C_S41_R2.fastq	600688611	4057904	75	151.0	148.0292808799814	151
NottinghamJuly2025-460410994--01_preprocessing--01_fasnicar--Nottingham_22C_S41,Nottingham_22C_S41_UN.fastq	6928836	46871	75	151.0	147.82778263745172	151
NottinghamJuly2025-460410994--01_preprocessing--01_fasnicar--Nottingham_22C_S41,Nottingham_22C_S41	1208572237	8162679	75	151.0	147.98397986379553	151
Filename,#samplename	n_of_bases	n_of_reads	min_read_len	median_read_len	mean_read_len	max_read_len
NottinghamJuly2025-460410994--01_preprocessing--01_fasnicar--Nottingham_4a_S4,Nottingham_4a_S4.R1	1593950715	10555965	151	151.0	151.0	151
NottinghamJuly2025-460410994--01_preprocessing--01_fasnicar--Nottingham_4a_S4,Nottingham_4a_S4.R1_trimmed	1559704440	10426596	75	151.0	149.5890355778626	151
NottinghamJuly2025-460410994--01_preprocessing--01_fasnicar--Nottingham_4a_S4,Nottingham_4a_S4.R1_trimmed_phiX174	1559163022	10422930	75	151.0	149.58970481428926	151
NottinghamJuly2025-460410994--01_preprocessing--01_fasnicar--Nottingham_4a_S4,Nottingham_4a_S4.R2	1593950715	10555965	151	151.0	151.0	151
NottinghamJuly2025-460410994--01_preprocessing--01_fasnicar--Nottingham_4a_S4,Nottingham_4a_S4.R2_trimmed	1561238661	10445869	75	151.0	149.45991195179644	151
NottinghamJuly2025-460410994--01_preprocessing--01_fasnicar--Nottingham_4a_S4,Nottingham_4a_S4.R2_trimmed_phiX174	1555848872	10409544	75	151.0	149.4636913970487	151
NottinghamJuly2025-460410994--01_preprocessing--01_fasnicar--Nottingham_4a_S4,Nottingham_4a_S4_R1.fastq	1546748313	10339943	75	151.0	149.5896363258482	151
NottinghamJuly2025-460410994--01_preprocessing--01_fasnicar--Nottingham_4a_S4,Nottingham_4a_S4_R2.fastq	1545474163	10339943	75	151.0	149.46641030806455	151
NottinghamJuly2025-460410994--01_preprocessing--01_fasnicar--Nottingham_4a_S4,Nottingham_4a_S4_UN.fastq	22789418	152588	75	151.0	149.35262274884002	151
NottinghamJuly2025-460410994--01_preprocessing--01_fasnicar--Nottingham_4a_S4,Nottingham_4a_S4	3115011894	20832474	75	151.0	149.46955646091757	151
Filename,#samplename	n_of_bases	n_of_reads	min_read_len	median_read_len	mean_read_len	max_read_len
NottinghamJuly2025-460410994--01_preprocessing--01_fasnicar--Nottingham_14A_S22,Nottingham_14A_S22.R1	1707148318	11305618	151	151.0	151.0	151
NottinghamJuly2025-460410994--01_preprocessing--01_fasnicar--Nottingham_14A_S22,Nottingham_14A_S22.R1_trimmed	1675776395	11182475	75	151.0	149.85737906858722	151
NottinghamJuly2025-460410994--01_preprocessing--01_fasnicar--Nottingham_14A_S22,Nottingham_14A_S22.R1_trimmed_phiX174	1675269692	11179072	75	151.0	149.85767083350032	151
NottinghamJuly2025-460410994--01_preprocessing--01_fasnicar--Nottingham_14A_S22,Nottingham_14A_S22.R2	1707148318	11305618	151	151.0	151.0	151
NottinghamJuly2025-460410994--01_preprocessing--01_fasnicar--Nottingham_14A_S22,Nottingham_14A_S22.R2_trimmed	1679373003	11213558	75	151.0	149.7627249977215	151
NottinghamJuly2025-460410994--01_preprocessing--01_fasnicar--Nottingham_14A_S22,Nottingham_14A_S22.R2_trimmed_phiX174	1673003184	11170742	75	151.0	149.76652258193772	151
NottinghamJuly2025-460410994--01_preprocessing--01_fasnicar--Nottingham_14A_S22,Nottingham_14A_S22_R1.fastq	1662640416	11094775	75	151.0	149.8579661146801	151
NottinghamJuly2025-460410994--01_preprocessing--01_fasnicar--Nottingham_14A_S22,Nottingham_14A_S22_R2.fastq	1661659048	11094775	75	151.0	149.76951294640946	151
NottinghamJuly2025-460410994--01_preprocessing--01_fasnicar--Nottingham_14A_S22,Nottingham_14A_S22_UN.fastq	23973412	160264	75	151.0	149.58700643937505	151
NottinghamJuly2025-460410994--01_preprocessing--01_fasnicar--Nottingham_14A_S22,Nottingham_14A_S22	3348272876	22349814	75	151.0	149.7381618334882	151
Filename,#samplename	n_of_bases	n_of_reads	min_read_len	median_read_len	mean_read_len	max_read_len
NottinghamJuly2025-460410994--01_preprocessing--01_fasnicar--Nottingham_9C_S18,Nottingham_9C_S18.R1	1343926727	8900177	151	151.0	151.0	151
NottinghamJuly2025-460410994--01_preprocessing--01_fasnicar--Nottingham_9C_S18,Nottingham_9C_S18.R1_trimmed	1312297138	8781717	75	151.0	149.43514326412478	151
NottinghamJuly2025-460410994--01_preprocessing--01_fasnicar--Nottingham_9C_S18,Nottingham_9C_S18.R1_trimmed_phiX174	1311920577	8779191	75	151.0	149.43524716571264	151
NottinghamJuly2025-460410994--01_preprocessing--01_fasnicar--Nottingham_9C_S18,Nottingham_9C_S18.R2	1343926727	8900177	151	151.0	151.0	151
NottinghamJuly2025-460410994--01_preprocessing--01_fasnicar--Nottingham_9C_S18,Nottingham_9C_S18.R2_trimmed	1314427883	8802024	75	151.0	149.33245842092683	151
NottinghamJuly2025-460410994--01_preprocessing--01_fasnicar--Nottingham_9C_S18,Nottingham_9C_S18.R2_trimmed_phiX174	1310853114	8777915	75	151.0	149.3353619851639	151
NottinghamJuly2025-460410994--01_preprocessing--01_fasnicar--Nottingham_9C_S18,Nottingham_9C_S18_R1.fastq	1302820745	8718292	75	151.0	149.43531886750296	151
NottinghamJuly2025-460410994--01_preprocessing--01_fasnicar--Nottingham_9C_S18,Nottingham_9C_S18_R2.fastq	1301973076	8718292	75	151.0	149.3380900754414	151
NottinghamJuly2025-460410994--01_preprocessing--01_fasnicar--Nottingham_9C_S18,Nottingham_9C_S18_UN.fastq	17979870	120522	75	151.0	149.1833026335441	151
NottinghamJuly2025-460410994--01_preprocessing--01_fasnicar--Nottingham_9C_S18,Nottingham_9C_S18	2622773691	17557106	75	151.0	149.3189038588295	151
Filename,#samplename	n_of_bases	n_of_reads	min_read_len	median_read_len	mean_read_len	max_read_len
NottinghamJuly2025-460410994--01_preprocessing--01_fasnicar--Nottingham_20B_S34,Nottingham_20B_S34.R1	1883372415	12472665	151	151.0	151.0	151
NottinghamJuly2025-460410994--01_preprocessing--01_fasnicar--Nottingham_20B_S34,Nottingham_20B_S34.R1_trimmed	1837538359	12302325	75	151.0	149.36512886791724	151
NottinghamJuly2025-460410994--01_preprocessing--01_fasnicar--Nottingham_20B_S34,Nottingham_20B_S34.R1_trimmed_phiX174	1836988233	12298632	75	151.0	149.3652491594187	151
NottinghamJuly2025-460410994--01_preprocessing--01_fasnicar--Nottingham_20B_S34,Nottingham_20B_S34.R2	1883372415	12472665	151	151.0	151.0	151
NottinghamJuly2025-460410994--01_preprocessing--01_fasnicar--Nottingham_20B_S34,Nottingham_20B_S34.R2_trimmed	1841917399	12339017	75	151.0	149.27586200748405	151
NottinghamJuly2025-460410994--01_preprocessing--01_fasnicar--Nottingham_20B_S34,Nottingham_20B_S34.R2_trimmed_phiX174	1837983635	12312446	75	151.0	149.27851338393688	151
NottinghamJuly2025-460410994--01_preprocessing--01_fasnicar--Nottingham_20B_S34,Nottingham_20B_S34_R1.fastq	1826060410	12225392	75	151.0	149.3662051899849	151
NottinghamJuly2025-460410994--01_preprocessing--01_fasnicar--Nottingham_20B_S34,Nottingham_20B_S34_R2.fastq	1825020731	12225392	75	151.0	149.28116259993953	151
NottinghamJuly2025-460410994--01_preprocessing--01_fasnicar--Nottingham_20B_S34,Nottingham_20B_S34_UN.fastq	23890727	160294	75	151.0	149.04317691242343	151
NottinghamJuly2025-460410994--01_preprocessing--01_fasnicar--Nottingham_20B_S34,Nottingham_20B_S34	3674971868	24611078	75	151.0	149.2301815674493	151
Filename,#samplename	n_of_bases	n_of_reads	min_read_len	median_read_len	mean_read_len	max_read_len
NottinghamJuly2025-460410994--01_preprocessing--01_fasnicar--Nottingham_18B_S30,Nottingham_18B_S30.R1	1827157078	12100378	151	151.0	151.0	151
NottinghamJuly2025-460410994--01_preprocessing--01_fasnicar--Nottingham_18B_S30,Nottingham_18B_S30.R1_trimmed	1777900464	11895486	75	151.0	149.46009469474387	151
NottinghamJuly2025-460410994--01_preprocessing--01_fasnicar--Nottingham_18B_S30,Nottingham_18B_S30.R1_trimmed_phiX174	1777269532	11891235	75	151.0	149.4604666378219	151
NottinghamJuly2025-460410994--01_preprocessing--01_fasnicar--Nottingham_18B_S30,Nottingham_18B_S30.R2	1827157078	12100378	151	151.0	151.0	151
NottinghamJuly2025-460410994--01_preprocessing--01_fasnicar--Nottingham_18B_S30,Nottingham_18B_S30.R2_trimmed	1782321640	11932324	75	151.0	149.36919580795828	151
NottinghamJuly2025-460410994--01_preprocessing--01_fasnicar--Nottingham_18B_S30,Nottingham_18B_S30.R2_trimmed_phiX174	1778042706	11903412	75	151.0	149.3725249533495	151
NottinghamJuly2025-460410994--01_preprocessing--01_fasnicar--Nottingham_18B_S30,Nottingham_18B_S30_R1.fastq	1766948325	11822146	75	151.0	149.4608783379938	151
NottinghamJuly2025-460410994--01_preprocessing--01_fasnicar--Nottingham_18B_S30,Nottingham_18B_S30_R2.fastq	1765945157	11822146	75	151.0	149.37602335481222	151
NottinghamJuly2025-460410994--01_preprocessing--01_fasnicar--Nottingham_18B_S30,Nottingham_18B_S30_UN.fastq	22418756	150355	75	151.0	149.10549033952978	151
NottinghamJuly2025-460410994--01_preprocessing--01_fasnicar--Nottingham_18B_S30,Nottingham_18B_S30	3555312238	23794647	75	151.0	149.31413067744526	151
Filename,#samplename	n_of_bases	n_of_reads	min_read_len	median_read_len	mean_read_len	max_read_len
NottinghamJuly2025-460410994--01_preprocessing--01_fasnicar--Nottingham_4c_S6,Nottingham_4c_S6.R1	1396478653	9248203	151	151.0	151.0	151
NottinghamJuly2025-460410994--01_preprocessing--01_fasnicar--Nottingham_4c_S6,Nottingham_4c_S6.R1_trimmed	1355825962	9078907	75	151.0	149.33801634932487	151
NottinghamJuly2025-460410994--01_preprocessing--01_fasnicar--Nottingham_4c_S6,Nottingham_4c_S6.R1_trimmed_phiX174	1355417040	9076163	75	151.0	149.33811127014798	151
NottinghamJuly2025-460410994--01_preprocessing--01_fasnicar--Nottingham_4c_S6,Nottingham_4c_S6.R2	1396478653	9248203	151	151.0	151.0	151
NottinghamJuly2025-460410994--01_preprocessing--01_fasnicar--Nottingham_4c_S6,Nottingham_4c_S6.R2_trimmed	1358733265	9104477	75	151.0	149.23792602254912	151
NottinghamJuly2025-460410994--01_preprocessing--01_fasnicar--Nottingham_4c_S6,Nottingham_4c_S6.R2_trimmed_phiX174	1354186631	9073873	75	151.0	149.24020106959838	151
NottinghamJuly2025-460410994--01_preprocessing--01_fasnicar--Nottingham_4c_S6,Nottingham_4c_S6_R1.fastq	1345595076	9010514	75	151.0	149.33610624210783	151
NottinghamJuly2025-460410994--01_preprocessing--01_fasnicar--Nottingham_4c_S6,Nottingham_4c_S6_R2.fastq	1344757957	9010514	75	151.0	149.24320155320774	151
NottinghamJuly2025-460410994--01_preprocessing--01_fasnicar--Nottingham_4c_S6,Nottingham_4c_S6_UN.fastq	19250638	129008	75	151.0	149.22049795361528	151
NottinghamJuly2025-460410994--01_preprocessing--01_fasnicar--Nottingham_4c_S6,Nottingham_4c_S6	2709603671	18150036	75	151.0	149.2666019163103	151
Filename,#samplename	n_of_bases	n_of_reads	min_read_len	median_read_len	mean_read_len	max_read_len
NottinghamJuly2025-460410994--01_preprocessing--01_fasnicar--Nottingham_16A_S26,Nottingham_16A_S26.R1	1543807843	10223893	151	151.0	151.0	151
NottinghamJuly2025-460410994--01_preprocessing--01_fasnicar--Nottingham_16A_S26,Nottingham_16A_S26.R1_trimmed	1504989481	10072987	75	151.0	149.40846056884615	151
NottinghamJuly2025-460410994--01_preprocessing--01_fasnicar--Nottingham_16A_S26,Nottingham_16A_S26.R1_trimmed_phiX174	1504254707	10068027	75	151.0	149.40908551397408	151
NottinghamJuly2025-460410994--01_preprocessing--01_fasnicar--Nottingham_16A_S26,Nottingham_16A_S26.R2	1543807843	10223893	151	151.0	151.0	151
NottinghamJuly2025-460410994--01_preprocessing--01_fasnicar--Nottingham_16A_S26,Nottingham_16A_S26.R2_trimmed	1506535388	10091455	75	151.0	149.2882233533222	151
NottinghamJuly2025-460410994--01_preprocessing--01_fasnicar--Nottingham_16A_S26,Nottingham_16A_S26.R2_trimmed_phiX174	1500763183	10052639	75	151.0	149.29046820441877	151
NottinghamJuly2025-460410994--01_preprocessing--01_fasnicar--Nottingham_16A_S26,Nottingham_16A_S26_R1.fastq	1491336935	9981626	75	151.0	149.4082161563657	151
NottinghamJuly2025-460410994--01_preprocessing--01_fasnicar--Nottingham_16A_S26,Nottingham_16A_S26_R2.fastq	1490198197	9981626	75	151.0	149.29413273949555	151
NottinghamJuly2025-460410994--01_preprocessing--01_fasnicar--Nottingham_16A_S26,Nottingham_16A_S26_UN.fastq	23482758	157414	75	151.0	149.17833229572975	151
NottinghamJuly2025-460410994--01_preprocessing--01_fasnicar--Nottingham_16A_S26,Nottingham_16A_S26	3005017890	20120666	75	151.0	149.293560397197	151
Filename,#samplename	n_of_bases	n_of_reads	min_read_len	median_read_len	mean_read_len	max_read_len
NottinghamJuly2025-460410994--01_preprocessing--01_fasnicar--Nottingham_19A_S32,Nottingham_19A_S32.R1	1650125282	10927982	151	151.0	151.0	151
NottinghamJuly2025-460410994--01_preprocessing--01_fasnicar--Nottingham_19A_S32,Nottingham_19A_S32.R1_trimmed	1628410256	10831274	75	151.0	150.3433719800644	151
NottinghamJuly2025-460410994--01_preprocessing--01_fasnicar--Nottingham_19A_S32,Nottingham_19A_S32.R1_trimmed_phiX174	1627892062	10827792	75	151.0	150.34386161093602	151
NottinghamJuly2025-460410994--01_preprocessing--01_fasnicar--Nottingham_19A_S32,Nottingham_19A_S32.R2	1650125282	10927982	151	151.0	151.0	151
NottinghamJuly2025-460410994--01_preprocessing--01_fasnicar--Nottingham_19A_S32,Nottingham_19A_S32.R2_trimmed	1631054667	10857229	75	151.0	150.2275273921182	151
NottinghamJuly2025-460410994--01_preprocessing--01_fasnicar--Nottingham_19A_S32,Nottingham_19A_S32.R2_trimmed_phiX174	1626822826	10828663	75	151.0	150.23302747532173	151
NottinghamJuly2025-460410994--01_preprocessing--01_fasnicar--Nottingham_19A_S32,Nottingham_19A_S32_R1.fastq	1616749458	10753446	75	151.0	150.3471034308444	151
NottinghamJuly2025-460410994--01_preprocessing--01_fasnicar--Nottingham_19A_S32,Nottingham_19A_S32_R2.fastq	1615555962	10753446	75	151.0	150.23611612500775	151
NottinghamJuly2025-460410994--01_preprocessing--01_fasnicar--Nottingham_19A_S32,Nottingham_19A_S32_UN.fastq	22409468	149563	75	151.0	149.83296670968087	151
NottinghamJuly2025-460410994--01_preprocessing--01_fasnicar--Nottingham_19A_S32,Nottingham_19A_S32	3254714888	21656455	75	151.0	150.13872875517768	151
Filename,#samplename	n_of_bases	n_of_reads	min_read_len	median_read_len	mean_read_len	max_read_len
NottinghamJuly2025-460410994--01_preprocessing--01_fasnicar--Nottingham_3c_S3,Nottingham_3c_S3.R1	1770174812	11723012	151	151.0	151.0	151
NottinghamJuly2025-460410994--01_preprocessing--01_fasnicar--Nottingham_3c_S3,Nottingham_3c_S3.R1_trimmed	1731757985	11585006	75	151.0	149.48270074266685	151
NottinghamJuly2025-460410994--01_preprocessing--01_fasnicar--Nottingham_3c_S3,Nottingham_3c_S3.R1_trimmed_phiX174	1731365518	11582362	75	151.0	149.48293949023522	151
NottinghamJuly2025-460410994--01_preprocessing--01_fasnicar--Nottingham_3c_S3,Nottingham_3c_S3.R2	1770174812	11723012	151	151.0	151.0	151
NottinghamJuly2025-460410994--01_preprocessing--01_fasnicar--Nottingham_3c_S3,Nottingham_3c_S3.R2_trimmed	1736630061	11624351	75	151.0	149.3958725953819	151
NottinghamJuly2025-460410994--01_preprocessing--01_fasnicar--Nottingham_3c_S3,Nottingham_3c_S3.R2_trimmed_phiX174	1733939031	11606128	75	151.0	149.3985790092958	151
NottinghamJuly2025-460410994--01_preprocessing--01_fasnicar--Nottingham_3c_S3,Nottingham_3c_S3_R1.fastq	1723220040	11527793	75	151.0	149.48395065733746	151
NottinghamJuly2025-460410994--01_preprocessing--01_fasnicar--Nottingham_3c_S3,Nottingham_3c_S3_R2.fastq	1722261736	11527793	75	151.0	149.40082078156678	151
NottinghamJuly2025-460410994--01_preprocessing--01_fasnicar--Nottingham_3c_S3,Nottingham_3c_S3_UN.fastq	19822773	132904	75	151.0	149.1510639258412	151
NottinghamJuly2025-460410994--01_preprocessing--01_fasnicar--Nottingham_3c_S3,Nottingham_3c_S3	3465304549	23188490	75	151.0	149.34527845491516	151
Filename,#samplename	n_of_bases	n_of_reads	min_read_len	median_read_len	mean_read_len	max_read_len
NottinghamJuly2025-460410994--01_preprocessing--01_fasnicar--Nottingham_3A_S1,Nottingham_3A_S1.R1	1490787364	9872764	151	151.0	151.0	151
NottinghamJuly2025-460410994--01_preprocessing--01_fasnicar--Nottingham_3A_S1,Nottingham_3A_S1.R1_trimmed	1462109867	9764346	75	151.0	149.73966172440018	151
NottinghamJuly2025-460410994--01_preprocessing--01_fasnicar--Nottingham_3A_S1,Nottingham_3A_S1.R1_trimmed_phiX174	1461751174	9761932	75	151.0	149.7399463548814	151
NottinghamJuly2025-460410994--01_preprocessing--01_fasnicar--Nottingham_3A_S1,Nottingham_3A_S1.R2	1490787364	9872764	151	151.0	151.0	151
NottinghamJuly2025-460410994--01_preprocessing--01_fasnicar--Nottingham_3A_S1,Nottingham_3A_S1.R2_trimmed	1466637228	9799431	75	151.0	149.6655497650833	151
NottinghamJuly2025-460410994--01_preprocessing--01_fasnicar--Nottingham_3A_S1,Nottingham_3A_S1.R2_trimmed_phiX174	1463556150	9778589	75	151.0	149.66946151433504	151
NottinghamJuly2025-460410994--01_preprocessing--01_fasnicar--Nottingham_3A_S1,Nottingham_3A_S1_R1.fastq	1454321808	9712268	75	151.0	149.74069990655119	151
NottinghamJuly2025-460410994--01_preprocessing--01_fasnicar--Nottingham_3A_S1,Nottingham_3A_S1_R2.fastq	1453661197	9712268	75	151.0	149.67268170524125	151
NottinghamJuly2025-460410994--01_preprocessing--01_fasnicar--Nottingham_3A_S1,Nottingham_3A_S1_UN.fastq	17324319	115985	75	151.0	149.36689227055223	151
NottinghamJuly2025-460410994--01_preprocessing--01_fasnicar--Nottingham_3A_S1,Nottingham_3A_S1	2925307324	19540521	75	151.0	149.59342462744823	151
Filename,#samplename	n_of_bases	n_of_reads	min_read_len	median_read_len	mean_read_len	max_read_len
NottinghamJuly2025-460410994--01_preprocessing--01_fasnicar--Nottingham_4b_S5,Nottingham_4b_S5.R1	1543148577	10219527	151	151.0	151.0	151
NottinghamJuly2025-460410994--01_preprocessing--01_fasnicar--Nottingham_4b_S5,Nottingham_4b_S5.R1_trimmed	1503572789	10061692	75	151.0	149.43538214049883	151
NottinghamJuly2025-460410994--01_preprocessing--01_fasnicar--Nottingham_4b_S5,Nottingham_4b_S5.R1_trimmed_phiX174	1503114227	10058612	75	151.0	149.43555104819632	151
NottinghamJuly2025-460410994--01_preprocessing--01_fasnicar--Nottingham_4b_S5,Nottingham_4b_S5.R2	1543148577	10219527	151	151.0	151.0	151
NottinghamJuly2025-460410994--01_preprocessing--01_fasnicar--Nottingham_4b_S5,Nottingham_4b_S5.R2_trimmed	1505746633	10083940	75	151.0	149.32126063820292	151
NottinghamJuly2025-460410994--01_preprocessing--01_fasnicar--Nottingham_4b_S5,Nottingham_4b_S5.R2_trimmed_phiX174	1499372024	10041095	75	151.0	149.323557241516	151
NottinghamJuly2025-460410994--01_preprocessing--01_fasnicar--Nottingham_4b_S5,Nottingham_4b_S5_R1.fastq	1490317724	9973126	75	151.0	149.43335961061757	151
NottinghamJuly2025-460410994--01_preprocessing--01_fasnicar--Nottingham_4b_S5,Nottingham_4b_S5_R2.fastq	1489253923	9973126	75	151.0	149.32669285437686	151
NottinghamJuly2025-460410994--01_preprocessing--01_fasnicar--Nottingham_4b_S5,Nottingham_4b_S5_UN.fastq	22914604	153455	75	151.0	149.32458375419503	151
NottinghamJuly2025-460410994--01_preprocessing--01_fasnicar--Nottingham_4b_S5,Nottingham_4b_S5	3002486251	20099707	75	151.0	149.3615454063965	151
Filename,#samplename	n_of_bases	n_of_reads	min_read_len	median_read_len	mean_read_len	max_read_len
NottinghamJuly2025-460410994--01_preprocessing--01_fasnicar--Nottingham_18C_S31,Nottingham_18C_S31.R1	1740466770	11526270	151	151.0	151.0	151
NottinghamJuly2025-460410994--01_preprocessing--01_fasnicar--Nottingham_18C_S31,Nottingham_18C_S31.R1_trimmed	1694204382	11339445	75	151.0	149.4080514522536	151
NottinghamJuly2025-460410994--01_preprocessing--01_fasnicar--Nottingham_18C_S31,Nottingham_18C_S31.R1_trimmed_phiX174	1693751992	11336386	75	151.0	149.40846156791062	151
NottinghamJuly2025-460410994--01_preprocessing--01_fasnicar--Nottingham_18C_S31,Nottingham_18C_S31.R2	1740466770	11526270	151	151.0	151.0	151
NottinghamJuly2025-460410994--01_preprocessing--01_fasnicar--Nottingham_18C_S31,Nottingham_18C_S31.R2_trimmed	1697520797	11369676	75	151.0	149.30247766075306	151
NottinghamJuly2025-460410994--01_preprocessing--01_fasnicar--Nottingham_18C_S31,Nottingham_18C_S31.R2_trimmed_phiX174	1692073262	11332914	75	151.0	149.30610626710836	151
NottinghamJuly2025-460410994--01_preprocessing--01_fasnicar--Nottingham_18C_S31,Nottingham_18C_S31_R1.fastq	1681552011	11254844	75	151.0	149.40695855046948	151
NottinghamJuly2025-460410994--01_preprocessing--01_fasnicar--Nottingham_18C_S31,Nottingham_18C_S31_R2.fastq	1680448340	11254844	75	151.0	149.30889668484076	151
NottinghamJuly2025-460410994--01_preprocessing--01_fasnicar--Nottingham_18C_S31,Nottingham_18C_S31_UN.fastq	23824903	159612	75	151.0	149.26761772297823	151
NottinghamJuly2025-460410994--01_preprocessing--01_fasnicar--Nottingham_18C_S31,Nottingham_18C_S31	3385825254	22669300	75	151.0	149.32782431942948	151
Filename,#samplename	n_of_bases	n_of_reads	min_read_len	median_read_len	mean_read_len	max_read_len
NottinghamJuly2025-460410994--01_preprocessing--01_fasnicar--Nottingham_NegLP_S44,Nottingham_NegLP_S44.R1	216534	1434	151	151.0	151.0	151
NottinghamJuly2025-460410994--01_preprocessing--01_fasnicar--Nottingham_NegLP_S44,Nottingham_NegLP_S44.R1_trimmed	129175	984	75	151.0	131.27540650406505	151
NottinghamJuly2025-460410994--01_preprocessing--01_fasnicar--Nottingham_NegLP_S44,Nottingham_NegLP_S44.R1_trimmed_phiX174	121160	926	75	151.0	130.84233261339094	151
NottinghamJuly2025-460410994--01_preprocessing--01_fasnicar--Nottingham_NegLP_S44,Nottingham_NegLP_S44.R2	216534	1434	151	151.0	151.0	151
NottinghamJuly2025-460410994--01_preprocessing--01_fasnicar--Nottingham_NegLP_S44,Nottingham_NegLP_S44.R2_trimmed	128941	982	75	151.0	131.30448065173115	151
NottinghamJuly2025-460410994--01_preprocessing--01_fasnicar--Nottingham_NegLP_S44,Nottingham_NegLP_S44.R2_trimmed_phiX174	120777	923	75	151.0	130.85265438786567	151
NottinghamJuly2025-460410994--01_preprocessing--01_fasnicar--Nottingham_NegLP_S44,Nottingham_NegLP_S44_R1.fastq	119402	914	75	151.0	130.63676148796498	151
NottinghamJuly2025-460410994--01_preprocessing--01_fasnicar--Nottingham_NegLP_S44,Nottingham_NegLP_S44_R2.fastq	119419	914	75	151.0	130.65536105032822	151
NottinghamJuly2025-460410994--01_preprocessing--01_fasnicar--Nottingham_NegLP_S44,Nottingham_NegLP_S44_UN.fastq	3116	21	116	151.0	148.38095238095238	151
NottinghamJuly2025-460410994--01_preprocessing--01_fasnicar--Nottingham_NegLP_S44,Nottingham_NegLP_S44	241937	1849	75	151.0	136.55769163974853	151
Filename,#samplename	n_of_bases	n_of_reads	min_read_len	median_read_len	mean_read_len	max_read_len
NottinghamJuly2025-460410994--01_preprocessing--01_fasnicar--Nottingham_9A_S16,Nottingham_9A_S16.R1	1000701613	6627163	151	151.0	151.0	151
NottinghamJuly2025-460410994--01_preprocessing--01_fasnicar--Nottingham_9A_S16,Nottingham_9A_S16.R1_trimmed	980936216	6553327	75	151.0	149.68522339874082	151
NottinghamJuly2025-460410994--01_preprocessing--01_fasnicar--Nottingham_9A_S16,Nottingham_9A_S16.R1_trimmed_phiX174	980677772	6551598	75	151.0	149.68527861446933	151
NottinghamJuly2025-460410994--01_preprocessing--01_fasnicar--Nottingham_9A_S16,Nottingham_9A_S16.R2	1000701613	6627163	151	151.0	151.0	151
NottinghamJuly2025-460410994--01_preprocessing--01_fasnicar--Nottingham_9A_S16,Nottingham_9A_S16.R2_trimmed	984342865	6575360	75	151.0	149.7017448474304	151
NottinghamJuly2025-460410994--01_preprocessing--01_fasnicar--Nottingham_9A_S16,Nottingham_9A_S16.R2_trimmed_phiX174	982033312	6559935	75	151.0	149.7016833246061	151
NottinghamJuly2025-460410994--01_preprocessing--01_fasnicar--Nottingham_9A_S16,Nottingham_9A_S16_R1.fastq	977072357	6527539	75	151.0	149.68464485620078	151
NottinghamJuly2025-460410994--01_preprocessing--01_fasnicar--Nottingham_9A_S16,Nottingham_9A_S16_R2.fastq	977196489	6527539	75	151.0	149.70366151776344	151
NottinghamJuly2025-460410994--01_preprocessing--01_fasnicar--Nottingham_9A_S16,Nottingham_9A_S16_UN.fastq	8442238	56455	75	151.0	149.53924364538128	151
NottinghamJuly2025-460410994--01_preprocessing--01_fasnicar--Nottingham_9A_S16,Nottingham_9A_S16	1962711084	13111533	75	151.0	149.64251667311518	151
Filename,#samplename	n_of_bases	n_of_reads	min_read_len	median_read_len	mean_read_len	max_read_len
NottinghamJuly2025-460410994--01_preprocessing--01_fasnicar--Nottingham_21C_S38,Nottingham_21C_S38.R1	422621820	2798820	151	151.0	151.0	151
NottinghamJuly2025-460410994--01_preprocessing--01_fasnicar--Nottingham_21C_S38,Nottingham_21C_S38.R1_trimmed	405739489	2735759	75	151.0	148.3096606828306	151
NottinghamJuly2025-460410994--01_preprocessing--01_fasnicar--Nottingham_21C_S38,Nottingham_21C_S38.R1_trimmed_phiX174	405636480	2735067	75	151.0	148.3095222164576	151
NottinghamJuly2025-460410994--01_preprocessing--01_fasnicar--Nottingham_21C_S38,Nottingham_21C_S38.R2	422621820	2798820	151	151.0	151.0	151
NottinghamJuly2025-460410994--01_preprocessing--01_fasnicar--Nottingham_21C_S38,Nottingham_21C_S38.R2_trimmed	406800522	2744659	75	151.0	148.21532365222782	151
NottinghamJuly2025-460410994--01_preprocessing--01_fasnicar--Nottingham_21C_S38,Nottingham_21C_S38.R2_trimmed_phiX174	406008465	2739337	75	151.0	148.21413539115485	151
NottinghamJuly2025-460410994--01_preprocessing--01_fasnicar--Nottingham_21C_S38,Nottingham_21C_S38_R1.fastq	403455374	2720382	75	151.0	148.3083530180688	151
NottinghamJuly2025-460410994--01_preprocessing--01_fasnicar--Nottingham_21C_S38,Nottingham_21C_S38_R2.fastq	403207059	2720382	75	151.0	148.21707355805177	151
NottinghamJuly2025-460410994--01_preprocessing--01_fasnicar--Nottingham_21C_S38,Nottingham_21C_S38_UN.fastq	4982512	33640	75	151.0	148.11272294887038	151
NottinghamJuly2025-460410994--01_preprocessing--01_fasnicar--Nottingham_21C_S38,Nottingham_21C_S38	811644945	5474404	75	151.0	148.21271650833032	151
Filename,#samplename	n_of_bases	n_of_reads	min_read_len	median_read_len	mean_read_len	max_read_len
NottinghamJuly2025-460410994--01_preprocessing--01_fasnicar--Nottingham_15A_S23,Nottingham_15A_S23.R1	1163130803	7702853	151	151.0	151.0	151
NottinghamJuly2025-460410994--01_preprocessing--01_fasnicar--Nottingham_15A_S23,Nottingham_15A_S23.R1_trimmed	1140939796	7619096	75	151.0	149.74739732902697	151
NottinghamJuly2025-460410994--01_preprocessing--01_fasnicar--Nottingham_15A_S23,Nottingham_15A_S23.R1_trimmed_phiX174	1140620367	7616946	75	151.0	149.7477292080054	151
NottinghamJuly2025-460410994--01_preprocessing--01_fasnicar--Nottingham_15A_S23,Nottingham_15A_S23.R2	1163130803	7702853	151	151.0	151.0	151
NottinghamJuly2025-460410994--01_preprocessing--01_fasnicar--Nottingham_15A_S23,Nottingham_15A_S23.R2_trimmed	1143113905	7639136	75	151.0	149.63916141825462	151
NottinghamJuly2025-460410994--01_preprocessing--01_fasnicar--Nottingham_15A_S23,Nottingham_15A_S23.R2_trimmed_phiX174	1139726091	7616312	75	151.0	149.6427786834363	151
NottinghamJuly2025-460410994--01_preprocessing--01_fasnicar--Nottingham_15A_S23,Nottingham_15A_S23_R1.fastq	1132875149	7565162	75	151.0	149.74896096078314	151
NottinghamJuly2025-460410994--01_preprocessing--01_fasnicar--Nottingham_15A_S23,Nottingham_15A_S23_R2.fastq	1132096815	7565162	75	151.0	149.6460769775981	151
NottinghamJuly2025-460410994--01_preprocessing--01_fasnicar--Nottingham_15A_S23,Nottingham_15A_S23_UN.fastq	15374494	102934	75	151.0	149.36264013834108	151
NottinghamJuly2025-460410994--01_preprocessing--01_fasnicar--Nottingham_15A_S23,Nottingham_15A_S23	2280346458	15233258	75	151.0	149.58589269224078	151
Filename,#samplename	n_of_bases	n_of_reads	min_read_len	median_read_len	mean_read_len	max_read_len
NottinghamJuly2025-460410994--01_preprocessing--01_fasnicar--Nottingham_11B_S20,Nottingham_11B_S20.R1	1692256698	11206998	151	151.0	151.0	151
NottinghamJuly2025-460410994--01_preprocessing--01_fasnicar--Nottingham_11B_S20,Nottingham_11B_S20.R1_trimmed	1642334232	11001566	75	151.0	149.28185969161117	151
NottinghamJuly2025-460410994--01_preprocessing--01_fasnicar--Nottingham_11B_S20,Nottingham_11B_S20.R1_trimmed_phiX174	1641829941	10998111	75	151.0	149.2829033094865	151
NottinghamJuly2025-460410994--01_preprocessing--01_fasnicar--Nottingham_11B_S20,Nottingham_11B_S20.R2	1692256698	11206998	151	151.0	151.0	151
NottinghamJuly2025-460410994--01_preprocessing--01_fasnicar--Nottingham_11B_S20,Nottingham_11B_S20.R2_trimmed	1645155429	11028815	75	151.0	149.16882992415776	151
NottinghamJuly2025-460410994--01_preprocessing--01_fasnicar--Nottingham_11B_S20,Nottingham_11B_S20.R2_trimmed_phiX174	1642150757	11008506	75	151.0	149.17108252473133	151
NottinghamJuly2025-460410994--01_preprocessing--01_fasnicar--Nottingham_11B_S20,Nottingham_11B_S20_R1.fastq	1632262040	10933987	75	151.0	149.2833346152689	151
NottinghamJuly2025-460410994--01_preprocessing--01_fasnicar--Nottingham_11B_S20,Nottingham_11B_S20_R2.fastq	1631063481	10933987	75	151.0	149.17371687015907	151
NottinghamJuly2025-460410994--01_preprocessing--01_fasnicar--Nottingham_11B_S20,Nottingham_11B_S20_UN.fastq	20655177	138643	75	151.0	148.98103041624893	151
NottinghamJuly2025-460410994--01_preprocessing--01_fasnicar--Nottingham_11B_S20,Nottingham_11B_S20	3283980698	22006617	75	151.0	149.14602730055898	151
Filename,#samplename	n_of_bases	n_of_reads	min_read_len	median_read_len	mean_read_len	max_read_len
NottinghamJuly2025-460410994--01_preprocessing--01_fasnicar--Nottingham_5B_S8,Nottingham_5B_S8.R1	1696543286	11235386	151	151.0	151.0	151
NottinghamJuly2025-460410994--01_preprocessing--01_fasnicar--Nottingham_5B_S8,Nottingham_5B_S8.R1_trimmed	1656368903	11082416	75	151.0	149.45918859209038	151
NottinghamJuly2025-460410994--01_preprocessing--01_fasnicar--Nottingham_5B_S8,Nottingham_5B_S8.R1_trimmed_phiX174	1655919327	11079400	75	151.0	149.4592962615304	151
NottinghamJuly2025-460410994--01_preprocessing--01_fasnicar--Nottingham_5B_S8,Nottingham_5B_S8.R2	1696543286	11235386	151	151.0	151.0	151
NottinghamJuly2025-460410994--01_preprocessing--01_fasnicar--Nottingham_5B_S8,Nottingham_5B_S8.R2_trimmed	1658885297	11107111	75	151.0	149.35344546390147	151
NottinghamJuly2025-460410994--01_preprocessing--01_fasnicar--Nottingham_5B_S8,Nottingham_5B_S8.R2_trimmed_phiX174	1653949098	11073786	75	151.0	149.35714831404545	151
NottinghamJuly2025-460410994--01_preprocessing--01_fasnicar--Nottingham_5B_S8,Nottingham_5B_S8_R1.fastq	1644076791	11000196	75	151.0	149.4588633693436	151
NottinghamJuly2025-460410994--01_preprocessing--01_fasnicar--Nottingham_5B_S8,Nottingham_5B_S8_R2.fastq	1642987266	11000196	75	151.0	149.35981740688985	151
NottinghamJuly2025-460410994--01_preprocessing--01_fasnicar--Nottingham_5B_S8,Nottingham_5B_S8_UN.fastq	22804368	152794	75	151.0	149.2491066403131	151
NottinghamJuly2025-460410994--01_preprocessing--01_fasnicar--Nottingham_5B_S8,Nottingham_5B_S8	3309868425	22153186	75	151.0	149.35592913884886	151
Filename,#samplename	n_of_bases	n_of_reads	min_read_len	median_read_len	mean_read_len	max_read_len
NottinghamJuly2025-460410994--01_preprocessing--01_fasnicar--Nottingham_22A_S39,Nottingham_22A_S39.R1	1497720378	9918678	151	151.0	151.0	151
NottinghamJuly2025-460410994--01_preprocessing--01_fasnicar--Nottingham_22A_S39,Nottingham_22A_S39.R1_trimmed	1461044003	9780909	75	151.0	149.37711852753154	151
NottinghamJuly2025-460410994--01_preprocessing--01_fasnicar--Nottingham_22A_S39,Nottingham_22A_S39.R1_trimmed_phiX174	1460254711	9775587	75	151.0	149.37770089918897	151
NottinghamJuly2025-460410994--01_preprocessing--01_fasnicar--Nottingham_22A_S39,Nottingham_22A_S39.R2	1497720378	9918678	151	151.0	151.0	151
NottinghamJuly2025-460410994--01_preprocessing--01_fasnicar--Nottingham_22A_S39,Nottingham_22A_S39.R2_trimmed	1464751114	9810993	75	151.0	149.29692784410304	151
NottinghamJuly2025-460410994--01_preprocessing--01_fasnicar--Nottingham_22A_S39,Nottingham_22A_S39.R2_trimmed_phiX174	1460420566	9781688	75	151.0	149.30148722797128	151
NottinghamJuly2025-460410994--01_preprocessing--01_fasnicar--Nottingham_22A_S39,Nottingham_22A_S39_R1.fastq	1450838750	9712588	75	151.0	149.37715364844055	151
NottinghamJuly2025-460410994--01_preprocessing--01_fasnicar--Nottingham_22A_S39,Nottingham_22A_S39_R2.fastq	1450130546	9712588	75	151.0	149.3042375523393	151
NottinghamJuly2025-460410994--01_preprocessing--01_fasnicar--Nottingham_22A_S39,Nottingham_22A_S39_UN.fastq	19705981	132099	75	151.0	149.17585295876577	151
NottinghamJuly2025-460410994--01_preprocessing--01_fasnicar--Nottingham_22A_S39,Nottingham_22A_S39	2920675277	19557275	75	151.0	149.2857480531819	151
Filename,#samplename	n_of_bases	n_of_reads	min_read_len	median_read_len	mean_read_len	max_read_len
NottinghamJuly2025-460410994--01_preprocessing--01_fasnicar--Nottingham_CnEG_S43,Nottingham_CnEG_S43.R1	2768887	18337	151	151.0	151.0	151
NottinghamJuly2025-460410994--01_preprocessing--01_fasnicar--Nottingham_CnEG_S43,Nottingham_CnEG_S43.R1_trimmed	2403032	16861	75	151.0	142.52013522329636	151
NottinghamJuly2025-460410994--01_preprocessing--01_fasnicar--Nottingham_CnEG_S43,Nottingham_CnEG_S43.R1_trimmed_phiX174	2401563	16850	75	151.0	142.5259940652819	151
NottinghamJuly2025-460410994--01_preprocessing--01_fasnicar--Nottingham_CnEG_S43,Nottingham_CnEG_S43.R2	2768887	18337	151	151.0	151.0	151
NottinghamJuly2025-460410994--01_preprocessing--01_fasnicar--Nottingham_CnEG_S43,Nottingham_CnEG_S43.R2_trimmed	2409730	16917	75	151.0	142.4442868120825	151
NottinghamJuly2025-460410994--01_preprocessing--01_fasnicar--Nottingham_CnEG_S43,Nottingham_CnEG_S43.R2_trimmed_phiX174	2406758	16896	75	151.0	142.44543087121212	151
NottinghamJuly2025-460410994--01_preprocessing--01_fasnicar--Nottingham_CnEG_S43,Nottingham_CnEG_S43_R1.fastq	2390059	16770	75	151.0	142.51991651759093	151
NottinghamJuly2025-460410994--01_preprocessing--01_fasnicar--Nottingham_CnEG_S43,Nottingham_CnEG_S43_R2.fastq	2388952	16770	75	151.0	142.45390578413833	151
NottinghamJuly2025-460410994--01_preprocessing--01_fasnicar--Nottingham_CnEG_S43,Nottingham_CnEG_S43_UN.fastq	29310	206	78	151.0	142.28155339805826	151
NottinghamJuly2025-460410994--01_preprocessing--01_fasnicar--Nottingham_CnEG_S43,Nottingham_CnEG_S43	4808321	33746	75	151.0	142.41845856659583	151
Filename,#samplename	n_of_bases	n_of_reads	min_read_len	median_read_len	mean_read_len	max_read_len
NottinghamJuly2025-460410994--01_preprocessing--01_fasnicar--Nottingham_15B_S24,Nottingham_15B_S24.R1	1372463915	9089165	151	151.0	151.0	151
NottinghamJuly2025-460410994--01_preprocessing--01_fasnicar--Nottingham_15B_S24,Nottingham_15B_S24.R1_trimmed	1338633226	8957721	75	151.0	149.43903990758363	151
NottinghamJuly2025-460410994--01_preprocessing--01_fasnicar--Nottingham_15B_S24,Nottingham_15B_S24.R1_trimmed_phiX174	1338216486	8954914	75	151.0	149.43934536948095	151
NottinghamJuly2025-460410994--01_preprocessing--01_fasnicar--Nottingham_15B_S24,Nottingham_15B_S24.R2	1372463915	9089165	151	151.0	151.0	151
NottinghamJuly2025-460410994--01_preprocessing--01_fasnicar--Nottingham_15B_S24,Nottingham_15B_S24.R2_trimmed	1342558306	8989345	75	151.0	149.3499588679709	151
NottinghamJuly2025-460410994--01_preprocessing--01_fasnicar--Nottingham_15B_S24,Nottingham_15B_S24.R2_trimmed_phiX174	1339254616	8967018	75	151.0	149.35339886682507	151
NottinghamJuly2025-460410994--01_preprocessing--01_fasnicar--Nottingham_15B_S24,Nottingham_15B_S24_R1.fastq	1330533446	8903518	75	151.0	149.4390695902451	151
NottinghamJuly2025-460410994--01_preprocessing--01_fasnicar--Nottingham_15B_S24,Nottingham_15B_S24_R2.fastq	1329798655	8903518	75	151.0	149.3565414255354	151
NottinghamJuly2025-460410994--01_preprocessing--01_fasnicar--Nottingham_15B_S24,Nottingham_15B_S24_UN.fastq	17139001	114896	75	151.0	149.16969259156107	151
NottinghamJuly2025-460410994--01_preprocessing--01_fasnicar--Nottingham_15B_S24,Nottingham_15B_S24	2677471102	17921932	75	151.0	149.32176786911387	151
Filename,#samplename	n_of_bases	n_of_reads	min_read_len	median_read_len	mean_read_len	max_read_len
NottinghamJuly2025-460410994--01_preprocessing--01_fasnicar--Nottingham_15C_S25,Nottingham_15C_S25.R1	1917486486	12698586	151	151.0	151.0	151
NottinghamJuly2025-460410994--01_preprocessing--01_fasnicar--Nottingham_15C_S25,Nottingham_15C_S25.R1_trimmed	1878026662	12539628	75	151.0	149.76733456526782	151
NottinghamJuly2025-460410994--01_preprocessing--01_fasnicar--Nottingham_15C_S25,Nottingham_15C_S25.R1_trimmed_phiX174	1877357163	12535133	75	151.0	149.76763014800082	151
NottinghamJuly2025-460410994--01_preprocessing--01_fasnicar--Nottingham_15C_S25,Nottingham_15C_S25.R2	1917486486	12698586	151	151.0	151.0	151
NottinghamJuly2025-460410994--01_preprocessing--01_fasnicar--Nottingham_15C_S25,Nottingham_15C_S25.R2_trimmed	1880674969	12567057	75	151.0	149.65118476028238	151
NottinghamJuly2025-460410994--01_preprocessing--01_fasnicar--Nottingham_15C_S25,Nottingham_15C_S25.R2_trimmed_phiX174	1874328183	12524179	75	151.0	149.65677055557893	151
NottinghamJuly2025-460410994--01_preprocessing--01_fasnicar--Nottingham_15C_S25,Nottingham_15C_S25_R1.fastq	1862811917	12437917	75	151.0	149.76880107818695	151
NottinghamJuly2025-460410994--01_preprocessing--01_fasnicar--Nottingham_15C_S25,Nottingham_15C_S25_R2.fastq	1861464640	12437917	75	151.0	149.6604809310112	151
NottinghamJuly2025-460410994--01_preprocessing--01_fasnicar--Nottingham_15C_S25,Nottingham_15C_S25_UN.fastq	27408789	183478	75	151.0	149.38460741887312	151
NottinghamJuly2025-460410994--01_preprocessing--01_fasnicar--Nottingham_15C_S25,Nottingham_15C_S25	3751685346	25059312	75	151.0	149.60462980935708	151
Filename,#samplename	n_of_bases	n_of_reads	min_read_len	median_read_len	mean_read_len	max_read_len
NottinghamJuly2025-460410994--01_preprocessing--01_fasnicar--Nottingham_5C_S9,Nottingham_5C_S9.R1	1175079886	7781986	151	151.0	151.0	151
NottinghamJuly2025-460410994--01_preprocessing--01_fasnicar--Nottingham_5C_S9,Nottingham_5C_S9.R1_trimmed	1141700075	7655426	75	151.0	149.1360604883386	151
NottinghamJuly2025-460410994--01_preprocessing--01_fasnicar--Nottingham_5C_S9,Nottingham_5C_S9.R1_trimmed_phiX174	1141387485	7653313	75	151.0	149.13639165156317	151
NottinghamJuly2025-460410994--01_preprocessing--01_fasnicar--Nottingham_5C_S9,Nottingham_5C_S9.R2	1175079886	7781986	151	151.0	151.0	151
NottinghamJuly2025-460410994--01_preprocessing--01_fasnicar--Nottingham_5C_S9,Nottingham_5C_S9.R2_trimmed	1144323868	7677854	75	151.0	149.0421500591181	151
NottinghamJuly2025-460410994--01_preprocessing--01_fasnicar--Nottingham_5C_S9,Nottingham_5C_S9.R2_trimmed_phiX174	1141232026	7656982	75	151.0	149.0446269822758	151
NottinghamJuly2025-460410994--01_preprocessing--01_fasnicar--Nottingham_5C_S9,Nottingham_5C_S9_R1.fastq	1133761988	7602222	75	151.0	149.1356064056009	151
NottinghamJuly2025-460410994--01_preprocessing--01_fasnicar--Nottingham_5C_S9,Nottingham_5C_S9_R2.fastq	1133095945	7602222	75	151.0	149.04799478363037	151
NottinghamJuly2025-460410994--01_preprocessing--01_fasnicar--Nottingham_5C_S9,Nottingham_5C_S9_UN.fastq	15761578	105851	75	151.0	148.90343974076768	151
NottinghamJuly2025-460410994--01_preprocessing--01_fasnicar--Nottingham_5C_S9,Nottingham_5C_S9	2282619511	15310295	75	151.0	149.02901364333297	151
Filename,#samplename	n_of_bases	n_of_reads	min_read_len	median_read_len	mean_read_len	max_read_len
NottinghamJuly2025-460410994--01_preprocessing--01_fasnicar--Nottingham_6A_S10,Nottingham_6A_S10.R1	1565688196	10368796	151	151.0	151.0	151
NottinghamJuly2025-460410994--01_preprocessing--01_fasnicar--Nottingham_6A_S10,Nottingham_6A_S10.R1_trimmed	1518002128	10181502	75	151.0	149.09412461933417	151
NottinghamJuly2025-460410994--01_preprocessing--01_fasnicar--Nottingham_6A_S10,Nottingham_6A_S10.R1_trimmed_phiX174	1517576561	10178624	75	151.0	149.0944710208374	151
NottinghamJuly2025-460410994--01_preprocessing--01_fasnicar--Nottingham_6A_S10,Nottingham_6A_S10.R2	1565688196	10368796	151	151.0	151.0	151
NottinghamJuly2025-460410994--01_preprocessing--01_fasnicar--Nottingham_6A_S10,Nottingham_6A_S10.R2_trimmed	1521480803	10211306	75	151.0	148.9996287448442	151
NottinghamJuly2025-460410994--01_preprocessing--01_fasnicar--Nottingham_6A_S10,Nottingham_6A_S10.R2_trimmed_phiX174	1517444334	10183990	75	151.0	149.00292851819376	151
NottinghamJuly2025-460410994--01_preprocessing--01_fasnicar--Nottingham_6A_S10,Nottingham_6A_S10_R1.fastq	1508124849	10115381	75	151.0	149.09224368315935	151
NottinghamJuly2025-460410994--01_preprocessing--01_fasnicar--Nottingham_6A_S10,Nottingham_6A_S10_R2.fastq	1507250812	10115381	75	151.0	149.00583695265655	151
NottinghamJuly2025-460410994--01_preprocessing--01_fasnicar--Nottingham_6A_S10,Nottingham_6A_S10_UN.fastq	19645234	131852	75	151.0	148.99458483754512	151
NottinghamJuly2025-460410994--01_preprocessing--01_fasnicar--Nottingham_6A_S10,Nottingham_6A_S10	3035020895	20362614	75	151.0	149.03088849112035	151
Filename,#samplename	n_of_bases	n_of_reads	min_read_len	median_read_len	mean_read_len	max_read_len
NottinghamJuly2025-460410994--01_preprocessing--01_fasnicar--Nottingham_7A_S13,Nottingham_7A_S13.R1	1443335463	9558513	151	151.0	151.0	151
NottinghamJuly2025-460410994--01_preprocessing--01_fasnicar--Nottingham_7A_S13,Nottingham_7A_S13.R1_trimmed	1415329210	9451592	75	151.0	149.74505987985938	151
NottinghamJuly2025-460410994--01_preprocessing--01_fasnicar--Nottingham_7A_S13,Nottingham_7A_S13.R1_trimmed_phiX174	1414825354	9448192	75	151.0	149.7456184209635	151
NottinghamJuly2025-460410994--01_preprocessing--01_fasnicar--Nottingham_7A_S13,Nottingham_7A_S13.R2	1443335463	9558513	151	151.0	151.0	151
NottinghamJuly2025-460410994--01_preprocessing--01_fasnicar--Nottingham_7A_S13,Nottingham_7A_S13.R2_trimmed	1417490200	9473213	75	151.0	149.6314080555351	151
NottinghamJuly2025-460410994--01_preprocessing--01_fasnicar--Nottingham_7A_S13,Nottingham_7A_S13.R2_trimmed_phiX174	1413094352	9443599	75	151.0	149.63514990418378	151
NottinghamJuly2025-460410994--01_preprocessing--01_fasnicar--Nottingham_7A_S13,Nottingham_7A_S13_R1.fastq	1404405414	9378563	75	151.0	149.74633256715342	151
NottinghamJuly2025-460410994--01_preprocessing--01_fasnicar--Nottingham_7A_S13,Nottingham_7A_S13_R2.fastq	1403389474	9378563	75	151.0	149.6380068033877	151
NottinghamJuly2025-460410994--01_preprocessing--01_fasnicar--Nottingham_7A_S13,Nottingham_7A_S13_UN.fastq	20124818	134665	75	151.0	149.4435673708833	151
NottinghamJuly2025-460410994--01_preprocessing--01_fasnicar--Nottingham_7A_S13,Nottingham_7A_S13	2827919706	18891791	75	151.0	149.60930224714147	151
Filename,#samplename	n_of_bases	n_of_reads	min_read_len	median_read_len	mean_read_len	max_read_len
NottinghamJuly2025-460410994--01_preprocessing--01_fasnicar--Nottingham_9B_S17,Nottingham_9B_S17.R1	1395211763	9239813	151	151.0	151.0	151
NottinghamJuly2025-460410994--01_preprocessing--01_fasnicar--Nottingham_9B_S17,Nottingham_9B_S17.R1_trimmed	1369732174	9144411	75	151.0	149.7889994227075	151
NottinghamJuly2025-460410994--01_preprocessing--01_fasnicar--Nottingham_9B_S17,Nottingham_9B_S17.R1_trimmed_phiX174	1369421751	9142328	75	151.0	149.78917306401607	151
NottinghamJuly2025-460410994--01_preprocessing--01_fasnicar--Nottingham_9B_S17,Nottingham_9B_S17.R2	1395211763	9239813	151	151.0	151.0	151
NottinghamJuly2025-460410994--01_preprocessing--01_fasnicar--Nottingham_9B_S17,Nottingham_9B_S17.R2_trimmed	1374762600	9181213	75	151.0	149.7364890674032	151
NottinghamJuly2025-460410994--01_preprocessing--01_fasnicar--Nottingham_9B_S17,Nottingham_9B_S17.R2_trimmed_phiX174	1372217803	9164086	75	151.0	149.73864311181714	151
NottinghamJuly2025-460410994--01_preprocessing--01_fasnicar--Nottingham_9B_S17,Nottingham_9B_S17_R1.fastq	1363459234	9102509	75	151.0	149.78938598138163	151
NottinghamJuly2025-460410994--01_preprocessing--01_fasnicar--Nottingham_9B_S17,Nottingham_9B_S17_R2.fastq	1363026066	9102509	75	151.0	149.7417982228856	151
NottinghamJuly2025-460410994--01_preprocessing--01_fasnicar--Nottingham_9B_S17,Nottingham_9B_S17_UN.fastq	15154254	101396	75	151.0	149.4561323918103	151
NottinghamJuly2025-460410994--01_preprocessing--01_fasnicar--Nottingham_9B_S17,Nottingham_9B_S17	2741639554	18306414	75	151.0	149.66243886535918	151
Filename,#samplename	n_of_bases	n_of_reads	min_read_len	median_read_len	mean_read_len	max_read_len
NottinghamJuly2025-460410994--01_preprocessing--01_fasnicar--Nottingham_3B_S2,Nottingham_3B_S2.R1	1131840281	7495631	151	151.0	151.0	151
NottinghamJuly2025-460410994--01_preprocessing--01_fasnicar--Nottingham_3B_S2,Nottingham_3B_S2.R1_trimmed	1097336452	7373646	75	151.0	148.81870542741	151
NottinghamJuly2025-460410994--01_preprocessing--01_fasnicar--Nottingham_3B_S2,Nottingham_3B_S2.R1_trimmed_phiX174	1097058526	7371768	75	151.0	148.8189164390415	151
NottinghamJuly2025-460410994--01_preprocessing--01_fasnicar--Nottingham_3B_S2,Nottingham_3B_S2.R2	1131840281	7495631	151	151.0	151.0	151
NottinghamJuly2025-460410994--01_preprocessing--01_fasnicar--Nottingham_3B_S2,Nottingham_3B_S2.R2_trimmed	1101395712	7403557	75	151.0	148.76575030083512	151
NottinghamJuly2025-460410994--01_preprocessing--01_fasnicar--Nottingham_3B_S2,Nottingham_3B_S2.R2_trimmed_phiX174	1099916965	7393577	75	151.0	148.76655305003248	151
NottinghamJuly2025-460410994--01_preprocessing--01_fasnicar--Nottingham_3B_S2,Nottingham_3B_S2_R1.fastq	1093157299	7345591	75	151.0	148.818154863237	151
NottinghamJuly2025-460410994--01_preprocessing--01_fasnicar--Nottingham_3B_S2,Nottingham_3B_S2_R2.fastq	1092801339	7345591	75	151.0	148.7696958624568	151
NottinghamJuly2025-460410994--01_preprocessing--01_fasnicar--Nottingham_3B_S2,Nottingham_3B_S2_UN.fastq	11016853	74163	75	151.0	148.54918220676078	151
NottinghamJuly2025-460410994--01_preprocessing--01_fasnicar--Nottingham_3B_S2,Nottingham_3B_S2	2196975491	14765345	75	151.0	148.71234431081817	151
