sample_id,Nottingham_11B_S20,Nottingham_11C_S21,Nottingham_14A_S22,Nottingham_15A_S23,Nottingham_15B_S24,Nottingham_15C_S25,Nottingham_16A_S26,Nottingham_16B_S27,Nottingham_16C_S28,Nottingham_18A_S29,Nottingham_18B_S30,Nottingham_18C_S31,Nottingham_19A_S32,Nottingham_20A_S33,Nottingham_20B_S34,Nottingham_20C_S35,Nottingham_21A_S36,Nottingham_21B_S37,Nottingham_21C_S38,Nottingham_22A_S39,Nottingham_22B_S40,Nottingham_22C_S41,Nottingham_23a_S42,Nottingham_3A_S1,Nottingham_3B_S2,Nottingham_3c_S3,Nottingham_4a_S4,Nottingham_4b_S5,Nottingham_4c_S6,Nottingham_5A_S7,Nottingham_5B_S8,Nottingham_5C_S9,Nottingham_6A_S10,Nottingham_6B_S11,Nottingham_6C_S12,Nottingham_7A_S13,Nottingham_7B_S14,Nottingham_7C_S15,Nottingham_9A_S16,Nottingham_9B_S17,Nottingham_9C_S18,Nottingham_11A_S19
Nottingham_11A_S19,1.00029884140375,1.00009072077425,1.00002441483919,1.00019683929532,1.00024583719288,1.00049679415783,1.00021530278434,1.00049120556085,1.00025342911231,1.00207404277421,1.00052692067556,1.00067184755897,1.00001411690242,1.00011993630389,1.00171155313759,1.00062851795237,1.00052981423974,1.00001047770445,1.00020977674284,1.0007252956438,1.0003212526164,1.00019849158208,1.00004184203686,1.0017301178358,1.00078657551141,1.00294522535748,1.00003286012911,1.00001620467897,1.00016580419589,1.00028691867387,1.00089730498256,1.00054424769305,1.00056987075075,1.00044262054237,1.00087641723383,1.00444632522058,1.00582471157321,1.00353493487813,1.00043392321514,1.00191662364061,1.00083531185014,0
Nottingham_11B_S20,0,1.00069326621058,1.00019001515281,1.00097197381452,1.00108518826877,1.00156493470364,1.00100945116107,1.00148308426008,1.00001300938273,1.00081929599941,1.00003916716587,1.00007995418676,1.00020363114909,1.00077797452947,1.00058931562432,1.0000649138133,1.00161459038566,1.00020416917146,1.00095664521684,1.00011847418158,1.00000161557435,1.00090193985887,1.00053392327205,1.00064678426476,1.00015521317394,1.00142335450206,1.00051725779672,1.00044813916925,1.0009026252962,1.00002141693132,1.00017906203212,1.00004286642913,1.00005203751769,1.00002110330002,1.00215252068198,1.00251630007555,1.00358095148459,1.00182030947976,1.00002452760026,1.0007325988215,1.00015044200517,1.00029884140375
Nottingham_11C_S21,1.00069326621058,0,1.00020416723153,1.00002663916283,1.0000536638561,1.00018794108197,1.00003202074004,1.00016204541412,1.00064029151357,1.00300932874548,1.00103872202744,1.00123491374217,1.00017288110229,1.00000322428349,1.00255661514771,1.00117467384713,1.00019435734101,1.00014839736455,1.00002644996745,1.00132091322835,1.00072697067769,1.00002756942331,1.00001121577997,1.00260706852655,1.00140735941467,1.00405839208128,1.00001549751605,1.00003198445935,1.00001752898009,1.00069652175972,1.00154522049782,1.00106033401765,1.00110040339021,1.000920288472,1.00040633967823,1.00579650567197,1.00736055494334,1.00473860948494,1.00091012737221,1.00282550535557,1.00146244816834,1.00009072077425
Nottingham_14A_S22,1.00019001515281,1.00020416723153,0,1.00034208925598,1.00039625273919,1.00069844273493,1.00036827679457,1.00072614846041,1.00013957159888,1.00170824296626,1.0003583245764,1.00048083001078,1.00000325899186,1.00024440444476,1.00139358675451,1.0004472637684,1.00075007112443,1.00001597710681,1.00037162817688,1.00051107268329,1.00020777614497,1.00035997477728,1.00012814821086,1.00137783202397,1.00055618347521,1.00248448067946,1.00010899175757,1.00007541951423,1.00030062218512,1.00015855228517,1.00066219791448,1.00037533228918,1.00039177979928,1.00028902472435,1.00117069620932,1.00386984320967,1.00515736477964,1.00303785282206,1.00027955420803,1.00155856329364,1.00061116794695,1.00002441483919
Nottingham_15A_S23,1.00097197381452,1.00002663916283,1.00034208925598,0,1.00000609206456,1.00007378918325,1.00000149567549,1.00008836530653,1.00089524067071,1.00354813760329,1.00136479624063,1.00159249326439,1.00030557562705,1.000012577415,1.0030648878821,1.00152455294469,1.00008234437774,1.00028664128305,1.00001620427123,1.00167516879515,1.00101148607309,1.00003359378275,1.0000680221811,1.00308702627015,1.00176451203815,1.00466207788849,1.00007235804187,1.00010174666964,1.00000184305071,1.00095536717831,1.00193240624389,1.00139117496614,1.00143504457463,1.00122806056317,1.00025008569655,1.0065099755334,1.00815782013563,1.00540070969949,1.0012124659279,1.00334086192566,1.00184153990117,1.00019683929532
Nottingham_15B_S24,1.00108518826877,1.0000536638561,1.00039625273919,1.00000609206456,0,1.0000442796023,1.0000067334658,1.00009117955612,1.0009931461437,1.00374283404334,1.0014902397674,1.00172889862675,1.00036178441138,1.00003344308082,1.0032537699816,1.00165981416088,1.00005732225004,1.00034902037437,1.0000368657738,1.0018031867397,1.00112659918228,1.00006206697858,1.00010575206961,1.00325113429843,1.00189028179457,1.0048682878005,1.00010663948406,1.00013895224738,1.00001046410403,1.00105198689906,1.0020749939411,1.00151899083286,1.00156160024316,1.00134596704665,1.00022075192705,1.00674836832126,1.00841958843811,1.00563110529642,1.00132742343801,1.0035237914303,1.00198178241092,1.00024583719288
Nottingham_15C_S25,1.00156493470364,1.00018794108197,1.00069844273493,1.00007378918325,1.0000442796023,0,1.0000677172884,1.00007583620745,1.0014513220881,1.00459141619064,1.00204214711767,1.00232184935895,1.0006538813255,1.00014633233369,1.00405238095096,1.00224179592129,1.00000802533895,1.00064047224333,1.000114137793,1.00240267938682,1.00161502175852,1.00015746330515,1.00028215389223,1.00403377784621,1.00249875827766,1.00582039986063,1.00028651857108,1.00033896781738,1.00009358146966,1.00151956604531,1.00271644909032,1.00207670784129,1.00212623126663,1.00187320596336,1.00009677475517,1.00785840655157,1.00965187682341,1.00665771104616,1.0018503461431,1.00434536151257,1.00261063783681,1.00049679415783
Nottingham_16A_S26,1.00100945116107,1.00003202074004,1.00036827679457,1.00000149567549,1.0000067334658,1.0000677172884,0,1.00007337640843,1.0009330742743,1.00362334672514,1.00141170900867,1.00164260930335,1.0003296064158,1.00001624383797,1.00313291502452,1.00157228466105,1.00007219296874,1.00030749690647,1.00001434269214,1.00172848378353,1.00104895285048,1.0000301611276,1.0000771646147,1.00316098938266,1.00182039431214,1.00475196307096,1.00008323927045,1.00011500603122,1.00000409203552,1.00099647179199,1.00198894903239,1.00143745498503,1.0014828259724,1.00127241767312,1.00022878286361,1.00661798454898,1.00827894456135,1.00549574858801,1.00125685987258,1.00341485402458,1.0018958670477,1.00021530278434
Nottingham_16B_S27,1.00148308426008,1.00016204541412,1.00072614846041,1.00008836530653,1.00009117955612,1.00007583620745,1.00007337640843,0,1.00142513617177,1.00450742786153,1.00198501949135,1.00224805404374,1.00066401390008,1.00013093416001,1.00393339152426,1.00216232327225,1.00004267360912,1.00060805796987,1.000061709711,1.0023811569731,1.00153023270857,1.00007520373262,1.00025029713229,1.00403882918039,1.00250285212861,1.0057968458473,1.00027411631918,1.00033494592363,1.00010779791215,1.00151449945235,1.0026712265855,1.00201090352809,1.00207171202734,1.00182290500279,1.00007073082357,1.00785006621672,1.00965879859021,1.00659157868708,1.00181163103253,1.00429209543827,1.0025600582456,1.00049120556085
Nottingham_16C_S28,1.00001300938273,1.00064029151357,1.00013957159888,1.00089524067071,1.0009931461437,1.0014513220881,1.0009330742743,1.00142513617177,0,1.00087884558361,1.00005248147822,1.00010465201388,1.00015753722167,1.00071714990542,1.00065523693266,1.00008833935707,1.0015143906391,1.00017292993506,1.00090646267079,1.00012241129212,1.00001480124071,1.00086220580836,1.00048783377017,1.00066521253106,1.00015175055036,1.00147402359953,1.00046505298316,1.00039497107803,1.00082722212981,1.00000321326404,1.0001979533082,1.00005823202227,1.00006506905761,1.0000282446884,1.00206575614605,1.00258314511131,1.00365628262083,1.00189593188788,1.00002500995399,1.00077687736795,1.00016979016621,1.00025342911231
Nottingham_18A_S29,1.00081929599941,1.00300932874548,1.00170824296626,1.00354813760329,1.00374283404334,1.00459141619064,1.00362334672514,1.00450742786153,1.00087884558361,0,1.00051224845686,1.0003899616177,1.00177703236914,1.00317792880217,1.0000291424881,1.00042497715967,1.00470514190979,1.00182204130795,1.00354475072403,1.00035253960906,1.00078439925653,1.0034373706046,1.00266380667152,1.00004145651835,1.0003254648331,1.00009414898778,1.00261800267622,1.00245049911983,1.00341212583666,1.00082724767352,1.00024394975551,1.0004975667778,1.00047011110988,1.00060124423354,1.00562742307004,1.00047787716781,1.00099114183288,1.00019906926236,1.00061193160754,1.00000632376355,1.00027725171376,1.00207404277421
Nottingham_18B_S30,1.00003916716587,1.00103872202744,1.0003583245764,1.00136479624063,1.0014902397674,1.00204214711767,1.00141170900867,1.00198501949135,1.00005248147822,1.00051224845686,0,1.00001003781545,1.00038601008189,1.00113894504267,1.00034375872071,1.00000644615322,1.00211306029799,1.00040360792996,1.00136284657972,1.00002406254771,1.00003370818587,1.00130293027813,1.00084095471368,1.0003699620468,1.00004254691902,1.00099814819659,1.00081509386763,1.00072378206097,1.00128189797798,1.00004476596996,1.00005249874849,1.00000192263116,1.00000181861779,1.00000424529154,1.00274127553033,1.00193858454637,1.00288391151589,1.00134039683128,1.00000730255975,1.00044028971133,1.00003800400295,1.00052692067556
Nottingham_18C_S31,1.00007995418676,1.00123491374217,1.00048083001078,1.00159249326439,1.00172889862675,1.00232184935895,1.00164260930335,1.00224805404374,1.00010465201388,1.0003899616177,1.00001003781545,0,1.0005134337939,1.00134542896317,1.0002410156792,1.00000223281752,1.00239303055613,1.00052930645622,1.00158471528364,1.00001294889937,1.00007056897481,1.00151593675914,1.00101857367082,1.00027922943285,1.00002864019999,1.00083148690112,1.00099105694947,1.0008911893475,1.00150247912917,1.00009281343013,1.0000225648132,1.00000891965053,1.00000552737846,1.00002473794814,1.00305391635076,1.00170199460076,1.00259411080202,1.00113946644318,1.00003009810216,1.00033071658941,1.00001371513954,1.00067184755897
Nottingham_19A_S32,1.00020363114909,1.00017288110229,1.00000325899186,1.00030557562705,1.00036178441138,1.0006538813255,1.0003296064158,1.00066401390008,1.00015753722167,1.00177703236914,1.00038601008189,1.0005134337939,0,1.00021041542897,1.00145130891399,1.00047606083107,1.00070020817799,1.00000779408347,1.00032684095571,1.0005515489156,1.0002215474977,1.00031260884847,1.00010127966262,1.00145008815765,1.00060222708953,1.00257932650965,1.00008742098613,1.00005759117587,1.00026668657968,1.0001813620297,1.00070470448317,1.00040150967172,1.00042267909679,1.00031472199773,1.00109972120409,1.00399164814537,1.00530061307141,1.0031374990572,1.00030481321224,1.00162776609309,1.00065142526434,1.00001411690242
Nottingham_20A_S33,1.00077797452947,1.00000322428349,1.00024440444476,1.000012577415,1.00003344308082,1.00014633233369,1.00001624383797,1.00013093416001,1.00071714990542,1.00317792880217,1.00113894504267,1.00134542896317,1.00021041542897,0,1.00271508807178,1.00128164840766,1.00015310653071,1.00018740733082,1.00001701985264,1.00143017152903,1.0008127134939,1.00002227006181,1.00002354777233,1.00275795237458,1.00151844101935,1.00424949359395,1.00002870415392,1.00004938907752,1.00000690851761,1.00077509577772,1.00166480888635,1.00116136709802,1.00120345827533,1.00101471883299,1.00034984048278,1.00602406767819,1.00761553430577,1.00494803115933,1.00100195034844,1.00298681105104,1.00157958273982,1.00011993630389
Nottingham_20B_S34,1.00058931562432,1.00255661514771,1.00139358675451,1.0030648878821,1.0032537699816,1.00405238095096,1.00313291502452,1.00393339152426,1.00065523693266,1.0000291424881,1.00034375872071,1.0002410156792,1.00145130891399,1.00271508807178,0,1.00026827397777,1.00414428813626,1.00147732510545,1.00304497252101,1.0002283875253,1.00055945703561,1.00293914824233,1.00224031187465,1.00005800634003,1.0002181701016,1.00021711023203,1.00220159157373,1.00205244932562,1.00293926565606,1.00061696118557,1.00014217764167,1.00033066390279,1.00030970653242,1.00041638607455,1.00499299520932,1.00071656674887,1.00132061220088,1.00035823201396,1.00042922427817,1.00002801349046,1.00016489828988,1.00171155313759
Nottingham_20C_S35,1.0000649138133,1.00117467384713,1.0004472637684,1.00152455294469,1.00165981416088,1.00224179592129,1.00157228466105,1.00216232327225,1.00008833935707,1.00042497715967,1.00000644615322,1.00000223281752,1.00047606083107,1.00128164840766,1.00026827397777,0,1.0023104377499,1.00049021337493,1.00151475428581,1.0000170292067,1.00005534669176,1.0014452267715,1.00096304196976,1.00031038076907,1.00003583821414,1.00088521908391,1.00093814433947,1.0008411549597,1.00143647027875,1.00007973504163,1.00003102956322,1.00000454718243,1.00000364818865,1.00001802767826,1.0029573321655,1.00178001861705,1.0026894528726,1.00120136874661,1.00002210849889,1.00036341297667,1.00002009559988,1.00062851795237
Nottingham_21A_S36,1.00161459038566,1.00019435734101,1.00075007112443,1.00008234437774,1.00005732225004,1.00000802533895,1.00007219296874,1.00004267360912,1.0015143906391,1.00470514190979,1.00211306029799,1.00239303055613,1.00070020817799,1.00015310653071,1.00414428813626,1.0023104377499,0,1.00067188822744,1.0001045170162,1.0024911869693,1.00166512253139,1.00014052754116,1.00029475722858,1.00416341749359,1.00259734423723,1.00597028569849,1.00030452365187,1.00036347232645,1.00010377243258,1.00159074532558,1.00280638633131,1.00214597201003,1.00219858768508,1.00194070494332,1.00005869870546,1.00804006973577,1.00985916371753,1.00680774141006,1.00192132698617,1.00446376678989,1.00269634926605,1.00052981423974
Nottingham_21B_S37,1.00020416917146,1.00014839736455,1.00001597710681,1.00028664128305,1.00034902037437,1.00064047224333,1.00030749690647,1.00060805796987,1.00017292993506,1.00182204130795,1.00040360792996,1.00052930645622,1.00000779408347,1.00018740733082,1.00147732510545,1.00049021337493,1.00067188822744,0,1.00028923940931,1.00058486540752,1.00022211391906,1.00026674416117,1.00008058116004,1.00151489944709,1.00064538016654,1.00265553805077,1.00007270772834,1.00004796185866,1.00024909646756,1.00020444987123,1.00073671495841,1.00041696396136,1.00044153800201,1.00033068485767,1.001044704926,1.00409133207278,1.00541971238521,1.00320927282988,1.00032417146396,1.00167909271966,1.00068002850583,1.00001047770445
Nottingham_21C_S38,1.00095664521684,1.00002644996745,1.00037162817688,1.00001620427123,1.0000368657738,1.000114137793,1.00001434269214,1.000061709711,1.00090646267079,1.00354475072403,1.00136284657972,1.00158471528364,1.00032684095571,1.00001701985264,1.00304497252101,1.00151475428581,1.0001045170162,1.00028923940931,0,1.00169328734146,1.00099640228271,1.00000703032864,1.00006669410248,1.00312263568921,1.00179398075878,1.00468992287122,1.0000798770081,1.00011417457527,1.00001884609585,1.00097594346521,1.00194026488465,1.0013869037836,1.00143562272817,1.00122900107058,1.00024067631102,1.00654912246088,1.00820879780597,1.0054116287002,1.00122008969724,1.00335116848522,1.00184628727968,1.00020977674284
Nottingham_22A_S39,1.00011847418158,1.00132091322835,1.00051107268329,1.00167516879515,1.0018031867397,1.00240267938682,1.00172848378353,1.0023811569731,1.00012241129212,1.00035253960906,1.00002406254771,1.00001294889937,1.0005515489156,1.00143017152903,1.0002283875253,1.0000170292067,1.0024911869693,1.00058486540752,1.00169328734146,0,1.00010662629062,1.00163020466964,1.00109743976713,1.00021894687004,1.00000455016331,1.00074843136344,1.00106200838705,1.00095413645336,1.00158148963308,1.00010104295589,1.00001156630515,1.00002330835665,1.0000150343439,1.00004058998956,1.00319260787495,1.00158257600038,1.00244198649486,1.00105868374772,1.00004009142145,1.00028557187603,1.0000078300208,1.0007252956438
Nottingham_22B_S40,1.00000161557435,1.00072697067769,1.00020777614497,1.00101148607309,1.00112659918228,1.00161502175852,1.00104895285048,1.00153023270857,1.00001480124071,1.00078439925653,1.00003370818587,1.00007056897481,1.0002215474977,1.0008127134939,1.00055945703561,1.00005534669176,1.00166512253139,1.00022211391906,1.00099640228271,1.00010662629062,0,1.00093753990482,1.00056262472714,1.00061829561176,1.00014349909698,1.00137963303619,1.00054673345388,1.00047519555192,1.00094016193812,1.00002281488191,1.00016370701297,1.00003543581701,1.00004478171073,1.00001773362335,1.00221117808069,1.00245851896905,1.00351132653209,1.00176951380396,1.00001982918697,1.00069986027918,1.00013607845108,1.0003212526164
Nottingham_22C_S41,1.00090193985887,1.00002756942331,1.00035997477728,1.00003359378275,1.00006206697858,1.00015746330515,1.0000301611276,1.00007520373262,1.00086220580836,1.0034373706046,1.00130293027813,1.00151593675914,1.00031260884847,1.00002227006181,1.00293914824233,1.0014452267715,1.00014052754116,1.00026674416117,1.00000703032864,1.00163020466964,1.00093753990482,0,1.00005945624345,1.00303997673958,1.00173597264183,1.00458047996381,1.0000779209436,1.00010984649919,1.00003280638462,1.0009353748511,1.00186823497562,1.00132174233324,1.00137311994343,1.00117312079418,1.00027805030621,1.00642198323403,1.00806693502393,1.00528444691999,1.00116456388147,1.00325223012634,1.0017749192958,1.00019849158208
Nottingham_23a_S42,1.00053392327205,1.00001121577997,1.00012814821086,1.0000680221811,1.00010575206961,1.00028215389223,1.0000771646147,1.00025029713229,1.00048783377017,1.00266380667152,1.00084095471368,1.00101857367082,1.00010127966262,1.00002354777233,1.00224031187465,1.00096304196976,1.00029475722858,1.00008058116004,1.00006669410248,1.00109743976713,1.00056262472714,1.00005945624345,0,1.00228971616126,1.00117821826171,1.00365841154516,1.0000033445157,1.00000874107924,1.00005124121457,1.00053850733275,1.00130128976696,1.00085915675504,1.0008967630074,1.00073524035469,1.00054732642356,1.00531694983164,1.00681905078191,1.00430353037144,1.00072538034612,1.00249168268071,1.00122546701677,1.00004184203686
Nottingham_3A_S1,1.00064678426476,1.00260706852655,1.00137783202397,1.00308702627015,1.00325113429843,1.00403377784621,1.00316098938266,1.00403882918039,1.00066521253106,1.00004145651835,1.0003699620468,1.00027922943285,1.00145008815765,1.00275795237458,1.00005800634003,1.00031038076907,1.00416341749359,1.00151489944709,1.00312263568921,1.00021894687004,1.00061829561176,1.00303997673958,1.00228971616126,0,1.0001838551769,1.00016323819467,1.0022353082399,1.00207536621781,1.00295959562617,1.00060920199186,1.00014715612331,1.00036239343664,1.00033303007184,1.00044064570891,1.00507233805365,1.00063016265036,1.00120378953435,1.00033214590345,1.00044305809956,1.00001635395992,1.00017561858928,1.0017301178358
Nottingham_3B_S2,1.00015521317394,1.00140735941467,1.00055618347521,1.00176451203815,1.00189028179457,1.00249875827766,1.00182039431214,1.00250285212861,1.00015175055036,1.0003254648331,1.00004254691902,1.00002864019999,1.00060222708953,1.00151844101935,1.0002181701016,1.00003583821414,1.00259734423723,1.00064538016654,1.00179398075878,1.00000455016331,1.00014349909698,1.00173597264183,1.00117821826171,1.0001838551769,0,1.00068930852404,1.00113735518723,1.00102421201338,1.00166865300666,1.00012427178952,1.00001294162354,1.00004361749014,1.0000314696361,1.00006244882399,1.00332404040521,1.001492553454,1.00232730634842,1.00099605230716,1.00006133998806,1.00025672183019,1.00001202971881,1.00078657551141
Nottingham_3c_S3,1.00142335450206,1.00405839208128,1.00248448067946,1.00466207788849,1.0048682878005,1.00582039986063,1.00475196307096,1.0057968458473,1.00147402359953,1.00009414898778,1.00099814819659,1.00083148690112,1.00257932650965,1.00424949359395,1.00021711023203,1.00088521908391,1.00597028569849,1.00265553805077,1.00468992287122,1.00074843136344,1.00137963303619,1.00458047996381,1.00365841154516,1.00016323819467,1.00068930852404,0,1.0035928814124,1.0033916091069,1.00450526343039,1.00139447167951,1.00059792964012,1.00098239915793,1.00093724462638,1.00111721436892,1.00703835121794,1.00015631757196,1.00048940895489,1.00003310464545,1.00112666952103,1.00011583905283,1.00065282760442,1.00294522535748
Nottingham_4a_S4,1.00051725779672,1.00001549751605,1.00010899175757,1.00007235804187,1.00010663948406,1.00028651857108,1.00008323927045,1.00027411631918,1.00046505298316,1.00261800267622,1.00081509386763,1.00099105694947,1.00008742098613,1.00002870415392,1.00220159157373,1.00093814433947,1.00030452365187,1.00007270772834,1.0000798770081,1.00106200838705,1.00054673345388,1.0000779209436,1.0000033445157,1.0022353082399,1.00113735518723,1.0035928814124,0,1.00000363983049,1.00005432729163,1.00051096262708,1.00126701825471,1.00083575548664,1.00086894458323,1.00070978693504,1.00057292894473,1.00523620053985,1.0067251209742,1.00423912883369,1.00070008154434,1.00244343506303,1.00119281576467,1.00003286012911
Nottingham_4b_S5,1.00044813916925,1.00003198445935,1.00007541951423,1.00010174666964,1.00013895224738,1.00033896781738,1.00011500603122,1.00033494592363,1.00039497107803,1.00245049911983,1.00072378206097,1.0008911893475,1.00005759117587,1.00004938907752,1.00205244932562,1.0008411549597,1.00036347232645,1.00004796185866,1.00011417457527,1.00095413645336,1.00047519555192,1.00010984649919,1.00000874107924,1.00207536621781,1.00102421201338,1.0033916091069,1.00000363983049,0,1.00007968734502,1.00043649582748,1.0011501557633,1.00074288719594,1.00077414781418,1.00062451781588,1.0006583606966,1.00499158016694,1.00644634826855,1.00402246792047,1.00061392574179,1.00227952129046,1.00107994097069,1.00001620467897
Nottingham_4c_S6,1.0009026252962,1.00001752898009,1.00030062218512,1.00000184305071,1.00001046410403,1.00009358146966,1.00000409203552,1.00010779791215,1.00082722212981,1.00341212583666,1.00128189797798,1.00150247912917,1.00026668657968,1.00000690851761,1.00293926565606,1.00143647027875,1.00010377243258,1.00024909646756,1.00001884609585,1.00158148963308,1.00094016193812,1.00003280638462,1.00005124121457,1.00295959562617,1.00166865300666,1.00450526343039,1.00005432729163,1.00007968734502,0,1.00088524569485,1.00183246165271,1.00130684829408,1.00134917810356,1.00114897277507,1.00028776913698,1.0063244416101,1.00794935212552,1.00523215874697,1.00113341243311,1.00320827045396,1.00174379577039,1.00016580419589
Nottingham_5A_S7,1.00002141693132,1.00069652175972,1.00015855228517,1.00095536717831,1.00105198689906,1.00151956604531,1.00099647179199,1.00151449945235,1.00000321326404,1.00082724767352,1.00004476596996,1.00009281343013,1.0001813620297,1.00077509577772,1.00061696118557,1.00007973504163,1.00159074532558,1.00020444987123,1.00097594346521,1.00010104295589,1.00002281488191,1.0009353748511,1.00053850733275,1.00060920199186,1.00012427178952,1.00139447167951,1.00051096262708,1.00043649582748,1.00088524569485,0,1.00017345675521,1.00005150564864,1.00005512957997,1.0000236054287,1.0021644654729,1.00247483986338,1.00352514869004,1.00181142814276,1.00001934281525,1.00072452237151,1.00014877504565,1.00028691867387
Nottingham_5B_S8,1.00017906203212,1.00154522049782,1.00066219791448,1.00193240624389,1.0020749939411,1.00271644909032,1.00198894903239,1.0026712265855,1.0001979533082,1.00024394975551,1.00005249874849,1.0000225648132,1.00070470448317,1.00166480888635,1.00014217764167,1.00003102956322,1.00280638633131,1.00073671495841,1.00194026488465,1.00001156630515,1.00016370701297,1.00186823497562,1.00130128976696,1.00014715612331,1.00001294162354,1.00059792964012,1.00126701825471,1.0011501557633,1.00183246165271,1.00017345675521,0,1.00004861024818,1.00003935793036,1.00008196883973,1.00353668410409,1.00136047889787,1.0021666361945,1.00087045837653,1.00008404129907,1.00019189799836,1.00000208294273,1.00089730498256
Nottingham_5C_S9,1.00004286642913,1.00106033401765,1.00037533228918,1.00139117496614,1.00151899083286,1.00207670784129,1.00143745498503,1.00201090352809,1.00005823202227,1.0004975667778,1.00000192263116,1.00000891965053,1.00040150967172,1.00116136709802,1.00033066390279,1.00000454718243,1.00214597201003,1.00041696396136,1.0013869037836,1.00002330835665,1.00003543581701,1.00132174233324,1.00085915675504,1.00036239343664,1.00004361749014,1.00098239915793,1.00083575548664,1.00074288719594,1.00130684829408,1.00005150564864,1.00004861024818,0,1.00000254579851,1.00000728422727,1.00277624158211,1.00191667948568,1.00285672096206,1.00131856953464,1.00000867520424,1.00042765317557,1.00003486456817,1.00054424769305
Nottingham_6A_S10,1.00005203751769,1.00110040339021,1.00039177979928,1.00143504457463,1.00156160024316,1.00212623126663,1.0014828259724,1.00207171202734,1.00006506905761,1.00047011110988,1.00000181861779,1.00000552737846,1.00042267909679,1.00120345827533,1.00030970653242,1.00000364818865,1.00219858768508,1.00044153800201,1.00143562272817,1.0000150343439,1.00004478171073,1.00137311994343,1.0008967630074,1.00033303007184,1.0000314696361,1.00093724462638,1.00086894458323,1.00077414781418,1.00134917810356,1.00005512957997,1.00003935793036,1.00000254579851,0,1.00000819829752,1.00284221409793,1.00185380862393,1.00277954805215,1.00127082406751,1.00001124239993,1.00040028293744,1.00002682927995,1.00056987075075
Nottingham_6B_S11,1.00002110330002,1.000920288472,1.00028902472435,1.00122806056317,1.00134596704665,1.00187320596336,1.00127241767312,1.00182290500279,1.0000282446884,1.00060124423354,1.00000424529154,1.00002473794814,1.00031472199773,1.00101471883299,1.00041638607455,1.00001802767826,1.00194070494332,1.00033068485767,1.00122900107058,1.00004058998956,1.00001773362335,1.00117312079418,1.00073524035469,1.00044064570891,1.00006244882399,1.00111721436892,1.00070978693504,1.00062451781588,1.00114897277507,1.0000236054287,1.00008196883973,1.00000728422727,1.00000819829752,0,1.00254767154721,1.00210320957944,1.00308336172591,1.00148067101072,1.00000215405648,1.00052147359869,1.00006350567597,1.00044262054237
Nottingham_6C_S12,1.00215252068198,1.00040633967823,1.00117069620932,1.00025008569655,1.00022075192705,1.00009677475517,1.00022878286361,1.00007073082357,1.00206575614605,1.00562742307004,1.00274127553033,1.00305391635076,1.00109972120409,1.00034984048278,1.00499299520932,1.0029573321655,1.00005869870546,1.001044704926,1.00024067631102,1.00319260787495,1.00221117808069,1.00027805030621,1.00054732642356,1.00507233805365,1.00332404040521,1.00703835121794,1.00057292894473,1.0006583606966,1.00028776913698,1.0021644654729,1.00353668410409,1.00277624158211,1.00284221409793,1.00254767154721,0,1.00928200312595,1.011238732025,1.00792766770253,1.0025322907941,1.0053773514757,1.00341003595307,1.00087641723383
Nottingham_7A_S13,1.00251630007555,1.00579650567197,1.00386984320967,1.0065099755334,1.00674836832126,1.00785840655157,1.00661798454898,1.00785006621672,1.00258314511131,1.00047787716781,1.00193858454637,1.00170199460076,1.00399164814537,1.00602406767819,1.00071656674887,1.00178001861705,1.00804006973577,1.00409133207278,1.00654912246088,1.00158257600038,1.00245851896905,1.00642198323403,1.00531694983164,1.00063016265036,1.001492553454,1.00015631757196,1.00523620053985,1.00499158016694,1.0063244416101,1.00247483986338,1.00136047889787,1.00191667948568,1.00185380862393,1.00210320957944,1.00928200312595,0,1.00009454361805,1.00006605817238,1.00211551753975,1.00053686150433,1.00144272419795,1.00444632522058
Nottingham_7B_S14,1.00358095148459,1.00736055494334,1.00515736477964,1.00815782013563,1.00841958843811,1.00965187682341,1.00827894456135,1.00965879859021,1.00365628262083,1.00099114183288,1.00288391151589,1.00259411080202,1.00530061307141,1.00761553430577,1.00132061220088,1.0026894528726,1.00985916371753,1.00541971238521,1.00820879780597,1.00244198649486,1.00351132653209,1.00806693502393,1.00681905078191,1.00120378953435,1.00232730634842,1.00048940895489,1.0067251209742,1.00644634826855,1.00794935212552,1.00352514869004,1.0021666361945,1.00285672096206,1.00277954805215,1.00308336172591,1.011238732025,1.00009454361805,0,1.00030691992702,1.00309698690179,1.00107713140038,1.00227035209037,1.00582471157321
Nottingham_7C_S15,1.00182030947976,1.00473860948494,1.00303785282206,1.00540070969949,1.00563110529642,1.00665771104616,1.00549574858801,1.00659157868708,1.00189593188788,1.00019906926236,1.00134039683128,1.00113946644318,1.0031374990572,1.00494803115933,1.00035823201396,1.00120136874661,1.00680774141006,1.00320927282988,1.0054116287002,1.00105868374772,1.00176951380396,1.00528444691999,1.00430353037144,1.00033214590345,1.00099605230716,1.00003310464545,1.00423912883369,1.00402246792047,1.00523215874697,1.00181142814276,1.00087045837653,1.00131856953464,1.00127082406751,1.00148067101072,1.00792766770253,1.00006605817238,1.00030691992702,0,1.00149428555177,1.00024656829367,1.00093541915051,1.00353493487813
Nottingham_9A_S16,1.00002452760026,1.00091012737221,1.00027955420803,1.0012124659279,1.00132742343801,1.0018503461431,1.00125685987258,1.00181163103253,1.00002500995399,1.00061193160754,1.00000730255975,1.00003009810216,1.00030481321224,1.00100195034844,1.00042922427817,1.00002210849889,1.00192132698617,1.00032417146396,1.00122008969724,1.00004009142145,1.00001982918697,1.00116456388147,1.00072538034612,1.00044305809956,1.00006133998806,1.00112666952103,1.00070008154434,1.00061392574179,1.00113341243311,1.00001934281525,1.00008404129907,1.00000867520424,1.00001124239993,1.00000215405648,1.0025322907941,1.00211551753975,1.00309698690179,1.00149428555177,0,1.00052857310328,1.00006625423291,1.00043392321514
Nottingham_9B_S17,1.0007325988215,1.00282550535557,1.00155856329364,1.00334086192566,1.0035237914303,1.00434536151257,1.00341485402458,1.00429209543827,1.00077687736795,1.00000632376355,1.00044028971133,1.00033071658941,1.00162776609309,1.00298681105104,1.00002801349046,1.00036341297667,1.00446376678989,1.00167909271966,1.00335116848522,1.00028557187603,1.00069986027918,1.00325223012634,1.00249168268071,1.00001635395992,1.00025672183019,1.00011583905283,1.00244343506303,1.00227952129046,1.00320827045396,1.00072452237151,1.00019189799836,1.00042765317557,1.00040028293744,1.00052147359869,1.0053773514757,1.00053686150433,1.00107713140038,1.00024656829367,1.00052857310328,0,1.00022257297114,1.00191662364061
Nottingham_9C_S18,1.00015044200517,1.00146244816834,1.00061116794695,1.00184153990117,1.00198178241092,1.00261063783681,1.0018958670477,1.0025600582456,1.00016979016621,1.00027725171376,1.00003800400295,1.00001371513954,1.00065142526434,1.00157958273982,1.00016489828988,1.00002009559988,1.00269634926605,1.00068002850583,1.00184628727968,1.0000078300208,1.00013607845108,1.0017749192958,1.00122546701677,1.00017561858928,1.00001202971881,1.00065282760442,1.00119281576467,1.00107994097069,1.00174379577039,1.00014877504565,1.00000208294273,1.00003486456817,1.00002682927995,1.00006350567597,1.00341003595307,1.00144272419795,1.00227035209037,1.00093541915051,1.00006625423291,1.00022257297114,0,1.00083531185014
