sample_id,Richness,Shannon,Simpson
Nottingham_11A_S19,71,26.173716206872,16.6743536256256
Nottingham_11B_S20,85,31.8855553945669,22.1257058315769
Nottingham_11C_S21,82,33.1940560926481,19.6022043877873
Nottingham_14A_S22,73,31.2987924155664,21.9633699853864
Nottingham_15A_S23,71,21.4701016105115,14.3266776720278
Nottingham_15B_S24,92,39.3277307310919,25.7113000688776
Nottingham_15C_S25,88,19.7260303768288,9.80380452519476
Nottingham_16A_S26,58,24.2185833896557,15.6498799632008
Nottingham_16B_S27,59,17.1321779899529,9.72321511945774
Nottingham_16C_S28,80,28.1123128449852,16.6411268622718
Nottingham_18A_S29,71,22.8819806108041,13.1071191589667
Nottingham_18B_S30,53,16.5920080374265,11.9588008834008
Nottingham_18C_S31,71,26.3851781411356,17.0677453844949
Nottingham_19A_S32,74,18.0365478278088,9.95241879155618
Nottingham_20A_S33,76,27.01397559005,16.2487400425641
Nottingham_20B_S34,91,29.7387757724604,14.3570405663211
Nottingham_20C_S35,80,26.1053685985166,14.1734805354342
Nottingham_21A_S36,89,36.1881408567208,24.7572150403677
Nottingham_21B_S37,86,28.0145273220984,14.3304168721156
Nottingham_21C_S38,42,15.5190353553844,10.2268290564455
Nottingham_22A_S39,87,27.1189371079119,11.5181087605661
Nottingham_22B_S40,93,28.1105146113192,12.0582255948082
Nottingham_22C_S41,54,19.0090334815898,8.43651893227949
Nottingham_23a_S42,73,29.6519291460357,16.7313942639471
Nottingham_3A_S1,57,25.8157002349923,16.5396861834105
Nottingham_3B_S2,62,26.7053081680404,16.5395127853613
Nottingham_3c_S3,64,27.9372617100899,19.5968704538808
Nottingham_4a_S4,91,34.7183605689288,19.8253498336879
Nottingham_4b_S5,87,44.04857880632,30.8733270931261
Nottingham_4c_S6,85,30.2278370771044,16.1186951415515
Nottingham_5A_S7,85,32.7916303208308,19.9994795265243
Nottingham_5B_S8,84,32.8824549383146,20.0439488786613
Nottingham_5C_S9,53,15.2255545207247,9.19839174950084
Nottingham_6A_S10,79,31.2280391212587,20.336534953214
Nottingham_6B_S11,89,27.5458965478733,16.6834823294051
Nottingham_6C_S12,69,21.1495573524851,10.5373370050764
Nottingham_7A_S13,38,10.5929216230006,7.19797335961929
Nottingham_7B_S14,41,12.2503297639786,7.75271386267889
Nottingham_7C_S15,48,9.7941203069568,5.27017460086103
Nottingham_9A_S16,61,23.5816029212773,12.9773424045634
Nottingham_9B_S17,68,33.2014015100479,22.2831960370193
Nottingham_9C_S18,57,20.2858594820354,12.9214468310984
