feature,feature_short,analysis_level,n_pairs,n_treatment,n_control,p_primary,p_permutation,effect_d,rank_biserial,mean_change_treatment,mean_change_control,ci_mean_diff_low,ci_mean_diff_high,q_primary,confirmatory_hit,exploratory_hit,loo_n,loo_median_p,loo_min_p,loo_max_p,loo_sig_frac,loo_sign_consistency
Blautia,Blautia,Genus,11,8,3,0.0121212121212121,0.0481927710843374,1.91808993641345,-1,4.438032945,-5.209486315,5.3023986586625,14.655571309525,0.0727272727272727,FALSE,TRUE,13,0.0166666666666667,0.0121212121212121,0.0166666666666667,1,1
Alistipes,Alistipes,Genus,11,8,3,0.0121212121212121,0.0602409638554217,-1.75806285633904,1,-2.830636118,2.36074809566667,-7.95047685729167,-2.63656208183854,0.0727272727272727,FALSE,TRUE,13,0.0166666666666667,0.0121212121212121,0.0166666666666667,1,1
Ruminococcus,Ruminococcus,Genus,11,8,3,0.0424242424242424,0.0240963855421687,-1.6311041731736,0.833333333333333,0.100856961375,1.00169818166667,-1.4763669860375,-0.200385511375,0.145454545454545,FALSE,TRUE,13,0.0424242424242424,0.025,0.0666666666666667,0.538461538461538,1
Dorea,Dorea,Genus,11,8,3,0.0484848484848485,0.114457831325301,1.37895978558452,-0.833333333333333,1.116218713,-0.979613076,0.827557942565625,3.72194160346875,0.145454545454545,FALSE,TRUE,13,0.0666666666666667,0.0166666666666667,0.0666666666666667,0.461538461538462,1
Lachnospiraceae_unclassified,Lachnospiraceae_unclassified,Genus,11,8,3,0.0848484848484848,0.102409638554217,1.47590453151163,-0.75,6.4914387445,-3.16041440466667,3.651814699475,16.1137850257729,0.203636363636364,FALSE,TRUE,13,0.0848484848484848,0.0333333333333333,0.116666666666667,0.0769230769230769,1
Roseburia,Roseburia,Genus,11,8,3,0.133333333333333,0.0662650602409639,-1.38002608662704,0.666666666666667,-0.9078349725,1.857032808,-5.262437036,-0.658119949203125,0.266666666666667,FALSE,FALSE,13,0.133333333333333,0.0666666666666667,0.183333333333333,0,1
Coprococcus,Coprococcus,Genus,11,8,3,0.193939393939394,0.487951807228916,0.473637457575049,-0.583333333333333,0.10071549375,-0.718144969,-0.810262940791667,2.40102447700833,0.332467532467533,FALSE,FALSE,13,0.193939393939394,0.0666666666666667,0.266666666666667,0,1
Parabacteroides,Parabacteroides,Genus,11,8,3,0.278787878787879,0.295180722891566,-0.745680070717587,0.5,-0.259551529,0.113104684333333,-0.908981604742708,0.223695657428125,0.371717171717172,FALSE,FALSE,13,0.278787878787879,0.266666666666667,0.383333333333333,0,1
Bacteroides,Bacteroides,Genus,11,8,3,0.278787878787879,0.240963855421687,-0.834794351681668,0.5,-0.824715218375,2.60926633833333,-8.20422162273438,1.07109635324271,0.371717171717172,FALSE,FALSE,13,0.278787878787879,0.183333333333333,0.383333333333333,0,1
Faecalibacterium,Faecalibacterium,Genus,11,8,3,0.375757575757576,0.373493975903614,-0.570103074333296,0.416666666666667,-0.499364168625,5.30086956066667,-18.4799221389344,5.47141304581146,0.409917355371901,FALSE,FALSE,13,0.375757575757576,0.266666666666667,0.516666666666667,0,1
Eubacterium,Eubacterium,Genus,11,8,3,0.375757575757576,0.283132530120482,0.799805249691129,-0.416666666666667,-0.00594346025,-0.1845984,-0.05586345625,0.455083950822917,0.409917355371901,FALSE,FALSE,13,0.375757575757576,0.275,0.508333333333333,0,1
Phocaeicola,Phocaeicola,Genus,11,8,3,0.63030303030303,0.5,-0.558854882898943,0.25,-0.993157171875,0.562829836666667,-4.55697251770938,1.19081151876562,0.63030303030303,FALSE,FALSE,13,0.63030303030303,0.383333333333333,0.833333333333333,0,1
