feature,feature_short,analysis_level,n_pairs,n_treatment,n_control,p_primary,p_permutation,effect_d,mean_change_treatment,mean_change_control,q_primary,confirmatory_hit,exploratory_hit
Blautia,Blautia,Genus,11,8,3,0.0121212121212121,0.0103,1.9251085572642,4.448326057,-7.40589439266667,0.0727272727272727,FALSE,TRUE
Alistipes,Alistipes,Genus,11,8,3,0.0121212121212121,0.0124,-1.76626877779623,-3.421761635125,2.36074809566667,0.0727272727272727,FALSE,TRUE
Dorea,Dorea,Genus,11,8,3,0.0484848484848485,0.0538,1.37895978558452,1.116218713,-0.979613076,0.193939393939394,FALSE,TRUE
Roseburia,Roseburia,Genus,11,8,3,0.0848484848484848,0.0875,-1.50216623051633,-1.093591057,1.857032808,0.254545454545455,FALSE,FALSE
Ruminococcus,Ruminococcus,Genus,11,8,3,0.133333333333333,0.138,-0.947411415002041,0.133823298375,1.66322867533333,0.32,FALSE,FALSE
Parabacteroides,Parabacteroides,Genus,11,8,3,0.278787878787879,0.2844,-0.73919417508115,-0.259353756375,0.113104684333333,0.450909090909091,FALSE,FALSE
Bacteroides,Bacteroides,Genus,11,8,3,0.278787878787879,0.2808,-0.938546480187533,-2.019563686375,2.54505870866667,0.450909090909091,FALSE,FALSE
Faecalibacterium,Faecalibacterium,Genus,11,8,3,0.375757575757576,0.3736,-0.570103074333296,-0.499364168625,5.30086956066667,0.450909090909091,FALSE,FALSE
Coprococcus,Coprococcus,Genus,11,8,3,0.375757575757576,0.3738,0.383818861168873,-0.036640520875,-0.718144969,0.450909090909091,FALSE,FALSE
Eubacterium,Eubacterium,Genus,11,8,3,0.375757575757576,0.3716,0.816015147949624,-0.002982731375,-0.1845984,0.450909090909091,FALSE,FALSE
Phocaeicola,Phocaeicola,Genus,11,8,3,0.63030303030303,0.6305,-0.535693315933651,-0.950146353375,0.562829836666667,0.687603305785124,FALSE,FALSE
Collinsella,Collinsella,Genus,11,8,3,0.781818181818182,0.7844,0.513607407889052,0.012461953625,0,0.781818181818182,FALSE,FALSE
