feature,feature_short,n_pairs,n_treatment,n_control,p_primary,p_permutation,effect_d,mean_change_treatment,mean_change_control,q_primary,confirmatory_hit,exploratory_hit
k__Bacteria|p__Firmicutes|c__Clostridia|o__Eubacteriales|f__Lachnospiraceae|g__Blautia|s__Blautia_wexlerae|t__SGB4837,Blautia_wexlerae,11,8,3,0.0121212121212121,0.0108,2.45028872033724,2.218482498625,-3.000278714,0.145454545454545,FALSE,TRUE
k__Bacteria|p__Firmicutes|c__Clostridia|o__Eubacteriales|f__Lachnospiraceae|g__Dorea|s__Dorea_formicigenerans|t__SGB4575,Dorea_formicigenerans,11,8,3,0.0242424242424242,0.0237,1.88804346420033,0.193014535,-0.409340254,0.145454545454545,FALSE,TRUE
k__Bacteria|p__Firmicutes|c__Clostridia|o__Eubacteriales|f__Lachnospiraceae|g__Lachnospiraceae_unclassified|s__Eubacterium_rectale|t__SGB4933,Eubacterium_rectale,11,8,3,0.0848484848484848,0.0832,1.47499402282223,6.514856860125,-3.11811870566667,0.339393939393939,FALSE,FALSE
k__Bacteria|p__Firmicutes|c__Clostridia|o__Eubacteriales|f__Oscillospiraceae|g__Faecalibacterium|s__Faecalibacterium_prausnitzii|t__SGB15316,Faecalibacterium_prausnitzii,11,8,3,0.193939393939394,0.1906,-1.05232948811954,-0.97441026125,0.113641506333333,0.581818181818182,FALSE,FALSE
k__Bacteria|p__Firmicutes|c__Clostridia|o__Eubacteriales|f__Lachnospiraceae|g__Blautia|s__Blautia_sp_MSK_20_85|t__SGB4828,Blautia_sp_MSK_20_85,11,8,3,0.260606060606061,0.2585,1.12116097820948,0.21785897925,-0.217747831,0.625454545454546,FALSE,FALSE
k__Bacteria|p__Firmicutes|c__Clostridia|o__Eubacteriales|f__Lachnospiraceae|g__Blautia|s__Blautia_massiliensis|t__SGB4826,Blautia_massiliensis,11,8,3,0.375757575757576,0.3778,0.792292375325881,0.79074012175,-0.971214755666667,0.675324675324675,FALSE,FALSE
k__Bacteria|p__Firmicutes|c__Clostridia|o__Eubacteriales|f__Oscillospiraceae|g__Faecalibacterium|s__Faecalibacterium_prausnitzii|t__SGB15332,Faecalibacterium_prausnitzii,11,8,3,0.393939393939394,0.3974,-0.938899625406039,-0.171628406,0.588045523,0.675324675324675,FALSE,FALSE
k__Bacteria|p__Firmicutes|c__Clostridia|o__Eubacteriales|f__Oscillospiraceae|g__Faecalibacterium|s__Faecalibacterium_prausnitzii|t__SGB15317,Faecalibacterium_prausnitzii,11,8,3,0.478787878787879,0.468,-0.766287424901423,-0.275398744125,1.45136632033333,0.718181818181818,FALSE,FALSE
k__Bacteria|p__Firmicutes|c__Clostridia|o__Eubacteriales|f__Oscillospiraceae|g__Faecalibacterium|s__Faecalibacterium_prausnitzii|t__SGB15323,Faecalibacterium_prausnitzii,11,8,3,0.618181818181818,0.621,0.185854820294332,0.923705337,0.412772298,0.824242424242424,FALSE,FALSE
k__Bacteria|p__Firmicutes|c__Clostridia|o__Eubacteriales|f__Oscillospiraceae|g__Faecalibacterium|s__Faecalibacterium_prausnitzii|t__SGB15318,Faecalibacterium_prausnitzii,11,8,3,0.775757575757576,0.7742,0.444182203302004,1.484009555375,-0.830673116999999,0.846280991735537,FALSE,FALSE
k__Bacteria|p__Firmicutes|c__Clostridia|o__Eubacteriales|f__Lachnospiraceae|g__Dorea|s__Dorea_longicatena|t__SGB4581,Dorea_longicatena,11,8,3,0.775757575757576,0.7773,0.355273030529413,0.36871744775,0.107479664666667,0.846280991735537,FALSE,FALSE
k__Bacteria|p__Firmicutes|c__Clostridia|o__Eubacteriales|f__Oscillospiraceae|g__Faecalibacterium|s__Faecalibacterium_prausnitzii|t__SGB15342,Faecalibacterium_prausnitzii,11,8,3,0.921212121212121,0.925,-0.0288055619039275,0.030121172625,0.0429757013333333,0.921212121212121,FALSE,FALSE
