feature,baseMean,log2FoldChange,lfcSE,stat,pvalue,padj,significant,direction
k__Bacteria|p__Firmicutes|c__Negativicutes|o__Veillonellales|f__Veillonellaceae|g__Dialister|s__Dialister_invisus|t__SGB5825_group,0.676788347074097,-2.46752137605256,1.92205982035382,-1.28379010368071,0.199215407196858,0.991326307358441,Not significant,Not significant
k__Bacteria|p__Firmicutes|c__Clostridia|o__Eubacteriales|f__Oscillospiraceae|g__Faecalibacterium|s__Faecalibacterium_SGB15315|t__SGB15315,0.504539412425869,-1.95648620770529,1.86399189668266,-1.0496216272116,0.29389210960223,0.991326307358441,Not significant,Not significant
k__Bacteria|p__Firmicutes|c__Clostridia|o__Eubacteriales|f__Lachnospiraceae|g__Roseburia|s__Roseburia_inulinivorans|t__SGB4940,0.209902230726317,-1.29128757556726,3.72322104482414,-0.346820014181632,0.728726540170739,0.991326307358441,Not significant,Not significant
k__Bacteria|p__Firmicutes|c__Clostridia|o__Eubacteriales|f__Lachnospiraceae|g__Blautia|s__Blautia_glucerasea|t__SGB4816,0.228769183275576,-1.24151245312907,2.97887141960899,-0.416772756607277,0.676844631199572,0.991326307358441,Not significant,Not significant
k__Bacteria|p__Firmicutes|c__Clostridia|o__Eubacteriales|f__Lachnospiraceae|g__Blautia|s__Blautia_obeum|t__SGB4811,0.343015531810087,1.22947692538635,1.99774646807472,0.615431910422162,0.538269523041309,0.991326307358441,Not significant,Not significant
k__Bacteria|p__Firmicutes|c__CFGB4806|o__OFGB4806|f__FGB4806|g__GGB51647|s__GGB51647_SGB4348|t__SGB4348,0.359888741231575,-1.17700826919652,2.12653982794294,-0.553485175180132,0.579931229174373,0.991326307358441,Not significant,Not significant
k__Bacteria|p__Firmicutes|c__Clostridia|o__Clostridiales|f__Ruminococcaceae|g__Candidatus_Cibionibacter|s__Candidatus_Cibionibacter_quicibialis|t__SGB15286,3.28685924835855,1.16803553718051,0.849860403482259,1.37438517242897,0.169322136913052,0.991326307358441,Not significant,Not significant
k__Bacteria|p__Actinobacteria|c__Actinomycetia|o__Bifidobacteriales|f__Bifidobacteriaceae|g__Bifidobacterium|s__Bifidobacterium_pseudocatenulatum|t__SGB17237,0.36712065574566,1.06174169676376,2.37778031893219,0.44652640460939,0.655217043674827,0.991326307358441,Not significant,Not significant
k__Bacteria|p__Bacteroidetes|c__Bacteroidia|o__Bacteroidales|f__Bacteroidaceae|g__Phocaeicola|s__Phocaeicola_massiliensis|t__SGB1812,0.402799455896505,-1.05655840828659,2.14486826635164,-0.492598275083705,0.622296467085437,0.991326307358441,Not significant,Not significant
k__Bacteria|p__Firmicutes|c__Bacilli|o__Lactobacillales|f__Streptococcaceae|g__Streptococcus|s__Streptococcus_thermophilus|t__SGB8002,0.426442751888934,1.03513812438756,2.0327433128883,0.509232089376176,0.610589552812781,0.991326307358441,Not significant,Not significant
k__Bacteria|p__Firmicutes|c__Clostridia|o__Eubacteriales|f__Lachnospiraceae|g__Anaerotignum|s__Anaerotignum_faecicola|t__SGB5190,0.137032766699256,-0.999020785743511,3.83206401896519,-0.260700442581146,0.794323524726637,0.991326307358441,Not significant,Not significant
k__Bacteria|p__Firmicutes|c__Clostridia|o__Eubacteriales|f__Lachnospiraceae|g__Waltera|s__Waltera_intestinalis|t__SGB4910,0.25266044320969,-0.975628329204801,2.6390668582302,-0.369686855852933,0.711615826563792,0.991326307358441,Not significant,Not significant
k__Bacteria|p__Firmicutes|c__CFGB3005|o__OFGB3005|f__FGB3005|g__GGB9468|s__GGB9468_SGB14861|t__SGB14861,2.73339153681958,-0.948971628044916,0.698793378619343,-1.35801462503819,0.174459043519284,0.991326307358441,Not significant,Not significant
k__Bacteria|p__Bacteroidetes|c__Bacteroidia|o__Bacteroidales|f__Bacteroidaceae|g__Bacteroides|s__Bacteroides_eggerthii|t__SGB1829,0.375089150765457,-0.905411182378737,2.7370381616798,-0.330799619477377,0.740795848332629,0.991326307358441,Not significant,Not significant
k__Bacteria|p__Firmicutes|c__Clostridia|o__Eubacteriales|f__Oscillospiraceae|g__Ruminococcus|s__Ruminococcus_sp_BSD2780120874_150323_B10|t__SGB4290,0.202099887986347,-0.824145758194534,3.81034517959238,-0.216291626965592,0.828760435318264,0.991326307358441,Not significant,Not significant
k__Bacteria|p__Firmicutes|c__Firmicutes_unclassified|o__Firmicutes_unclassified|f__Firmicutes_unclassified|g__Firmicutes_unclassified|s__Firmicutes_bacterium_AF16_15|t__SGB4993,0.797378841644216,-0.823653550465551,1.13797698049833,-0.723787532244163,0.469196184783119,0.991326307358441,Not significant,Not significant
k__Bacteria|p__Actinobacteria|c__Actinomycetia|o__Bifidobacteriales|f__Bifidobacteriaceae|g__Bifidobacterium|s__Bifidobacterium_catenulatum|t__SGB17241,0.802952479759081,0.821408528904247,2.00643433581259,0.409387197100363,0.682255533725775,0.991326307358441,Not significant,Not significant
k__Bacteria|p__Firmicutes|c__Clostridia|o__Eubacteriales|f__Oscillospiraceae|g__Oscillospiraceae_unclassified|s__Oscillospiraceae_unclassified_SGB15256|t__SGB15256,0.167693863991669,-0.816886343631991,3.83167061147099,-0.213193258623654,0.831176226244203,0.991326307358441,Not significant,Not significant
k__Bacteria|p__Firmicutes|c__Clostridia|o__Eubacteriales|f__Oscillospiraceae|g__Ruminococcus|s__Ruminococcus_bicirculans|t__SGB4262,0.353869925178013,0.799673346592288,2.12728263415665,0.375913070389594,0.706981523240255,0.991326307358441,Not significant,Not significant
k__Bacteria|p__Firmicutes|c__CFGB14936|o__OFGB14936|f__FGB14936|g__GGB3256|s__GGB3256_SGB4303|t__SGB4303,0.915568728629154,-0.782145512297581,1.70032361385698,-0.45999802974175,0.64551763471445,0.991326307358441,Not significant,Not significant
k__Bacteria|p__Firmicutes|c__Clostridia|o__Eubacteriales|f__Lachnospiraceae|g__Roseburia|s__Roseburia_faecis|t__SGB4925,1.37975887969219,-0.77733195988081,1.43414543984875,-0.54201752366398,0.587806434059823,0.991326307358441,Not significant,Not significant
k__Bacteria|p__Firmicutes|c__Clostridia|o__Eubacteriales|f__Eubacteriales_unclassified|g__Evtepia|s__Evtepia_gabavorous|t__SGB15120,0.537152696490085,0.768022937136904,1.28542733461366,0.597484522427506,0.550183937509916,0.991326307358441,Not significant,Not significant
k__Bacteria|p__Bacteroidetes|c__Bacteroidia|o__Bacteroidales|f__Prevotellaceae|g__Prevotella|s__Prevotella_copri_clade_C|t__SGB1644,0.809085395342227,-0.74497245028946,3.60703555189324,-0.206533159868203,0.836374465220588,0.991326307358441,Not significant,Not significant
k__Bacteria|p__Bacteroidetes|c__Bacteroidia|o__Bacteroidales|f__Bacteroidaceae|g__Phocaeicola|s__Phocaeicola_vulgatus|t__SGB1814,0.682956790223797,-0.733302441800188,1.36335213654998,-0.537867233373648,0.590668711266442,0.991326307358441,Not significant,Not significant
k__Bacteria|p__Firmicutes|c__Clostridia|o__Eubacteriales|f__Oscillospiraceae|g__Ruminococcus|s__Ruminococcus_sp_AF41_9|t__SGB25497,0.286635921522847,-0.68400362381751,2.68358130204779,-0.25488462872191,0.79881220876131,0.991326307358441,Not significant,Not significant
k__Bacteria|p__Verrucomicrobia|c__Verrucomicrobiae|o__Verrucomicrobiales|f__Akkermansiaceae|g__Akkermansia|s__Akkermansia_muciniphila|t__SGB9226,0.487578232076571,-0.618792837920057,1.84980091882831,-0.334518613122979,0.737988247851271,0.991326307358441,Not significant,Not significant
k__Bacteria|p__Firmicutes|c__Negativicutes|o__Acidaminococcales|f__Acidaminococcaceae|g__Phascolarctobacterium|s__Phascolarctobacterium_faecium|t__SGB5792,0.146718010131272,-0.590016103356569,3.83226607532365,-0.153960109178155,0.877641188761814,0.991326307358441,Not significant,Not significant
k__Bacteria|p__Firmicutes|c__Clostridia|o__Eubacteriales|f__Oscillospiraceae|g__Vescimonas|s__Vescimonas_coprocola|t__SGB15089,0.310798774241912,-0.58898483500802,2.08684387677093,-0.282237134058818,0.777761686365487,0.991326307358441,Not significant,Not significant
k__Bacteria|p__Firmicutes|c__Clostridia|o__Eubacteriales|f__Lachnospiraceae|g__Mediterraneibacter|s__Ruminococcus_torques|t__SGB4563,0.528278110563213,-0.587065825998036,1.50788360258827,-0.389330996762843,0.697031309467958,0.991326307358441,Not significant,Not significant
k__Bacteria|p__Firmicutes|c__Clostridia|o__Eubacteriales|f__Lachnospiraceae|g__Coprococcus|s__Coprococcus_comes|t__SGB4577,0.635433311261225,-0.582849829662418,1.11699755363803,-0.521800453155954,0.601809274135159,0.991326307358441,Not significant,Not significant
k__Bacteria|p__Firmicutes|c__Clostridia|o__Eubacteriales|f__Clostridiaceae|g__Clostridium|s__Clostridium_sp_AF34_10BH|t__SGB4914,0.276354424113744,-0.573489397814813,2.52514133334872,-0.227111801720136,0.820336807369387,0.991326307358441,Not significant,Not significant
k__Bacteria|p__Bacteroidetes|c__Bacteroidia|o__Bacteroidales|f__Barnesiellaceae|g__Barnesiella|s__Barnesiella_intestinihominis|t__SGB1965,0.167845156731321,-0.546637899264484,3.83276780705527,-0.142622231969869,0.886588538404383,0.991326307358441,Not significant,Not significant
k__Bacteria|p__Firmicutes|c__Clostridia|o__Eubacteriales|f__Oscillospiraceae|g__Faecalibacterium|s__Faecalibacterium_prausnitzii|t__SGB15318,4.53008229065428,0.532187902914692,0.622439301201542,0.855003695761771,0.392549101760146,0.991326307358441,Not significant,Not significant
k__Bacteria|p__Actinobacteria|c__Actinomycetia|o__Bifidobacteriales|f__Bifidobacteriaceae|g__Bifidobacterium|s__Bifidobacterium_animalis|t__SGB17278,0.558299934236415,-0.53099859785483,2.23293585967819,-0.237802888763387,0.81203397802742,0.991326307358441,Not significant,Not significant
k__Bacteria|p__Firmicutes|c__Clostridia|o__Eubacteriales|f__Clostridiaceae|g__Clostridiaceae_unclassified|s__Clostridiaceae_bacterium_Marseille_Q4149|t__SGB15091,0.111972648673933,-0.526766350892883,3.83277389751656,-0.137437366507375,0.890685097067354,0.991326307358441,Not significant,Not significant
k__Bacteria|p__Firmicutes|c__Clostridia|o__Eubacteriales|f__Lachnospiraceae|g__Dorea|s__Dorea_longicatena|t__SGB4582,0.274123013717588,0.516691401165161,2.9624061119907,0.174416127172365,0.86153844092221,0.991326307358441,Not significant,Not significant
k__Bacteria|p__Bacteroidetes|c__Bacteroidia|o__Bacteroidales|f__Rikenellaceae|g__Alistipes|s__Alistipes_putredinis|t__SGB2318,2.00326472750313,-0.502295923663066,0.728544796105763,-0.689450980019282,0.490539511260156,0.991326307358441,Not significant,Not significant
k__Bacteria|p__Firmicutes|c__Clostridia|o__Eubacteriales|f__Oscillospiraceae|g__Oscillibacter|s__Oscillibacter_sp_ER4|t__SGB15254,0.691271835004069,-0.500005865419888,1.28995056960272,-0.387616298796533,0.698300005476419,0.991326307358441,Not significant,Not significant
k__Bacteria|p__Firmicutes|c__Clostridia|o__Eubacteriales|f__Lachnospiraceae|g__Lachnospiraceae_unclassified|s__Eubacterium_rectale|t__SGB4933,8.75433208978808,0.49627578512761,0.523729143082723,0.94758099999263,0.343342802527557,0.991326307358441,Not significant,Not significant
k__Bacteria|p__Firmicutes|c__Negativicutes|o__Acidaminococcales|f__Acidaminococcaceae|g__GGB15850|s__GGB15850_SGB5785|t__SGB5785,0.106224613716935,-0.492677517051874,3.83277389751656,-0.128543329250677,0.897719010833443,0.991326307358441,Not significant,Not significant
k__Bacteria|p__Bacteroidetes|c__Bacteroidia|o__Bacteroidales|f__Rikenellaceae|g__Alistipes|s__Alistipes_onderdonkii|t__SGB2303,0.298380616215885,0.486323336426476,2.28819996383493,0.212535330877035,0.831689417268995,0.991326307358441,Not significant,Not significant
k__Bacteria|p__Firmicutes|c__Clostridia|o__Eubacteriales|f__Oscillospiraceae|g__Faecalibacterium|s__Faecalibacterium_prausnitzii|t__SGB15316,1.74542256408317,-0.481609592421657,0.925903148947567,-0.52015115508472,0.602958226404044,0.991326307358441,Not significant,Not significant
k__Bacteria|p__Bacteroidetes|c__Bacteroidia|o__Bacteroidales|f__Tannerellaceae|g__Parabacteroides|s__Parabacteroides_distasonis|t__SGB1934,0.106035129389093,-0.465620968705863,3.83221793826402,-0.121501693329265,0.90329367355887,0.991326307358441,Not significant,Not significant
k__Bacteria|p__Firmicutes|c__Clostridia|o__Eubacteriales|f__Lachnospiraceae|g__Roseburia|s__Roseburia_hominis|t__SGB4936,0.250591333137088,-0.461144590827109,2.63952336702504,-0.174707523558262,0.86130945575725,0.991326307358441,Not significant,Not significant
k__Bacteria|p__Firmicutes|c__Clostridia|o__Eubacteriales|f__Oscillospiraceae|g__Faecalibacterium|s__Faecalibacterium_prausnitzii|t__SGB15317,1.25935289184593,-0.442463504308796,1.04043030417924,-0.425269720164331,0.670640064397794,0.991326307358441,Not significant,Not significant
k__Bacteria|p__Bacteroidetes|c__Bacteroidia|o__Bacteroidales|f__Bacteroidaceae|g__Phocaeicola|s__Phocaeicola_dorei|t__SGB1815,0.249029854485488,0.428613654676386,2.86147594478861,0.149787614135631,0.880932181594736,0.991326307358441,Not significant,Not significant
k__Bacteria|p__Bacteroidetes|c__Bacteroidia|o__Bacteroidales|f__Bacteroidaceae|g__Bacteroides|s__Bacteroides_uniformis|t__SGB1836,0.920625238740556,-0.411473318356372,1.17040945027289,-0.35156356458027,0.725165594114085,0.991326307358441,Not significant,Not significant
k__Bacteria|p__Firmicutes|c__Clostridia|o__Eubacteriales|f__Lachnospiraceae|g__Dorea|s__Dorea_longicatena|t__SGB4581,0.825743338513104,0.371250773876476,0.982879100884547,0.377717639476073,0.705640362510687,0.991326307358441,Not significant,Not significant
k__Bacteria|p__Bacteroidetes|c__Bacteroidia|o__Bacteroidales|f__Bacteroidaceae|g__Bacteroides|s__Bacteroides_stercoris|t__SGB1830,0.693308113481486,0.368943442937052,1.84834663105447,0.199607279683559,0.841787733997299,0.991326307358441,Not significant,Not significant
k__Bacteria|p__Bacteroidetes|c__Bacteroidia|o__Bacteroidales|f__Prevotellaceae|g__Prevotella|s__Prevotella_copri_clade_A|t__SGB1626,0.383569242636435,-0.356323500743734,3.83101457569912,-0.0930102179730572,0.925895443645035,0.991326307358441,Not significant,Not significant
k__Bacteria|p__Firmicutes|c__Clostridia|o__Eubacteriales|f__Lachnospiraceae|g__Dorea|s__Dorea_formicigenerans|t__SGB4575,0.352620692145655,-0.35520791648495,1.67014901483608,-0.212680373625112,0.831576276123958,0.991326307358441,Not significant,Not significant
k__Bacteria|p__Bacteroidetes|c__Bacteroidia|o__Bacteroidales|f__Rikenellaceae|g__Alistipes|s__Alistipes_shahii|t__SGB2295,0.127767364190758,-0.328508061137823,3.83277382539284,-0.0857102652291653,0.931696741687885,0.991326307358441,Not significant,Not significant
k__Bacteria|p__Firmicutes|c__Clostridia|o__Eubacteriales|f__Lachnospiraceae|g__Coprococcus|s__Coprococcus_eutactus|t__SGB5117,0.757943195202906,-0.325601119048366,1.46731828440107,-0.221902175219789,0.824390037165326,0.991326307358441,Not significant,Not significant
k__Bacteria|p__Firmicutes|c__Clostridia|o__Eubacteriales|f__Lachnospiraceae|g__Roseburia|s__Roseburia_intestinalis|t__SGB4951,0.615843913458968,0.306873334857181,1.89876908633388,0.16161698495402,0.871607481100703,0.991326307358441,Not significant,Not significant
k__Bacteria|p__Bacteroidetes|c__CFGB4405|o__OFGB4405|f__FGB4405|g__GGB1266|s__GGB1266_SGB1699|t__SGB1699,0.935424324044334,0.302989567212294,1.9706797953816,0.153748756100493,0.877807839984429,0.991326307358441,Not significant,Not significant
k__Bacteria|p__Firmicutes|c__Clostridia|o__Eubacteriales|f__Oscillospiraceae|g__GGB3343|s__GGB3343_SGB4423|t__SGB4423,0.230399202237052,-0.297467431635854,3.53746646212485,-0.0840905305593127,0.932984453496841,0.991326307358441,Not significant,Not significant
k__Bacteria|p__Firmicutes|c__CFGB38642|o__OFGB38642|f__FGB38642|g__GGB9758|s__GGB9758_SGB15368|t__SGB15368,1.19093210026798,0.28176767636807,1.34437908413331,0.209589452628028,0.833988112393786,0.991326307358441,Not significant,Not significant
k__Bacteria|p__Firmicutes|c__Clostridia|o__Eubacteriales|f__Lachnospiraceae|g__Mediterraneibacter|s__Ruminococcus_lactaris|t__SGB4557,0.1672818957764,-0.268236838494862,3.83277389751656,-0.0699850410348142,0.944205565966308,0.991326307358441,Not significant,Not significant
k__Bacteria|p__Firmicutes|c__Clostridia|o__Eubacteriales|f__Clostridiaceae|g__Clostridium|s__Clostridium_fessum|t__SGB4705,0.314371898009861,0.262108992646979,1.73385412258026,0.151171306301662,0.879840584395092,0.991326307358441,Not significant,Not significant
k__Bacteria|p__Actinobacteria|c__CFGB12107|o__OFGB12107|f__FGB12107|g__GGB34797|s__GGB34797_SGB14322|t__SGB14322,0.184401215954692,-0.256518832093464,3.35818206397945,-0.0763862194503799,0.939111832858123,0.991326307358441,Not significant,Not significant
k__Bacteria|p__Firmicutes|c__Clostridia|o__Eubacteriales|f__Clostridiaceae|g__Clostridium|s__Clostridium_sp_AM49_4BH|t__SGB4652,0.184063101613575,-0.249446701063583,3.83238304861259,-0.0650891880846536,0.948102988837049,0.991326307358441,Not significant,Not significant
k__Bacteria|p__Firmicutes|c__Clostridia|o__Eubacteriales|f__Lachnospiraceae|g__Blautia|s__Blautia_faecis|t__SGB4820,0.137670711102981,-0.237845449551997,3.83277389751656,-0.0620556954079938,0.950518478902214,0.991326307358441,Not significant,Not significant
k__Bacteria|p__Firmicutes|c__Clostridia|o__Eubacteriales|f__Lachnospiraceae|g__Lacrimispora|s__Lacrimispora_celerecrescens|t__SGB4868,0.806951172595189,-0.233813768592556,1.09179527759541,-0.214155321414754,0.830425936108452,0.991326307358441,Not significant,Not significant
k__Bacteria|p__Actinobacteria|c__Actinomycetia|o__Bifidobacteriales|f__Bifidobacteriaceae|g__Bifidobacterium|s__Bifidobacterium_longum|t__SGB17248,3.32268440221681,0.222890067101785,0.749822985020758,0.297256914704494,0.766270372777361,0.991326307358441,Not significant,Not significant
k__Bacteria|p__Firmicutes|c__Clostridia|o__Eubacteriales|f__Oscillospiraceae|g__Dysosmobacter|s__Dysosmobacter_sp_BX15|t__SGB15053,0.149764353089122,-0.213439607712346,3.83277389751656,-0.0556880247620773,0.955590339554389,0.991326307358441,Not significant,Not significant
k__Bacteria|p__Firmicutes|c__Clostridia|o__Eubacteriales|f__Lachnospiraceae|g__Anaerobutyricum|s__Anaerobutyricum_hallii|t__SGB4532,0.240489080607561,-0.207673778940729,2.31620920165347,-0.0896610629093768,0.92855655856682,0.991326307358441,Not significant,Not significant
k__Bacteria|p__Firmicutes|c__Clostridia|o__Eubacteriales|f__Lachnospiraceae|g__Dorea|s__Dorea_sp_AF36_15AT|t__SGB4552,0.136019336982369,0.205929119970807,3.83277389751656,0.0537284811150062,0.957151490920727,0.991326307358441,Not significant,Not significant
k__Bacteria|p__Actinobacteria|c__Actinomycetia|o__Bifidobacteriales|f__Bifidobacteriaceae|g__Bifidobacterium|s__Bifidobacterium_bifidum|t__SGB17256,0.24138250166257,-0.190050296772316,3.46009164676184,-0.054926376574498,0.956197118125954,0.991326307358441,Not significant,Not significant
k__Bacteria|p__Firmicutes|c__Clostridia|o__Eubacteriales|f__Lachnospiraceae|g__Blautia|s__Blautia_wexlerae|t__SGB4837,2.41650256131469,0.173330653849154,0.636778322236637,0.272199363257755,0.785468731406443,0.991326307358441,Not significant,Not significant
k__Bacteria|p__Firmicutes|c__Clostridia|o__Eubacteriales|f__Lachnospiraceae|g__Faecalicatena|s__Faecalicatena_fissicatena|t__SGB4871,0.331607266208112,-0.173227615487527,1.72125908911946,-0.100640058537698,0.919836196008293,0.991326307358441,Not significant,Not significant
k__Bacteria|p__Firmicutes|c__Clostridia|o__Eubacteriales|f__Lachnospiraceae|g__Mediterraneibacter|s__Ruminococcus_torques|t__SGB4608,0.0971191180861781,0.162786641832566,3.83277389751656,0.0424722788730228,0.966122210057515,0.991326307358441,Not significant,Not significant
k__Bacteria|p__Firmicutes|c__Clostridia|o__Eubacteriales|f__Lachnospiraceae|g__Blautia|s__Blautia_massiliensis|t__SGB4826,1.45840952272613,-0.152314684111842,0.790263383841519,-0.192739138907627,0.847163269694775,0.991326307358441,Not significant,Not significant
k__Bacteria|p__Firmicutes|c__Clostridia|o__Eubacteriales|f__Oscillospiraceae|g__Faecalibacterium|s__Faecalibacterium_prausnitzii|t__SGB15332,0.413948440996697,0.141535636966423,1.86058232870107,0.0760706122933206,0.939362920368146,0.991326307358441,Not significant,Not significant
k__Bacteria|p__Firmicutes|c__Clostridia|o__Eubacteriales|f__Lachnospiraceae|g__Fusicatenibacter|s__Fusicatenibacter_saccharivorans|t__SGB4874,6.32945005245459,-0.136086533129541,0.572662444493603,-0.237638305843297,0.812161637662564,0.991326307358441,Not significant,Not significant
k__Bacteria|p__Firmicutes|c__Clostridia|o__Eubacteriales|f__Lachnospiraceae|g__Blautia|s__Blautia_sp_MSK_20_85|t__SGB4828,0.609469544893184,0.119206118605106,1.562689480032,0.0762826653204731,0.939194216726335,0.991326307358441,Not significant,Not significant
k__Bacteria|p__Firmicutes|c__Clostridia|o__Eubacteriales|f__Oscillospiraceae|g__Faecalibacterium|s__Faecalibacterium_prausnitzii|t__SGB15322,1.69386965283808,-0.10998323433424,3.10463568663005,-0.0354254880235633,0.971740460960367,0.991326307358441,Not significant,Not significant
k__Bacteria|p__Firmicutes|c__Clostridia|o__Eubacteriales|f__Oscillospiraceae|g__Ruminococcus|s__Ruminococcus_callidus|t__SGB4422,0.272807741380704,0.0918960940543324,2.97607178819113,0.03087831900392,0.975366580605549,0.991326307358441,Not significant,Not significant
k__Bacteria|p__Firmicutes|c__Clostridia|o__Eubacteriales|f__Eubacteriales_unclassified|g__Gemmiger|s__Gemmiger_formicilis|t__SGB15300,3.08662089727952,-0.0772055132112542,0.529858263861726,-0.145709746316992,0.884150527043458,0.991326307358441,Not significant,Not significant
k__Bacteria|p__Firmicutes|c__Clostridia|o__Eubacteriales|f__Oscillospiraceae|g__Faecalibacterium|s__Faecalibacterium_prausnitzii|t__SGB15342,0.320747305330574,0.0717193163789469,1.72170597089842,0.0416559607686802,0.966772961680115,0.991326307358441,Not significant,Not significant
k__Bacteria|p__Firmicutes|c__Clostridia|o__Eubacteriales|f__Oscillospiraceae|g__Agathobaculum|s__Agathobaculum_butyriciproducens|t__SGB14993,0.652307516015444,-0.0664251881236703,1.07272241821814,-0.0619220657605036,0.950624895279273,0.991326307358441,Not significant,Not significant
k__Bacteria|p__Firmicutes|c__Clostridia|o__Eubacteriales|f__Oscillospiraceae|g__Faecalibacterium|s__Faecalibacterium_prausnitzii|t__SGB15323,1.96433687529483,0.0578074594393672,1.23606682657788,0.0467672606338044,0.962698722698521,0.991326307358441,Not significant,Not significant
k__Bacteria|p__Firmicutes|c__Clostridia|o__Eubacteriales|f__Lachnospiraceae|g__Blautia|s__Blautia_obeum|t__SGB4810,0.203266386200208,0.0414433793198081,3.81226111794446,0.0108710757310753,0.991326307358441,0.991326307358441,Not significant,Not significant
k__Bacteria|p__Firmicutes|c__Clostridia|o__Eubacteriales|f__Clostridiaceae|g__Clostridiaceae_unclassified|s__Clostridiaceae_bacterium|t__SGB4269,0.407366342534165,0.0270317603969395,1.53836320258757,0.0175717674158296,0.985980479537506,0.991326307358441,Not significant,Not significant
