sample_id,SampleID,TotalReads,Richness,Shannon,Simpson
Nottingham_11A_S19,Nottingham_11A_S19,100.00003,71,26.17371620687197,16.674353625625635
Nottingham_11B_S20,Nottingham_11B_S20,74.554746398,85,31.885555394566886,22.125705831576933
Nottingham_11C_S21,Nottingham_11C_S21,82.929838894,82,33.19405609264809,19.602204387787264
Nottingham_14A_S22,Nottingham_14A_S22,80.993276495,73,31.298792415566375,21.96336998538644
Nottingham_15A_S23,Nottingham_15A_S23,78.670535187,71,21.47010161051149,14.326677672027753
Nottingham_15B_S24,Nottingham_15B_S24,80.874270885,92,39.32773073109189,25.711300068877588
Nottingham_15C_S25,Nottingham_15C_S25,76.07349109100001,88,19.726030376828827,9.803804525194758
Nottingham_16A_S26,Nottingham_16A_S26,66.518026348,58,24.218583389655716,15.649879963200782
Nottingham_16B_S27,Nottingham_16B_S27,68.587930231,59,17.132177989952943,9.723215119457743
Nottingham_16C_S28,Nottingham_16C_S28,85.032878828,80,28.11231284498519,16.641126862271747
Nottingham_18A_S29,Nottingham_18A_S29,82.32593351,71,22.881980610804106,13.10711915896665
Nottingham_18B_S30,Nottingham_18B_S30,74.50985886,53,16.592008037426467,11.95880088340083
Nottingham_18C_S31,Nottingham_18C_S31,82.089759596,71,26.385178141135572,17.06774538449488
Nottingham_19A_S32,Nottingham_19A_S32,85.485355288,74,18.036547827808754,9.95241879155618
Nottingham_20A_S33,Nottingham_20A_S33,76.67492102199999,76,27.013975590049988,16.248740042564123
Nottingham_20B_S34,Nottingham_20B_S34,83.562914913,91,29.73877577246038,14.357040566321103
Nottingham_20C_S35,Nottingham_20C_S35,81.035807375,80,26.1053685985166,14.17348053543419
Nottingham_21A_S36,Nottingham_21A_S36,80.382537728,89,36.18814085672081,24.75721504036771
Nottingham_21B_S37,Nottingham_21B_S37,86.291855842,86,28.014527322098367,14.330416872115592
Nottingham_21C_S38,Nottingham_21C_S38,79.12101016999999,42,15.519035355384373,10.226829056445508
Nottingham_22A_S39,Nottingham_22A_S39,88.169248501,87,27.118937107911897,11.518108760566133
Nottingham_22B_S40,Nottingham_22B_S40,83.779828565,93,28.11051461131922,12.058225594808226
Nottingham_22C_S41,Nottingham_22C_S41,74.82317921399999,54,19.00903348158984,8.436518932279489
Nottingham_23a_S42,Nottingham_23a_S42,79.563647168,73,29.65192914603568,16.731394263947127
Nottingham_3A_S1,Nottingham_3A_S1,88.158246987,57,25.815700234992256,16.539686183410502
Nottingham_3B_S2,Nottingham_3B_S2,85.480575577,62,26.705308168040418,16.53951278536132
Nottingham_3c_S3,Nottingham_3c_S3,91.223948698,64,27.937261710089857,19.596870453880832
Nottingham_4a_S4,Nottingham_4a_S4,78.225446605,91,34.71836056892882,19.825349833687877
Nottingham_4b_S5,Nottingham_4b_S5,80.969381974,87,44.04857880632001,30.873327093126143
Nottingham_4c_S6,Nottingham_4c_S6,92.398320464,85,30.22783707710443,16.118695141551488
Nottingham_5A_S7,Nottingham_5A_S7,85.483352988,85,32.791630320830826,19.99947952652434
Nottingham_5B_S8,Nottingham_5B_S8,85.720593006,84,32.88245493831455,20.04394887866134
Nottingham_5C_S9,Nottingham_5C_S9,81.531945219,53,15.22555452072469,9.198391749500844
Nottingham_6A_S10,Nottingham_6A_S10,85.373181181,79,31.22803912125874,20.33653495321402
Nottingham_6B_S11,Nottingham_6B_S11,86.872650905,89,27.545896547873316,16.68348232940507
Nottingham_6C_S12,Nottingham_6C_S12,75.941782667,69,21.14955735248507,10.537337005076354
Nottingham_7A_S13,Nottingham_7A_S13,98.17826519,38,10.592921623000588,7.197973359619286
Nottingham_7B_S14,Nottingham_7B_S14,95.32307513,41,12.250329763978588,7.75271386267889
Nottingham_7C_S15,Nottingham_7C_S15,83.663733055,48,9.794120306956795,5.270174600861033
Nottingham_9A_S16,Nottingham_9A_S16,86.22327921,61,23.581602921277337,12.977342404563373
Nottingham_9B_S17,Nottingham_9B_S17,87.37610635,68,33.201401510047916,22.283196037019298
Nottingham_9C_S18,Nottingham_9C_S18,83.166548431,57,20.285859482035377,12.921446831098379
