file_name,n_of_bases,n_of_reads,min_read_len,median_read_len,mean_read_len,max_read_len
Nottingham_21B_S37,2895440326,19427565,75,151.0,148.9992480987031,151
Nottingham_7C_S15,4313244734,29031550,75,151.0,148.58763961595574,151
Nottingham_11A_S19,1936331099,12980761,75,151.0,149.13442549259983,151
Nottingham_21A_S36,2995854054,20084916,75,151.0,149.086560910227,151
Nottingham_7B_S14,2702174719,18122211,75,151.0,149.10233673234168,151
Nottingham_5A_S7,3328196816,22287417,75,151.0,149.28868107641733,151
Nottingham_18A_S29,2938172048,19794520,75,151.0,148.39976265054818,151
Nottingham_11C_S21,2401946601,16055955,75,151.0,149.5461762632326,151
Nottingham_22B_S40,2706351878,18269252,75,151.0,148.14404882133655,151
Nottingham_23a_S42,1443705194,9701325,75,151.0,148.78008454819002,151
Nottingham_6B_S11,4477200785,29832242,75,151.0,149.96775274774006,151
Nottingham_6C_S12,2312155789,15497363,75,151.0,149.11138889941387,151
Nottingham_20A_S33,2677001058,17906470,75,151.0,149.43811474403654,151
Nottingham_16C_S28,2393302656,16063853,75,151.0,148.94674769137032,151
Nottingham_20C_S35,2487876440,16779080,75,151.0,148.20570184152254,151
Nottingham_16B_S27,2952016576,19827313,75,151.0,148.84149117149144,151
Nottingham_22C_S41,1208572237,8162679,75,151.0,147.98397986379553,151
Nottingham_4a_S4,3115011894,20832474,75,151.0,149.46955646091757,151
Nottingham_14A_S22,3348272876,22349814,75,151.0,149.7381618334882,151
Nottingham_9C_S18,2622773691,17557106,75,151.0,149.3189038588295,151
Nottingham_20B_S34,3674971868,24611078,75,151.0,149.2301815674493,151
Nottingham_18B_S30,3555312238,23794647,75,151.0,149.31413067744526,151
Nottingham_4c_S6,2709603671,18150036,75,151.0,149.2666019163103,151
Nottingham_16A_S26,3005017890,20120666,75,151.0,149.293560397197,151
Nottingham_19A_S32,3254714888,21656455,75,151.0,150.13872875517768,151
Nottingham_3c_S3,3465304549,23188490,75,151.0,149.34527845491516,151
Nottingham_3A_S1,2925307324,19540521,75,151.0,149.59342462744823,151
Nottingham_4b_S5,3002486251,20099707,75,151.0,149.3615454063965,151
Nottingham_18C_S31,3385825254,22669300,75,151.0,149.32782431942948,151
Nottingham_NegLP_S44,241937,1849,75,151.0,136.55769163974853,151
Nottingham_9A_S16,1962711084,13111533,75,151.0,149.64251667311518,151
Nottingham_21C_S38,811644945,5474404,75,151.0,148.21271650833032,151
Nottingham_15A_S23,2280346458,15233258,75,151.0,149.58589269224078,151
Nottingham_11B_S20,3283980698,22006617,75,151.0,149.14602730055898,151
Nottingham_5B_S8,3309868425,22153186,75,151.0,149.35592913884886,151
Nottingham_22A_S39,2920675277,19557275,75,151.0,149.2857480531819,151
Nottingham_CnEG_S43,4808321,33746,75,151.0,142.41845856659583,151
Nottingham_15B_S24,2677471102,17921932,75,151.0,149.32176786911387,151
Nottingham_15C_S25,3751685346,25059312,75,151.0,149.60462980935708,151
Nottingham_5C_S9,2282619511,15310295,75,151.0,149.02901364333297,151
Nottingham_6A_S10,3035020895,20362614,75,151.0,149.03088849112035,151
Nottingham_7A_S13,2827919706,18891791,75,151.0,149.60930224714147,151
Nottingham_9B_S17,2741639554,18306414,75,151.0,149.66243886535918,151
Nottingham_3B_S2,2196975491,14765345,75,151.0,148.71234431081817,151
