Taxa,Nottingham_11A_S19,Nottingham_11B_S20,Nottingham_11C_S21,Nottingham_14A_S22,Nottingham_15A_S23,Nottingham_15B_S24,Nottingham_15C_S25,Nottingham_16A_S26,Nottingham_16B_S27,Nottingham_16C_S28,Nottingham_18A_S29,Nottingham_18B_S30,Nottingham_18C_S31,Nottingham_19A_S32,Nottingham_20A_S33,Nottingham_20B_S34,Nottingham_20C_S35,Nottingham_21A_S36,Nottingham_21B_S37,Nottingham_21C_S38,Nottingham_22A_S39,Nottingham_22B_S40,Nottingham_22C_S41,Nottingham_23a_S42,Nottingham_3A_S1,Nottingham_3B_S2,Nottingham_3c_S3,Nottingham_4a_S4,Nottingham_4b_S5,Nottingham_4c_S6,Nottingham_5A_S7,Nottingham_5B_S8,Nottingham_5C_S9,Nottingham_6A_S10,Nottingham_6B_S11,Nottingham_6C_S12,Nottingham_7A_S13,Nottingham_7B_S14,Nottingham_7C_S15,Nottingham_9A_S16,Nottingham_9B_S17,Nottingham_9C_S18
k__Bacteria|p__Firmicutes|c__Clostridia|o__Eubacteriales|f__Lachnospiraceae|g__Roseburia|s__Roseburia_faecis|t__SGB4925,13.71785,2.589522217,5.37542434,1.174124116,3.929716741,0.894468427,0.051731515,4.683073833,0.021157814,4.152285662,0,0.522879238,0,2.115717711,0.362271102,0.097606584,5.048740236,0,0.005407716,0.197027179,0,0,0,5.61288629,0,0,0,0,0,0.07766868,0.333191126,6.705380411,0,0,0,4.407250981,0,0,0,0.660254629,1.64198949,0
k__Bacteria|p__Bacteroidetes|c__Bacteroidia|o__Bacteroidales|f__Prevotellaceae|g__Prevotella|s__Prevotella_copri_clade_C|t__SGB1644,11.92858,1.230863943,1.059561508,0,0,0,0,0,0,0,0,0,0,0,0,0,0,0,0,0,0,0,0,0,0,0,0,10.05371454,4.672783426,2.648761853,0,0,0,0,0,0,0,0,0,0,0,0
k__Bacteria|p__Firmicutes|c__Clostridia|o__Eubacteriales|f__Oscillospiraceae|g__Faecalibacterium|s__Faecalibacterium_prausnitzii|t__SGB15318,7.25208,5.072716926,2.480017053,3.371687483,0.19490663,0.014099531,0.068787035,2.818054436,1.201573744,1.837855765,2.268778873,2.803214933,0.80468682,17.54466108,0.517990308,0.23394727,1.7294289,0.965883235,3.022610849,14.72000007,3.149236028,1.486756785,0.009505752,1.473247492,12.56565199,11.77475441,8.943949505,1.274358354,1.426881415,8.227803315,10.66693506,8.572823261,4.690942925,0.881692903,1.863903256,3.47546809,7.193476963,1.775713113,3.247219707,4.76626672,5.527339369,10.0990793
k__Bacteria|p__Firmicutes|c__CFGB14936|o__OFGB14936|f__FGB14936|g__GGB3256|s__GGB3256_SGB4303|t__SGB4303,6.20188,6.621981799,6.71509895,0,1.211055875,1.502816963,2.399865911,0,0,0,0,0,2.935746502,0,0,0.05143587,0,3.243300416,3.60809544,4.286136308,0,0,0,3.093512619,0,0,0,0,0,0,0,0,0,0,0,0,0,0,0,0,0,0
k__Bacteria|p__Firmicutes|c__Clostridia|o__Eubacteriales|f__Lachnospiraceae|g__Fusicatenibacter|s__Fusicatenibacter_saccharivorans|t__SGB4874,6.04587,4.281337533,4.746226646,5.771660567,4.964221164,4.569359568,2.921792314,0,0,8.049025099,14.7712023,7.578989963,9.023890385,7.466522487,8.723588751,4.464138822,13.31059312,2.426084586,4.614829007,4.595697323,10.48406647,11.58072287,1.737584093,2.870941383,0,0,0,0.550201724,1.729148598,3.397373634,3.815838848,10.25303114,0,9.610566494,9.205609774,1.834153529,17.83784644,12.65567205,13.37596157,18.16170576,6.988617555,14.72967582
k__Bacteria|p__Firmicutes|c__Negativicutes|o__Veillonellales|f__Veillonellaceae|g__Dialister|s__Dialister_invisus|t__SGB5825_group,5.74572,4.577123364,4.940393219,0.701618277,0.942271821,3.592078703,1.366571648,0,0,0.152135981,0,0,0,0.117157956,0,0,0,0,0,0,0,0,0,0,0,0,0,2.491815497,5.313697066,0,0,0,0,0,0,0,0,0,0.0058673,0,0,0
k__Bacteria|p__Firmicutes|c__Clostridia|o__Eubacteriales|f__Oscillospiraceae|g__Faecalibacterium|s__Faecalibacterium_prausnitzii|t__SGB15317,4.73039,2.317112035,2.164915765,0,1.928199199,0.270746697,0.954941172,0,0,0,1.090938103,2.768041644,0.063430074,0,1.316565092,0.303811183,0.699175867,0.027237576,0.462463373,0.416319015,0.558490166,0.515456307,0,2.647741595,3.292704975,5.644933568,8.259260175,1.3548881,0.393796106,1.086233346,1.332498684,1.029689231,0.103695635,0.932238971,0.987181003,1.347290761,0,0,0,0.905930569,0.77972042,1.342865173
k__Bacteria|p__Bacteroidetes|c__CFGB4405|o__OFGB4405|f__FGB4405|g__GGB1266|s__GGB1266_SGB1699|t__SGB1699,3.85609,0.582012624,1.464454455,0,11.27563834,7.455366516,10.38252884,0,0,0,2.955152448,1.204370099,0.663901993,0,0,0,0,0,0,0,0,0,0,0.335336736,0,0,0,0,0,0,0,0,0,0,0,0,0,0,0,0,0,0
k__Bacteria|p__Actinobacteria|c__Actinomycetia|o__Bifidobacteriales|f__Bifidobacteriaceae|g__Bifidobacterium|s__Bifidobacterium_longum|t__SGB17248,3.80131,5.341130506,3.164317194,7.263034776,2.743835256,2.293283094,1.24641192,0,0.038293439,0,3.9533416,7.305962621,8.116993304,0,1.479800296,0.332165887,2.164734061,4.000686975,2.279153573,9.889360776,0,0.540787053,0.003398119,0.719382312,0.674765364,0.554670881,0.862977677,1.235766124,1.060903799,0.215879908,0.519032834,1.455617,0.792210512,7.760092509,6.565465422,4.876973689,21.02616123,25.07875702,12.04983469,0,0,2.373556421
k__Bacteria|p__Firmicutes|c__Bacilli|o__Lactobacillales|f__Lactobacillaceae|g__Ligilactobacillus|s__Ligilactobacillus_ruminis|t__SGB7061,3.60087,4.283343291,0.964986275,0,0,0,0,0.081502085,0.386605329,0,0,0,0,0,0,0,0,0,0,0,0,0,0,0,0,0,0,0,0,0,0,0,0,0,0,0,0,0,0,0,0,0
k__Bacteria|p__Firmicutes|c__Clostridia|o__Eubacteriales|f__Oscillospiraceae|g__Faecalibacterium|s__Faecalibacterium_prausnitzii|t__SGB15316,2.48208,0.876090951,0.853809718,5.460840561,1.179952078,0.292277281,0.280576286,8.739407288,9.151353742,5.173508648,0.177103661,0.254251353,0,6.078318997,5.723823585,2.316031027,2.474814783,0.052969556,0.047330472,1.178927024,0.642600131,0.84093202,0,1.383515656,0,0,0,3.568692258,0.983426259,1.930111558,2.573229825,2.721721751,1.271458234,0.250889964,0.472847381,0.768918144,1.127844054,0.105063981,1.608711432,1.440980399,0.6566191,0.087100317
k__Bacteria|p__Firmicutes|c__Clostridia|o__Eubacteriales|f__Lachnospiraceae|g__Blautia|s__Blautia_sp_MSK_20_85|t__SGB4828,2.44479,2.721044722,1.652699695,0,0.25888596,1.362065025,0.214636927,0.687194416,0.105293184,1.928080097,0.783047536,0.25251394,0.224497391,0,0,0,0,0,0,0,0.161914994,0.194611398,0.676839478,0.910088323,4.429967462,1.867169807,4.48643957,0.059933121,0.163109756,0.091243823,0,0,0,0.616156991,0.169967346,0.464991535,0,0,0,0,0,0
k__Bacteria|p__Firmicutes|c__Clostridia|o__Eubacteriales|f__Oscillospiraceae|g__Ruminococcus|s__Ruminococcus_bicirculans|t__SGB4262,2.37185,0.081550067,3.680718891,0.037638741,0.440012427,1.346878418,0.393132031,0,0,0,0.178851774,0,1.669061406,0.897456688,0,0.007092868,0.463932988,0.333758929,0.453341092,0,0,0,0,1.421801664,1.745791315,1.034932186,2.997143054,0.243203123,0.297247671,0.036277442,0,0,0.387639308,0,0.157847966,0.263533174,0.120158695,0.014081134,0.293975982,0,0,0.113098178
k__Bacteria|p__Firmicutes|c__Clostridia|o__Eubacteriales|f__Oscillospiraceae|g__Oscillospiraceae_unclassified|s__Eubacterium_siraeum|t__SGB4198,2.00522,0.123909575,0.051406804,0.076958072,0,0,0,0,0,0.158171366,0,0,0,0,0,0,0,0,0,0,0.158789017,0.02092686,0.153334515,0,0,0,0,0,0,0,0,0,0,0,0,0,0,0,0,0,0,0
k__Bacteria|p__Actinobacteria|c__Actinomycetia|o__Bifidobacteriales|f__Bifidobacteriaceae|g__Bifidobacterium|s__Bifidobacterium_bifidum|t__SGB17256,1.93409,4.026561612,2.197263019,0,0,0,0,0,0,2.678229998,0,0,0,0,1.457628102,0,1.731642893,0,0,0,0,0,0,0,0,0,0,0,0,0,0,0.17156904,0,0,0,0,0,0,0,0,0,0
k__Bacteria|p__Firmicutes|c__Clostridia|o__Eubacteriales|f__Clostridiaceae|g__Clostridium|s__Clostridium_sp_AF34_10BH|t__SGB4914,1.89599,0,0.081553283,0,0.452272835,1.460915882,0.178311876,0.08357293,0.016756823,0.348230679,0.065455297,0,0,0.414475842,1.027812721,0,0.409621216,0,0,0,0.284516857,0.302313292,0,0.243377119,2.566942166,1.374898115,1.069675309,0.169904524,0,0.121445741,0.372703819,0.8775157,0.182213638,0,0,0,0.026237152,0,0.061376473,0,0,0
k__Bacteria|p__Firmicutes|c__Clostridia|o__Eubacteriales|f__Lachnospiraceae|g__Waltera|s__Waltera_intestinalis|t__SGB4910,1.37172,0.275452372,0.3468589,0,0,0.151703818,0.134253054,0,0,0.140209923,0,0,0.034848707,0.043107065,0.2631673,0.017304586,0,0.519510659,0.772776426,0,0,0,0,2.05761832,0,0,0,0.096410064,0,0,0.517952409,0.311986676,0.067433971,0,0.039205151,0,0,0,0,1.307136029,3.000538912,0
k__Bacteria|p__Firmicutes|c__Clostridia|o__Eubacteriales|f__Lachnospiraceae|g__Coprococcus|s__Coprococcus_eutactus|t__SGB5117,1.29503,0.35916478,0.719172058,2.32464689,0,0,0,0,0,0,0.170424549,0.797084739,0.997773493,0,2.790667034,4.452032319,0.406555687,4.150320538,6.743093484,1.06094175,0,0,2.909456188,0,0,0,0,0.751200961,0.411746139,0.598175528,0,0,0,0,0,0,0,0,0,0,0,0
k__Bacteria|p__Firmicutes|c__Clostridia|o__Eubacteriales|f__Lachnospiraceae|g__Dorea|s__Dorea_longicatena|t__SGB4581,1.22151,1.882011816,1.572724327,0.337863717,0.06842048,1.18305452,0.224035023,1.730634178,0.230835056,1.840443575,1.112690569,0.174203599,0.754268465,0.072147975,0.501194354,0.683053257,1.689795985,0.363886924,0.441428568,0,0.413564944,1.328023607,2.080150436,1.444954674,0,0,0.866738804,0.085614268,0.650278522,1.52876635,0.595923094,0.706101343,0,0.185877706,0.024343238,0,2.360970573,3.230215888,2.789227174,0.505475251,1.019983616,0.611606736
k__Bacteria|p__Firmicutes|c__Clostridia|o__Eubacteriales|f__Oscillospiraceae|g__Faecalibacterium|s__Faecalibacterium_prausnitzii|t__SGB15323,1.17002,5.346670572,2.037187712,0,8.584128335,5.344712104,18.82290422,0,0,0,3.012271224,11.81305011,4.250588118,0,0,0.100943418,0,0,0,0,2.193746828,4.213014035,1.053843589,5.472981643,0,0,0,1.70922995,0.776740971,0,0,0,0,0,0,0,0,0,0,0,0,0
k__Bacteria|p__Firmicutes|c__Clostridia|o__Eubacteriales|f__Lachnospiraceae|g__Lachnospiraceae_unclassified|s__Eubacterium_rectale|t__SGB4933,1.10019,3.223557774,12.34030721,4.211219757,2.540392798,6.862447961,4.551403754,8.189334803,1.599281416,14.35790128,13.00198802,5.840756897,7.565500391,5.819822327,9.333941471,17.81924647,7.279464276,4.777163186,17.57559504,0.515014582,21.29322569,18.6979313,22.92444565,14.13579561,0,0,0,2.206533839,2.264896163,16.38564101,3.930861258,6.628391329,16.26131725,3.93762854,8.674324691,0.019760052,9.315308462,14.65860346,30.84285383,7.33888432,7.954813776,5.871981881
k__Bacteria|p__Firmicutes|c__Clostridia|o__Eubacteriales|f__Lachnospiraceae|g__Blautia|s__Blautia_wexlerae|t__SGB4837,1.0358,1.688646369,1.10032154,0.373829986,0.128242137,0.825001059,0.210949453,1.530334815,0.194215233,3.250323257,4.217290207,0.916996051,1.579451621,0.418195959,1.449467876,2.450854209,2.13574129,1.076967134,4.052417913,0.046103822,2.464152638,4.919795635,7.348372895,2.003554848,6.895931856,1.719087382,2.825181067,0.294173697,1.222575928,2.157966812,0.658476283,1.230605042,8.550665096,2.742156264,1.492250961,0.449909497,2.249531411,3.937788079,3.794519068,3.512847783,8.828069505,4.303685484
k__Bacteria|p__Firmicutes|c__Clostridia|o__Eubacteriales|f__Oscillospiraceae|g__Faecalibacterium|s__Faecalibacterium_prausnitzii|t__SGB15342,0.97619,0.787748151,0.659070113,0.871707064,0.046435213,0.012923218,0.095065057,0,0,0.412253436,0.01947662,0.236362712,0.151156368,0.162476519,0.047113036,0.028145104,0.089435601,0.00867931,0.041629046,0.977548188,0.029405373,0,0,0.031260541,1.439497086,1.4176712,1.386559339,0.445651723,0.548028312,0.517011341,0.082678252,0.113605946,0.135504112,0.02279495,0.075206328,0.072980053,2.690074014,1.23582487,1.419099728,0.012588596,0,0
k__Bacteria|p__Firmicutes|c__Clostridia|o__Eubacteriales|f__Lachnospiraceae|g__Roseburia|s__Roseburia_intestinalis|t__SGB4951,0.92556,0,0,0.0186164,0.372158903,0.445011388,0.068061756,2.18825773,0,0.391542445,0,0,0.157851399,0.187720167,1.476525469,0,0,0.024395464,0.27428177,0,0,0,0,0.021036618,5.765585776,2.577941461,6.610754812,0,0,0,0.043954441,1.194735812,0,0,0.141505956,0.045686576,0,0,0,0.954948493,0.29658732,0.305345952
k__Bacteria|p__Firmicutes|c__Clostridia|o__Eubacteriales|f__Oscillospiraceae|g__Agathobaculum|s__Agathobaculum_butyriciproducens|t__SGB14993,0.82376,1.09531501,0.81286698,0.150863477,0.119698436,0.015454319,0.071459118,2.267289449,1.821968786,1.603931372,0.120933155,0,0,0.57048073,0.620974819,0.347047495,0.859702553,0,0.030321219,0.347206798,0.12578082300000001,0.41773039,0,0,0.806619321,1.088233635,0.99845126,0.549880514,1.331388865,0.582547469,0.566057055,1.291773508,0.390469446,0.72042484,1.304844592,1.437380497,0.480870442,0.590213489,0.953599395,1.303919901,0.22472792,1.091394506
k__Bacteria|p__Firmicutes|c__Clostridia|o__Eubacteriales|f__Oscillospiraceae|g__Oscillospiraceae_unclassified|s__Oscillospiraceae_bacterium|t__SGB4184,0.75642,0.108027556,0.463034956,0,0,0,0,0,0,0,0,0,0,0,0,0,0,0,0,0,0,0,0,0,0,0,0,0,0,0,0,0,0,0,0,0,0,0,0,0,0,0
k__Bacteria|p__Firmicutes|c__Clostridia|o__Eubacteriales|f__Clostridiaceae|g__Clostridium|s__Clostridium_fessum|t__SGB4705,0.52084,0.224398764,0.445752636,0.46049002,0.146179973,0.022934048,0.539676664,0.605812187,0.038562044,0.285127276,0.159276204,0,0.081236883,0.37264596,0.127166084,0.454446597,0.451030191,0.036110117,0.221336258,0,0.60847047,0.560755816,0,0,0.526805555,1.261544728,0.824252681,0.19021911,0.073221514,0,0,0.119286243,0.628103238,0.064695543,0.237451052,0.04556507,1.700200854,0.96681216699999994,0.934616463,0.352644519,0.068456685,0.033399683
k__Bacteria|p__Firmicutes|c__Clostridia|o__Eubacteriales|f__Lachnospiraceae|g__Faecalicatena|s__Faecalicatena_fissicatena|t__SGB4871,0.50066,0.288858884,0.580332162,0.519067137,0.338519556,0.185338258,0.189107088,0,0,0,2.080320722,0.886252047,0.262208347,0.897533833,0.112816663,0.276940447,0.1318502,0.120882341,0.652208549,0,0.46816357,0.510035494,0.34946736900000003,0.571155312,0,0,0,0.128084523,0.345883326,0,0.289270984,0.82872186,1.711035075,0,0,0.096742237,0.057521421,0.242283387,1.485966855,0.942877237,0.121920429,0.008341604
k__Bacteria|p__Firmicutes|c__CFGB3035|o__OFGB3035|f__FGB3035|g__GGB9602|s__GGB9602_SGB15031|t__SGB15031,0.47993,0.482641887,0,0.251349822,0,0,0.254496762,0,0,0,0,0,0,0,0,0.196428849,0,0,0,0,0,0,0,0,0,0,0,0,0,0,0,0,0,0,0.073021009,1.015675778,0,0,0,0,0,0
k__Bacteria|p__Firmicutes|c__CFGB3005|o__OFGB3005|f__FGB3005|g__GGB9468|s__GGB9468_SGB14861|t__SGB14861,0.47873,1.484170964,1.053324592,1.96966063,7.740309876,0.722791625,0.948276236,5.25296917,15.86845691,1.429756445,0.222430918,0.384191936,1.144093647,3.312463775,1.790249359,1.454239172,0.840433511,3.452916224,1.378250561,2.659344717,0.222659607,0.821349857,0.454764155,0.576836153,4.300766858,10.87648536,4.861191999,0.937236504,6.33647532,6.85147065,0.629527748,0.940703636,3.797524364,3.946727688,1.62069724,1.147692973,0,0,0,4.873588814,5.807639141,0.580386017
k__Bacteria|p__Firmicutes|c__Clostridia|o__Clostridiales|f__Ruminococcaceae|g__Candidatus_Cibionibacter|s__Candidatus_Cibionibacter_quicibialis|t__SGB15286,0.47706,1.385530949,1.196175713,1.388590245,4.190689412,1.919686076,3.7929217140000002,0,0,0,0.531113084,4.356111536,7.464285337,15.69704034,6.062825771,4.724663388,1.360040728,0,0,10.81071721,0.155424618,0.1720709,0.273750687,5.486459718,0,0,0,1.97091441,2.018850758,6.989931557,8.798116743,4.117897577,15.68382211,1.344396998,3.933426777,2.342462257,0,0,0,7.683992926,0.53239812,6.4402838
k__Bacteria|p__Firmicutes|c__Clostridia|o__Eubacteriales|f__Oscillospiraceae|g__Faecalibacterium|s__Faecalibacterium_prausnitzii|t__SGB15332,0.41108,0.090848132,0.334659127,0,0,0,0,0,0,0,0,0,0,0,0,0,0,0,0,0,0,0,0,0,0,0,0,0,0,0,3.097201746,3.012499693,1.637206784,0.993142488,1.364205179,2.757279057,0.538941744,0.755356337,0.625909458,0,0,0
k__Bacteria|p__Firmicutes|c__Clostridia|o__Eubacteriales|f__Lachnospiraceae|g__Blautia|s__Blautia_massiliensis|t__SGB4826,0.40664,0.455016121,0.312020202,1.808811034,0.132171452,0.72715615199999994,0.059671417,2.442751985,0.882773974,2.037823666,2.829057412,2.308723381,2.46053911,0.692627413,0.795514698,0.815746901,3.751088706,0.188287893,1.198785229,0,0.286848094,0.31602921,0.733312627,0.609131022,0,0,0,0.994263065,3.22108873,2.143818333,0.994282724,1.59604323,7.894064725,2.826102967,2.962492012,0.280977002,3.335702383,4.243073553,0.288644356,2.948723469,3.841753134,4.491616915
k__Bacteria|p__Firmicutes|c__CFGB38642|o__OFGB38642|f__FGB38642|g__GGB9758|s__GGB9758_SGB15368|t__SGB15368,0.4,0.144034256,0.479370527,5.219801611,2.825941406,3.068814105,3.899690492,0,0,0,0,0.04092241,0.475437688,3.189751359,2.210838469,2.897654594,0,7.343799459,5.940488235,9.82333428,1.1047148470000001,0.227380004,0.532471806,0.283628348,0,0,0,0.73593956,0.407750023,0.367194661,0.471399803,0,0,0,0,0,0,0,0,0,0,0
k__Bacteria|p__Firmicutes|c__Clostridia|o__Eubacteriales|f__Clostridiaceae|g__GGB3480|s__GGB3480_SGB4648|t__SGB4648,0.39483,0,0.20328526,0.157382871,0,0,0,0,0,0,0,0,0,0,0,0,0,0,0,0,0,0,0,0,0,0,0,0,0,0,0,0,0,0,0,0,0,0,0,0,0,0
k__Bacteria|p__Firmicutes|c__Clostridia|o__Eubacteriales|f__Eubacteriales_unclassified|g__Gemmiger|s__Gemmiger_formicilis|t__SGB15300,0.39027,0.489464445,0.441575315,5.904776355,7.000008003,3.865956826,6.536234193,6.516324729,8.761208336,4.450794639,2.049918394,5.975201331,4.046899608,2.651200201,2.162575025,0.108732158,2.311011712,5.5010402,3.736619398,4.341093773,0.780319712,2.720290154,2.297510307,0.173774875,1.092438509,2.218726359,2.262983957,3.463539008,3.500930555,4.917133044,3.748106478,2.164846373,0.917943713,4.3516783,3.674697158,2.448674435,1.528618519,1.858566351,1.282360679,0.769689193,0.660371709,1.598236351
k__Bacteria|p__Firmicutes|c__Clostridia|o__Eubacteriales|f__Lachnospiraceae|g__Roseburia|s__Roseburia_inulinivorans|t__SGB4940,0.36873,0.4490585,0,0.014784328,0,0.067195868,0.032889517,0.17948437,0,0,0.110757816,0,0,0.073305154,0.617239828,1.317336757,0.687440891,0,0,0,0,0,0,0.34278389,0,0.01463177,0,0.931501727,0.303712932,0,0.383610968,3.529527055,0,0.088800153,0.142829337,0.111748333,0,0,0.137090585,0,0,0
k__Bacteria|p__Actinobacteria|c__Coriobacteriia|o__Eggerthellales|f__Eggerthellaceae|g__Adlercreutzia|s__Adlercreutzia_equolifaciens|t__SGB14797,0.32218,0.414043494,0.29549362,0.078817277,0.099980991,0.117850341,0.193489304,0.458023072,2.747010177,0.326379008,0.022898634,0.165494164,0.193974958,0,0.10898197,0,0.190168245,0.062292971,0.143529073,0.484497603,0,0,0,0,0,0,0,0.127661466,0.130296121,1.147330735,0.044125937,0,0,0.103916894,0.196713565,0.686680787,0,0,0,0,0,0
k__Bacteria|p__Firmicutes|c__Clostridia|o__Eubacteriales|f__Lachnospiraceae|g__Lacrimispora|s__Lacrimispora_celerecrescens|t__SGB4868,0.31085,0.542680393,0.42002432,0.360344665,0.055766352,0.159191659,0.017383805,0.819994872,0.023589034,0.422570625,2.417566398,0.600018876,0.982105146,0.124821053,0.154077958,0.904315528,0.60047069,0.524655445,0.893638013,0,0.814502355,1.511986678,1.437628968,1.104136005,0,0,0,0.22647669,0.70899381,1.503844682,0.448144937,0.743139287,0,3.057236738,0.822097976,0.61336659,0,0,0,1.784536986,2.345852975,3.387389812
k__Bacteria|p__Firmicutes|c__Clostridia|o__Eubacteriales|f__Lachnospiraceae|g__Dorea|s__Dorea_formicigenerans|t__SGB4575,0.30621,0.777406198,0.385326803,0.053665245,0,0.054572812,0.041264587,0.171840221,0,0.164240802,0.244950245,0.024756269,0.235938163,0.018660585,0.188191386,0.694438735,0.659015812,0.025868853,0.083093961,0,0.998219711,1.06098342,1.408355742,0.324062573,1.314453402,0.741611451,0.529725444,0.094302612,0.247409933,0.661372071,0.071942598,0.190096606,0.46867752,0.438822041,0.158727317,0.004541319,0.175323486,0.248693455,0.30080582,0.733682358,1.984229179,0.770579577
k__Bacteria|p__Actinobacteria|c__Coriobacteriia|o__Coriobacteriales|f__Coriobacteriaceae|g__Collinsella|s__Collinsella_bouchesdurhonensis|t__SGB14397,0.28626,1.199427984,1.071545356,0,0,0,0,0,0,0,0,0,0,0,0,0,0,0,0,0,0,0,0,0,0,0,0,0.120775033,0.230743206,0.123110268,0.22674352,0.239423242,0.324103914,0,0,0,0,0,0,0,0,0
k__Bacteria|p__Firmicutes|c__Clostridia|o__Eubacteriales|f__Eubacteriaceae|g__Eubacterium|s__Eubacterium_ramulus|t__SGB4959,0.26139,0.441087665,1.158471854,0.185141036,0.064341551,0.124429581,0.121465231,0,0,0,0.355262787,0.077184378,0.037883678,0.078028159,0.341525413,0.725417633,0.932229083,0.132299096,0.31881336,0,0.287068855,0.387676393,0,0.136077638,0,0,0,0.042948153,0.403599586,0.451687903,0,0.087335645,0,0,0,0,0,0,0,0.263894916,1.223053121,0.140975602
k__Bacteria|p__Bacteroidetes|c__Bacteroidia|o__Bacteroidales|f__Bacteroidaceae|g__Bacteroides|s__Bacteroides_uniformis|t__SGB1836,0.24996,0.50100687,0.969587143,0.461512988,0.404325741,1.796732971,0.636558738,0.515713763,0.546198059,3.963264878,0.055642774,0.036955442,1.117075001,1.659120549,1.174612432,0.338093378,1.474000564,2.607335636,3.558899047,0.048477453,2.977890121,0.234322007,0.21381954,0.032764294,0.454174438,1.723713351,2.656286407,0.895917905,0.607271542,0.191642545,2.386847904,0.629773959,0.389425476,0.516117721,0.403718156,0.114041775,0.003584042,0.238328442,0.072633988,0.259454418,0.038488297,0.03479688
k__Bacteria|p__Firmicutes|c__Clostridia|o__Eubacteriales|f__Lachnospiraceae|g__Coprococcus|s__Coprococcus_eutactus|t__SGB5121,0.24436,0.012235865,2.611523798,0,0,0,0,0,0,0,0,0,0,1.114303481,0,0,0,0,0,0,0,0,0,0,0,0,0,0,0,0,0,0,0,0,0,0,0,0,0,0,0,0
k__Bacteria|p__Firmicutes|c__Clostridia|o__Eubacteriales|f__Lachnospiraceae|g__Coprococcus|s__Coprococcus_comes|t__SGB4577,0.24141,0.445524192,0.739186662,0.575062477,0.202269175,0.568410681,0.295623927,1.52036679,0.281201949,1.032629779,1.227925864,0.168693092,0.318811792,0.409684263,0.426149415,0.649659765,2.001790635,0.739311372,0.369616519,0,1.296379601,1.169324046,2.037606582,1.097516313,1.445113349,0.605787845,0.572704529,0.152637517,0.766433916,1.622497716,0.322532645,0.708103626,0,1.251530904,0.577777534,0.162667298,0.354024809,0.581376956,0.439043081,0.159530279,2.183747264,0.127003623
k__Bacteria|p__Bacteroidetes|c__Bacteroidia|o__Bacteroidales|f__Rikenellaceae|g__Alistipes|s__Alistipes_shahii|t__SGB2295,0.22222,0.120188858,0.428719461,1.362894254,0.080247797,0.282412477,0.377893527,0,1.488505935,0.126019531,0,0,0.40740992,0.107454795,0,0,0,0.449391816,0.42069611,0.271393031,0.255694293,0.201082756,0,0,0,0.18891089,0.34984866,2.127617979,0.110096242,0,0.771835181,0,0.034866985,0.401817697,0.200796891,0.132860149,0,0,0,0.149700827,0.08968648,0
k__Bacteria|p__Firmicutes|c__Clostridia|o__Eubacteriales|f__Lachnospiraceae|g__Blautia|s__Blautia_SGB4815|t__SGB4815,0.19728,0.159483807,0.053931468,0.137264493,0.063900586,0.419554351,0.041333297,0.162491452,0,0.118979667,0.239475022,0.107794162,0.214257448,0,0.103805135,0.19136491,0.032123179,0.131622786,0.205562313,0,0.108243564,0.222757605,1.694321694,0,0,0,0,0,0,0.124423395,0,0.061220027,0,0.200395256,0.404284075,0.052361859,0,0,0,0,0,0.084222755
k__Bacteria|p__Firmicutes|c__CFGB1325|o__OFGB1325|f__FGB1325|g__GGB3175|s__GGB3175_SGB4191|t__SGB4191,0.18529,0,0,0,0.310793867,0.486125556,0,0,0,0,0,0,0,0,0,0,0,0.029371172,0.03528837,0,0,0,0,0,0,0,0,0,0,0,0,0,0,0,0,0.055915935,0,0,0,0,0,0
k__Bacteria|p__Bacteroidetes|c__Bacteroidia|o__Bacteroidales|f__Bacteroidaceae|g__Phocaeicola|s__Phocaeicola_vulgatus|t__SGB1814,0.18253,0.081229445,0.064694508,1.684804536,0.040064841,0.738635345,0.159317187,0,0,0,0,0,0,0,0.317244138,0.134278221,1.763368688,0,0,0,1.290648644,0.304405978,0.043509398,0.272346228,0.69046437,1.959689198,2.460762607,0.292238601,0.154995691,0.125255659,4.223382092,1.257270643,0.490649837,0.781730672,0.286268125,0.053523768,0.046533632,7.849735272,2.177688833,1.176550899,1.578851188,0.604853613
k__Bacteria|p__Firmicutes|c__Clostridia|o__Eubacteriales|f__Lachnospiraceae|g__Anaerobutyricum|s__Anaerobutyricum_hallii|t__SGB4532,0.17668,0.195706741,0.102456502,0.134439152,0,0.606474548,0.009688207,0.255193415,0,0.67777635,0.196349398,0.016002094,0.107515292,0,0.185077615,0.177480998,0.280341844,0.965633645,0.668258926,0,0.763356432,0.373464618,1.301150321,0,1.218853092,0.349988862,0.174627639,0.12048516,0.533570819,0.212014506,0.00610526,0,0,0.867945743,0.317628764,0.204906118,0,0,0.310339135,0.19893431,0.374289944,0.361766133
k__Bacteria|p__Firmicutes|c__Clostridia|o__Eubacteriales|f__Clostridiaceae|g__Clostridiaceae_unclassified|s__Clostridiaceae_bacterium|t__SGB4269,0.14907,0.251592062,0.114116462,0.084557266,0.03950576,0.150470718,0.051639901,0.736262134,0,1.351373046,0.614305133,0.062927154,0.097110852,0.128824036,0.23096355,0.580592334,0.499502859,0,0.07578577,0,0.52898765699999994,0.249038044,0,0.204804682,1.840569085,0.288223602,0.986957915,0.184821212,0.46846337,0.303942635,0.075475417,0.571621808,0.89553097,0.95649765899999994,0.743705087,0.016236353,0.439825795,0.080550963,0.10084892,0.428417522,1.507910258,2.099988404
k__Bacteria|p__Firmicutes|c__Clostridia|o__Eubacteriales|f__Lachnospiraceae|g__Coprococcus|s__Coprococcus_catus|t__SGB4670,0.1477,0.439797717,0.366167595,0.26148208,0.005685302,0.400733343,0.036431935,0,0,0,0.291143313,0,0.17974596,0.284271763,0.109074003,0.258403413,0.13844352,0.470848553,0.296266813,0,0.011585541,0.278520544,0.756515643,0.908003756,0,0,0,0.091732931,0.343454792,0.181479682,0.228852921,0.229248549,0.005464533,0,0,0,0,0,0.160132918,0,0,0
k__Bacteria|p__Firmicutes|c__Clostridia|o__Eubacteriales|f__Lachnospiraceae|g__Lacrimispora|s__Lacrimispora_amygdalina|t__SGB4716,0.12186,0,0,0,0,0,0,0,0,0,0,0,0,0,0,0,0.058707319,0,0,0,0.054316052,0.077420979,0,0,0.038862777,0.810469864,0.295084103,0.032935796,0,0,0,0.109274827,0,0,0.034225061,0,0.137911978,0.241414063,0.14954499499999999,0,0,0
k__Bacteria|p__Firmicutes|c__Clostridia|o__Eubacteriales|f__Oscillospiraceae|g__Oscillibacter|s__Oscillibacter_sp_ER4|t__SGB15254,0.10411,0.479070297,1.229112609,2.287064981,0.550765569,0.387761449,1.123916029,0,0,0,0,0,0.866899616,0,1.48924898,0.648787829,1.618299407,0.271393496,0.691030075,1.005224723,1.798964236,2.963840149,0.070462322,0.521642879,0,0,0,2.231274858,1.375402995,0.123517153,0.888495377,0.265727917,0.169751239,1.609736033,1.785336238,1.953085955,0,0,0,0.036463817,0.092039515,0
k__Bacteria|p__Proteobacteria|c__Betaproteobacteria|o__Burkholderiales|f__Sutterellaceae|g__Sutterella|s__Sutterella_wadsworthensis|t__SGB9286,0.1035,0.183202447,0,0,0,0,0,0,0,0,0,0,0,0,0,0,0,0,0,0,0.382322838,0.157674228,0,0,0,0,0,0,0,0,0,0,0,0,0,0,0,0,0,0,0,0
k__Bacteria|p__Firmicutes|c__Clostridia|o__Eubacteriales|f__Oscillospiraceae|g__GGB13489|s__GGB13489_SGB15224|t__SGB15224,0.09685,0.016642567,0.26139405,0,0,0.046768584,0.181923004,0,0,0,0,0,0.061061316,0,0.075113963,0.006640132,0.021215409,0.619854113,0.060435113,0.455705461,0,0.019683015,0.132631437,0.030011393,0,0,0,0,0,0,0,0,0,0,0,0,0,0,0,0,0,0
k__Bacteria|p__Firmicutes|c__Clostridia|o__Eubacteriales|f__Lachnospiraceae|g__Roseburia|s__Roseburia_hominis|t__SGB4936,0.09599,0.185223117,0.307386115,0,0,0.111985,0.148094441,0,0,0.18799928,0,0,0,0.076236674,0.035785354,0.027574992,0.043671628,0,0,0,0.235198836,0.201839149,0.710970367,0,0,0,0.156150649,0.333494525,2.912599952,0.736100087,0.093499653,0.905891406,0,0,0.04585688,0,0.178524576,0,1.439095418,0.535084319,1.018549052,0.211617261
k__Bacteria|p__Firmicutes|c__Clostridia|o__Eubacteriales|f__Lachnospiraceae|g__Mediterraneibacter|s__Ruminococcus_torques|t__SGB4563,0.08901,0.163361107,0.684050996,0.449919347,0.031119546,0.142139176,0.025804681,0,0,0.270809196,3.402298376,0.541409155,0.350271859,0.698533313,0.293959883,1.117118338,0.445620911,0.408136913,0.384206986,0,1.69187746,1.25945242,3.495407205,0.618925302,1.781346245,1.032028105,0.468351529,0.040206115,0.08728102,0.029942992,0.329375338,0.758856781,0,1.633780725,0.450402149,0.415371175,0,0,0,0,1.411925693,0.062499655
k__Bacteria|p__Bacteroidetes|c__Bacteroidia|o__Bacteroidales|f__Bacteroidaceae|g__Bacteroides|s__Bacteroides_caccae|t__SGB1877,0.07863,0.040204623,0.044289578,0.345641524,0,0.004129264,0,0,0,0.063716306,0.092608773,0,0.341964756,0,0,0.016918922,0.061521443,0.272955449,0.277832203,0,0,0,0,0.081791388,0,0,0,0.078829682,0.011411672,0,0,0,0,0.414255197,0.222354065,0.004002132,0,0,0,0,0,0
k__Bacteria|p__Bacteria_unclassified|c__CFGB2989|o__OFGB2989|f__FGB2989|g__GGB9365|s__GGB9365_SGB14341|t__SGB14341,0.07248,0,0,0,0.853015734,0.963862783,0.111952618,0,0.016949668,0,0,0,0,0,0.012892237,0.049951901,0,0.213883001,0.079949538,0.058248899,0,0,0.11806593,0,0,0,0,0,0,0.268081325,0,0,0,0.191698422,0.173815598,0.686187166,0,0,0,0,0,0
k__Bacteria|p__Actinobacteria|c__CFGB12107|o__OFGB12107|f__FGB12107|g__GGB34797|s__GGB34797_SGB14322|t__SGB14322,0.06887,0,0.092092093,0.33062987,0,0,0,1.769021394,1.154939773,1.258322553,0.175545202,0.097787261,0,0,0.6013642,0.410539564,0.489625043,0,0,0,0,0,0,0.062361955,0,0,0,0.214153186,0.498880959,0.454961472,0.032421331,0.504927728,0,0,0,0,0,0,0.165908149,1.233484119,0.034770678,0.270740355
k__Bacteria|p__Bacteroidetes|c__Bacteroidia|o__Bacteroidales|f__Rikenellaceae|g__Alistipes|s__Alistipes_communis|t__SGB2290,0.02479,0,0.059877716,0,0,0,0.0417761,0,1.099159456,0,0,0,0.360042986,0.207906513,0.068065798,0,0,0.399546168,0.211937544,0.329721052,0,0,0,0,0,0,0.005860784,0.109791211,0,0,0.304508409,0,0,0.009236106,0.170576798,0,0,0,0,0,0,0
k__Bacteria|p__Firmicutes|c__Firmicutes_unclassified|o__Firmicutes_unclassified|f__Firmicutes_unclassified|g__Firmicutes_unclassified|s__Firmicutes_bacterium_AF16_15|t__SGB4993,0.02453,0.220603483,0.055833271,1.914111825,0.29731293,0.04374262,0.119510794,1.56642479,0.126271928,0.157890453,1.334239184,1.719524187,0.621387723,1.694855955,0.339876496,2.558152702,0.994366876,0.067220372,0.208732651,0.638981406,0.207903938,0.626217389,0.16848384,1.410583195,0.905757435,0.962758495,0.807537578,0.071857071,0.871405058,0.172685431,2.013115109,2.957638849,3.331261026,0.095588135,0,0.149544558,0,0,0,0.80552358,1.09738883,1.313000069
k__Bacteria|p__Actinobacteria|c__Actinomycetia|o__Bifidobacteriales|f__Bifidobacteriaceae|g__Bifidobacterium|s__Bifidobacterium_catenulatum|t__SGB17241,0.02291,0.064020196,0.126166748,0,0,0,0,0,0,0,2.44815838,9.170743469,7.190241426,0,0,0,0,0,0,0,0,0,0,0.069689764,0,0,0.945421203,0,0,0,0,0,0,2.728075268,2.328348911,6.246826753,0,0,0,0,0,0
k__Bacteria|p__Actinobacteria|c__Actinomycetia|o__Bifidobacteriales|f__Bifidobacteriaceae|g__Bifidobacterium|s__Bifidobacterium_animalis|t__SGB17278,0.02131,0.606976474,0,0,0,0,0,0,0.161872429,0,0,0,1.727178224,1.52179339,0,0,0,0.366455291,0,0,0,0,0,0,0,0.609214489,0,0,0,0,0.023426362,0,0,0,1.961354567,0,19.93319531,0,0,0.309308708,0,0
k__Bacteria|p__Firmicutes|c__Clostridia|o__Eubacteriales|f__Lachnospiraceae|g__Anaerostipes|s__Anaerostipes_hadrus|t__SGB4547,0.0188,0.02861746,0,0,0,0,0,0,0,0,0,0,0,0,0,0,0.213751735,0,0,0,0.914939807,0.126695752,0,0.453257959,0,0,0,0,0,0,0,0,0,0,0,0,0,0,0,0,0,0
k__Bacteria|p__Firmicutes|c__Clostridia|o__Eubacteriales|f__Lachnospiraceae|g__Blautia|s__Blautia_obeum|t__SGB4811,0.0188,0.067427746,0.151031364,0.028042323,0,0,0,0.880229174,0.066634717,1.717616244,0.082276764,0.037991924,0.139748495,0.351199574,0.084823406,0.126422409,0.203654952,0.021802943,0.041983226,0,0.070007748,0.214277604,2.257189452,0.128017844,2.930044683,0.903160587,0.52915032,0.127003377,0.709123765,1.225517269,0,0.059458362,0.057924052,0.095177261,0.004492529,0,0,0,0,0.051984005,0.176731263,0.724921147
k__Bacteria|p__Bacteroidetes|c__Bacteroidia|o__Bacteroidales|f__Tannerellaceae|g__Parabacteroides|s__Parabacteroides_merdae|t__SGB1949,0.01359,0.298887671,0.179732805,0,0,0,0,0.122559426,0.051641044999999997,0.205994774,0.036594937,0,0.263779294,0,0,0,0.065657474,0,0,0,0.196751089,0.060881196,0,0.184452311,0.097988327,0.263080601,0.181857766,0.278544079,0.13913306,0.192419324,0.757386637,0.327360431,0.074252404,0.622645377,0.280574106,0.11912228,0,0.540279916,0.030926779,0,0,0
k__Bacteria|p__Bacteroidetes|c__Bacteroidia|o__Bacteroidales|f__Bacteroidaceae|g__Bacteroides|s__Bacteroides_stercoris|t__SGB1830,0.0134,0.211476915,0.275636807,0,0,0,0,0.391596209,1.289641768,3.373286789,0,0,0,0,0,0,0.127722278,0,0,0,0.308164782,0.262005974,0,0,3.272663316,6.211991768,8.172507785,0.267560257,0,0,2.778930778,0.759613009,0.230684863,0.308788965,0.502153297,0.009128202,0,0,0,0,0,0
k__Bacteria|p__Firmicutes|c__Clostridia|o__Eubacteriales|f__Clostridiaceae|g__Clostridiaceae_unclassified|s__Clostridiaceae_bacterium_Marseille_Q4143|t__SGB4768,0.00392,0,0.007906184,0.005309693,0,0,0,0.030450084,0,0,0.108110909,0,0,0,0,0,0,0,0,0,0.143335743,0.217118278,0,0,0,0,0,0.051252612,0,0,0.001877882,0.141784002,0,0,0,0,0,0,0,0,0,0
k__Bacteria|p__Firmicutes|c__Clostridia|o__Eubacteriales|f__Lachnospiraceae|g__Blautia|s__Blautia_luti|t__SGB4832,0.00366,0.027402075,0.09962456,0,0.058695621,0.309370327,0.049777078,0,0,0,0,0,0,0,0,0.073058218,0.166803721,0,0,0,0,0,0,0.517505571,0,0,0,0.256787964,0.712397007,0.373834275,0,0,0,0,0,0,0,0,0,0,0,0
k__Bacteria|p__Firmicutes|c__Clostridia|o__Eubacteriales|f__Lachnospiraceae|g__Anaerotignum|s__Anaerotignum_faecicola|t__SGB5190,0,0.254060112,0,0,0,0,0.012665671,0,0.067536954,0.182406546,0,0,0,0,0,0.614354721,0,0,0,0,0.450997189,0.982545513,0,0,0.44168599,1.288760848,0.36138765,0,0,0,0,0,0,0.773316314,0.113566953,0.016395831,0,0,0,0.122687079,0.557686681,0
k__Bacteria|p__Firmicutes|c__Erysipelotrichia|o__Erysipelotrichales|f__Erysipelotrichaceae|g__Holdemanella|s__Holdemanella_porci|t__SGB6796,0,0.207882955,0,0,0,0,0,0,0,0,0.478842849,0.070965484,0.003618936,0,0,0,0,0,0,0,0,0,0,0.572746584,0.5613699,0.040348734,0.064925076,0,0.004873312,0,0,0,0,0,0,0,0,0,0,0,0,0
k__Bacteria|p__Bacteroidetes|c__Bacteroidia|o__Bacteroidales|f__Tannerellaceae|g__Parabacteroides|s__Parabacteroides_distasonis|t__SGB1934,0,0.150625666,0.07608041,0.339316982,0.066467634,0.080224549,0.026682651,0.035750383,0.039250775,0.040877181,0.038359541,0,0.159233174,0.014314734,0,0.088870451,0.173502471,0.312495424,0.132618618,0,0.447173608,0.123855077,0,0,0.193659393,0.299445862,0.599826633,0.143447772,0.263028898,0.303618976,0.514728283,0.095327591,0.015015232,0.048029464,0.047310857,0.052771945,0,2.468430377,0.169808522,0.296806335,0.7024989,0.036102595
k__Bacteria|p__Firmicutes|c__Firmicutes_unclassified|o__Firmicutes_unclassified|f__Firmicutes_unclassified|g__GGB9512|s__GGB9512_SGB14909|t__SGB14909,0,0.138680598,0,0,0,0,0,0,0,0,0,0,0,0,0,0,0,1.902693197,0.853468877,0.175522084,0.211745181,0.157262415,0,0,0,0,0,0,0,0.117987224,0,0,0,0,0,0,0,0,0,0,0,0
k__Bacteria|p__Firmicutes|c__Clostridia|o__Eubacteriales|f__Lachnospiraceae|g__Dorea|s__Dorea_sp_AF36_15AT|t__SGB4552,0,0.122783667,0.066031584,0,0,0,0,0.112571425,0.005110383,0.154247089,0.038186379,0.003377888,0,0,0.095054366,0.33824429,0.182707168,0.210726889,0.161462649,0,0.221882528,0.22242143,1.291689478,0.096614088,0.952456448,0.317307244,0.256970747,0,0.012037081,0.20066798,0,0.038911325,0.473147019,0.842736908,0.452152146,0.087257108,0,0,0,0.070565118,0.578680298,0.531342708
k__Bacteria|p__Firmicutes|c__Clostridia|o__Eubacteriales|f__Oscillospiraceae|g__Oscillospiraceae_unclassified|s__Ruminococcaceae_bacterium_AM28_23LB|t__SGB14974,0,0.084271634,0,0,0,0,0,0,0,0,0,0,0,0,0,0,0,0,0,0,0,0,0,0,0,0,0,0,0.129402681,0.518934794,0,0,0,0,0,0,0,0,0,0,0,0
k__Bacteria|p__Firmicutes|c__Clostridia|o__Eubacteriales|f__Lachnospiraceae|g__Blautia|s__Blautia_faecis|t__SGB4820,0,0.061992069,0.05700425,0.066476706,0,0.036506266,0,0.53855965,0.039402296,0.388537521,0.126325919,0.006852714,0.285764329,0.010157461,0.050602607,0.725006817,0.064530203,0.308405359,0.325862396,0,0.169791748,0.263417906,0.612829092,0.570168723,0,0,0,0,0.130003722,0.245887631,0.057133913,0.111431793,0.153936717,0.057719244,0.037324558,0,0,0,0.028407439,0.220921242,0.761490963,0.08530392
k__Bacteria|p__Firmicutes|c__Clostridia|o__Eubacteriales|f__Lachnospiraceae|g__Anaerobutyricum|s__Anaerobutyricum_soehngenii|t__SGB4537,0,0.059456911,0.005647274,0,0,0,0,0,0,0,0,0,0,0.006300197,0,0.016960842,0,0.152918496,0.211462425,0,0.121674667,0.065511999,0.421074872,0.216659659,0,0,0,0,0,0,0.235952858,0.211958446,0,0,0,0,0.027700227,0.158551273,0,0,0.126460299,0.034613914
k__Bacteria|p__Firmicutes|c__Bacilli|o__Lactobacillales|f__Streptococcaceae|g__Streptococcus|s__Streptococcus_thermophilus|t__SGB8002,0,0.054423877,0,0,0,0.640571401,0,0.727452717,0,0,0.67092916,0,0,0,0,0.100574522,0.011726866,0,0,0,0,0,0,0,0,0.743778803,0,0,0,0,0,0,0.092211959,0,0.17292754,0,0.649575724,0,0.128159902,0.548767951,2.481882864,7.51141062
k__Bacteria|p__Firmicutes|c__Clostridia|o__Eubacteriales|f__Oscillospiraceae|g__Ruminococcus|s__Ruminococcus_sp_AF46_10NS|t__SGB4824,0,0.046922792,0,0,0,0,0,0,0,0,0,0,0,0,0,0,0,0,0,0,0,0,0,0,0,0,0,0,0,0,0,0,0,0,0,0,0,0,0,0.220378035,0.75518413,0.542794741
k__Bacteria|p__Firmicutes|c__Clostridia|o__Eubacteriales|f__Lachnospiraceae|g__Blautia|s__Blautia_glucerasea|t__SGB4816,0,0.040726567,0,0,0.108524692,0.064891917,0.048097483,0,0,0,0.008245817,0.06153275,0,0,0.633038763,2.077916906,0.44023596,0,0,0,0,0.043980024,0,0.007781321,0,0,0,0.044499363,0.217528408,0,0.727031834,1.617518363,0,0,0.012354455,0,0,0,0,0.732716658,0.610030765,0
k__Bacteria|p__Firmicutes|c__Clostridia|o__Eubacteriales|f__Lachnospiraceae|g__Blautia|s__Blautia_obeum|t__SGB4809,0,0.038817743,0,0,0,0,0,0.169542981,0,0.04527816,0,0,0,0,0,0.026535375,0,0,0,0,0,0,0,0,0,0,0,0,0,0,0.005522173,0.032981817,0,0.074693478,0.020425335,0,0.011576947,0,0,1.278328837,0.850057783,1.241127545
k__Bacteria|p__Firmicutes|c__Clostridia|o__Eubacteriales|f__Eubacteriaceae|g__Eubacteriaceae_unclassified|s__Eubacteriaceae_bacterium|t__SGB3958,0,0.024471731,0,0,0,0.103215384,0.025873392,0,0,0,0,0,0.025283201,0,0,0,0,0.016778926,0.014486804,0,0.017978781,0.117425741,0.175354927,0,0,0,0,0,0.005043878,0,0,0,0,0.022452555,0.057105615,0,0,0,0,0,0,0
k__Bacteria|p__Firmicutes|c__Clostridia|o__Eubacteriales|f__Lachnospiraceae|g__Dorea|s__Dorea_sp_AF24_7LB|t__SGB4571,0,0.023233977,0,0.023033026,0,0,0,0.073398487,0,0.075046486,0,0,0.063257352,0,0,0,0.118136416,0.233157833,0.178877913,0,0.079076613,0.10657571,0.27238096,0,0.17049562100000001,0.014417605,0.033694946,0.020784649999999998,0.059738684,0,0,0.015442503,0.487599486,0.569479988,0.406956956,0.204617539,0,0,0,0,0,0
k__Bacteria|p__Bacteroidetes|c__Bacteroidia|o__Bacteroidales|f__Barnesiellaceae|g__Barnesiella|s__Barnesiella_intestinihominis|t__SGB1965,0,0.018722887,0.003753776,0.415714857,0.057734947,0.281301064,0.130939672,0,0.00189401,0.016488775,0,0,0.088302033,0.024575056,0.10523931,0,0.094496157,0.865491474,0.546654426,0,0.226191784,0.311869051,0,0.004829511,0,0,0,1.708853899,0.787998322,0.11972573,0.608510905,0.02767104,0,0.063411561,0.05869019,0,0,0,0,0,0.09146219,0
k__Bacteria|p__Firmicutes|c__Clostridia|o__Eubacteriales|f__Eubacteriaceae|g__Eubacterium|s__Eubacterium_ventriosum|t__SGB5045,0,0.016985559,0,0,0,0,0,0,0,0,0.142248592,0,0,0,0,0.053883999,0.011710646,0,0,0,0,0,0,0,0.094167499,0.021433659,0,0,0.014944824,0,0,0.179672702,0,0,0,0,0,0.059983337,0.028876153,0,0,0
k__Bacteria|p__Firmicutes|c__Clostridia|o__Eubacteriales|f__Oscillospiraceae|g__Ruminococcus|s__Ruminococcus_sp_AF41_9|t__SGB25497,0,0.008462954,0,0,0,0.00508654,0.018742749,0,0,0,0,0,0,0,0.524777715,3.600267733,0.204457829,0,0,0,0,0,0,1.015836314,0,0,0,0.165493759,0.232757508,0,0,0.038765236,0,0,0,0,0,0,0,0.78035501,0.600452428,1.646971944
k__Bacteria|p__Bacteroidetes|c__Bacteroidia|o__Bacteroidales|f__Odoribacteraceae|g__Odoribacter|s__Odoribacter_splanchnicus|t__SGB1790,0,0.008023029,0,0.113249093,0,0,0,0,0,0,0,0,0.04056498,0,0,0,0,0.309339311,0.151718394,0,0.354921975,0.158380195,0,0,0,0,0,0.240124206,0.101722268,0,0.302450457,0,0,0.131017461,0.140757201,0.064429008,0,0,0,0,0.01723226,0
k__Bacteria|p__Firmicutes|c__Clostridia|o__Eubacteriales|f__Oscillospiraceae|g__Vescimonas|s__Vescimonas_coprocola|t__SGB15089,0,0.007985748,0.195080103,0.499176085,0.413082051,1.284468928,0.958521763,0.245857964,1.938997944,0.279849506,0,0,0.560515578,0.002742943,0.153817199,0.053129439,0.032585441,1.822051294,0.768111623,0.777126717,0.333578796,0.433606229,0.446074251,0,0,0,0,0.904574912,1.681861226,0,0,0,0,0.16632695,0.133417663,0.269076924,0,0,0,0,0.008073795,0
k__Bacteria|p__Firmicutes|c__Clostridia|o__Eubacteriales|f__Lachnospiraceae|g__Blautia|s__Blautia_glucerasea|t__SGB4804,0,0.007963379,0.00739959,0.080644006,0,0.038761542,0,0.050739043,0,0.239738453,0,0,0,0.064339159,0,0,0,0.07871764,0.086385238,0,0,0,0.618540028,0.032199392,0.420980992,0,0.011849374,0,0,0,0.049510913,0.186195161,0,0.058532432,0,0,0,0.008100951,0,0,0,0
k__Bacteria|p__Firmicutes|c__Clostridia|o__Eubacteriales|f__Oscillospiraceae|g__GGB9635|s__GGB9635_SGB15106|t__SGB15106,0,0.007575649,1.681683499,0.061069587,0,0.474581463,0.144719983,0,0,0,0,0,0,0.28764044,0.02871418,0.146887764,0,0,0,0,0,0,0,0,0,0,0,2.402378044,1.087154707,1.819263305,0,0,0,0,0,0,0,0,0,0,0,0
k__Bacteria|p__Firmicutes|c__Clostridia|o__Eubacteriales|f__Lachnospiraceae|g__Lachnospiraceae_unclassified|s__Lachnospiraceae_bacterium_Marseille_Q4251|t__SGB4780,0,0.004727324,0,0.013655816,0.006992449,0.019867521,0.01881146,0.152037345,0,0.007993268,0.056079803,0.041548774,0,0.020854939,0.06254384,0.085961201,0.044490724,0,0,0,0,0.013262083,0,0.048891837,0,0,0,0,0,0,0,0,0,0.070807294,0.075850605,0,0.013148034,0,0,0.054829372,0,0.012857547
k__Bacteria|p__Bacteroidetes|c__Bacteroidia|o__Bacteroidales|f__Rikenellaceae|g__Alistipes|s__Alistipes_ihumii|t__SGB2328,0,0.004503634,0.255373059,0.403975077,0,0,0,0,0.730757285,0.092641891,0,0,0,0.154830565,0.096296807,0,0,0.596416755,0.374125829,0,0,0,0,0,0,0,0.024684674,0.244292104,0.029556638,0,0.320226023,0,0,0,0.009533564,0,0,0,0,0,0,0
k__Bacteria|p__Firmicutes|c__CFGB1354|o__OFGB1354|f__FGB1354|g__GGB3304|s__GGB3304_SGB4367|t__SGB4367,0,0,0.424002326,0,0,0,0,0,0.398678783,0.723812125,0,0,0,0,0,0,0,0,0,0,0,0,0,0,0,0,0,0.387779048,0.894845689,0.041113817,0,0,0,0,0,0,0,0,0,0,0,0
k__Bacteria|p__Bacteroidetes|c__Bacteroidia|o__Bacteroidales|f__Rikenellaceae|g__Alistipes|s__Alistipes_indistinctus|t__SGB2325,0,0,0.369082585,0,0,0,0,0,0,0,0,0,0,0,0,0,0,0.13688029,0.060141403,0,0.090697475,0.089884648,0,0,0,0,0,1.142834531,0.790451222,0.078029328,0,0,0,0,0,0,0,0,0,0,0,0
k__Bacteria|p__Firmicutes|c__Clostridia|o__Eubacteriales|f__Oscillospiraceae|g__Dysosmobacter|s__Dysosmobacter_sp_BX15|t__SGB15053,0,0,0.150956621,0.214734049,0.132549423,0.8339816,1.989449324,0.081741797,0,0,0,0,0,0.260211009,0.112548235,0,0.124235035,0.165124279,0.161687251,0,0.111139949,0.517078349,0,0.018108677,0,0,0,0.23100497,0.840776292,0.21189429,0.459369354,0.201044713,0,0,0,0,0,0,0,0,0,0
k__Bacteria|p__Firmicutes|c__Clostridia|o__Eubacteriales|f__Oscillospiraceae|g__GGB9634|s__GGB9634_SGB15093|t__SGB15093,0,0,0.134164285,0.419684949,0.135077098,0.112252713,0.879779312,0.302263532,1.718266571,0.495803943,0,0,0,0,0,0.057841249,0,0,0,0,0,0,0,0,0,0,0,0,0,0,0,0,0,0,0,0,0,0,0,0,0,0
k__Bacteria|p__Firmicutes|c__Clostridia|o__Eubacteriales|f__Clostridiaceae|g__Clostridiaceae_unclassified|s__Clostridiaceae_unclassified_SGB15090|t__SGB15090,0,0,0.133807178,0,0.175362422,0.210762845,0.399178572,0,0,0,0,0,0,0,0,0,0,0,0,0,0,0,0,0,0,0,0,0,0,0,0,0,0,0,0,0,0,0,0,0,0,0.096739319
k__Bacteria|p__Firmicutes|c__Clostridia|o__Eubacteriales|f__Oscillospiraceae|g__Oscillospiraceae_unclassified|s__Oscillospiraceae_unclassified_SGB15256|t__SGB15256,0,0,0.090763322,0.067970564,0,0,0,0.169443101,3.837457187,1.092523958,0,0,0,0,0,0,0,1.893401987,0.67485012,0,0,0,0,0,0,0,0,0,0,0,0,0,0,0,0,0,0,0,0,0,0,0
k__Bacteria|p__Firmicutes|c__Clostridia|o__Eubacteriales|f__Lachnospiraceae|g__Mediterraneibacter|s__Ruminococcus_lactaris|t__SGB4557,0,0,0.07182004,0,0,0.11746094,0,0,0,0,0.360960647,0.021095025,0.042736342,0,0,1.123557254,0.179114498,0,0,0,0,0,0,0.869407451,0,0,0,0.071786561,0.187403217,0,0,0,0,2.047137135,0.137379098,0,0,0,0,0,1.148770707,1.171317551
k__Bacteria|p__Proteobacteria|c__Deltaproteobacteria|o__Desulfovibrionales|f__Desulfovibrionaceae|g__Bilophila|s__Bilophila_wadsworthia|t__SGB15452,0,0,0.060832769,0.09147448,0.026300426,0,0.071382773,0,0.354248751,0.131288789,0,0,0,0.013251844,0.002231791,0,0,0.082155549,0.217682162,0.02517631,0,0,0,0,0,0,0.090467871,0.178185479,0,0.127863418,0,0,0,0.006068952,0.073935186,0.059788965,0,0.023958944,0,0,0,0.076945683
k__Bacteria|p__Firmicutes|c__Clostridia|o__Eubacteriales|f__Lachnospiraceae|g__Roseburia|s__Roseburia_sp_AF02_12|t__SGB4938,0,0,0.060459053,0,0,0.287661267,0.297127928,0,0,0,0,0.054396681,0.046799419,0,0,0.747157357,0,0,0,0,0,0,0,0,0,0,0,0.346977519,0.631508148,0,0,0,0,0,0.065751122,0,0,0,0,0,0,0
k__Bacteria|p__Bacteroidetes|c__Bacteroidia|o__Bacteroidales|f__Rikenellaceae|g__Alistipes|s__Alistipes_putredinis|t__SGB2318,0,0,0.029299387,5.526188754,1.277562881,2.332141986,2.238014063,0.596516688,4.858459458,1.888692609,0,0,1.231219526,2.02106046,2.63892057,0.978949939,1.086162448,5.128981199,3.163531088,2.520297426,2.484021134,1.748023175,0.089144493,0.77190225,0.676649245,4.064728072,2.281816976,6.22262489,1.455195358,0.481852831,6.944432949,0.860414653,0.640679821,2.359837964,2.829553204,2.637450518,0,0,0,1.756100554,0.962854736,0.569258334
k__Bacteria|p__Verrucomicrobia|c__Verrucomicrobiae|o__Verrucomicrobiales|f__Akkermansiaceae|g__Akkermansia|s__Akkermansia_muciniphila|t__SGB9228,0,0,0.01033119,0,0,0,0,0,0,0,0,0,0.131498966,0,0,0.13306254,0,0,0,0,0,0,0,0,0,0,0,0,0,0,0,0,0,0,0,0,0,0,0,0,0,0
k__Bacteria|p__Bacteroidetes|c__Bacteroidia|o__Bacteroidales|f__Rikenellaceae|g__Alistipes|s__Alistipes_onderdonkii|t__SGB2303,0,0,0,4.088950681,0.044608357,0.233258817,0.438679584,0,0,0,0,0.005950453,0.788533207,0.576326627,0.212748759,0.072345578,0,0.116293095,0.093261503,0.120580444,1.378281955,0.721648915,0.49557901,0,0,0,0,0.688870515,0.368787893,0.296378284,1.25099518,0.055135836,0,0,0.019667874,2.310057899,0,0,0,0,0,0
k__Bacteria|p__Firmicutes|c__CFGB4806|o__OFGB4806|f__FGB4806|g__GGB51647|s__GGB51647_SGB4348|t__SGB4348,0,0,0,2.06161412,0.80602144,3.766229819,0.093332021,0,0,0,0,0.046596965,0,0.853218159,0.804656606,0.39338589,0,0,0,0,0,0,0,0,0,0,0,0,0,0,0,0,0,0,0,0.587280588,0,0,0,1.747254047,1.535866758,0.294293119
k__Bacteria|p__Firmicutes|c__Clostridia|o__Eubacteriales|f__Eubacteriales_unclassified|g__Evtepia|s__Evtepia_gabavorous|t__SGB15120,0,0,0,1.636992943,0.209474232,0.27189056,0.483654548,0,0,0,0,0,0,0,0.016113379,0,0,0.752950288,0.666488029,0.728364429,0.429618688,0.989193363,2.029111284,0.47194745,0,0,1.697126138,0.502960322,0.85261844,1.680229062,0,0,0,0.95573583,1.296199086,0.768652348,0,0,0,1.147312591,1.855931939,0.863551453
k__Bacteria|p__Firmicutes|c__Clostridia|o__Eubacteriales|f__Oscillospiraceae|g__GGB3343|s__GGB3343_SGB4423|t__SGB4423,0,0,0,1.6326981,0,0,0,0,0,0,0,0,0,0,0.011527087,0.498051806,0,0,0,0,0,0,0,0,0,0,0,1.567074853,2.767578306,1.875459587,0,0,0,0,0,0,0,0,0,0,0,0
k__Bacteria|p__Firmicutes|c__Clostridia|o__Eubacteriales|f__Oscillospiraceae|g__GGB9699|s__GGB9699_SGB15216|t__SGB15216,0,0,0,0.544292238,0,0.019267196,0,0,0.050187822,0.04638479,0,0,0,0.099217394,0.030623857,0,0,0.197941411,0.104111489,0,0.136289049,0.322861956,0.363651148,0,0,0,0,0.065354523,0.101194326,0,0.010392661,0,0,0.077090243,0.049800903,0.02606322,0,0,0,0,0,0
k__Bacteria|p__Proteobacteria|c__Betaproteobacteria|o__Burkholderiales|f__Sutterellaceae|g__Parasutterella|s__Parasutterella_excrementihominis|t__SGB9262,0,0,0,0.472627621,0,0,0,0,0.013209859,0.067436282,0,0.041250505,0,0,0,0,0,0,0,0,0,0,0,0,0,0,0,0,0,0,0.013428142,0,0,0,0,0,0,0,0,0,0,0
k__Bacteria|p__Firmicutes|c__Clostridia|o__Eubacteriales|f__Clostridiaceae|g__Clostridiaceae_unclassified|s__Clostridiaceae_bacterium_Marseille_Q4149|t__SGB15091,0,0,0,0.406922201,0,0,0,0,0,0,0,0,0,1.386480579,0.150818469,0,0,0,0,0,0.33486804,0.826022682,0,0,0,0,0,0,0,0,0.804745275,0.195373009,0.244778465,0.279642588,0.813435057,0.207928601,0,0,0,0,0,0
k__Bacteria|p__Firmicutes|c__Clostridia|o__Eubacteriales|f__Oscillospiraceae|g__GGB9708|s__GGB9708_SGB15234|t__SGB15234,0,0,0,0.322616617,0,0,0,0,0.007782659,0,0,0,0.108354227,0.383429155,0,0,0,0.193875501,0.075025579,0.559686314,0,0,0,0,0,0,0,0,0,0,0.029780291,0.017977582,0,0,0,0,0,0,0,0,0,0
k__Bacteria|p__Firmicutes|c__Clostridia|o__Eubacteriales|f__Clostridiaceae|g__Clostridium|s__Clostridium_sp_AM49_4BH|t__SGB4652,0,0,0,0.212541974,0,0,0,0,0,1.860941753,0.118888192,0.046596965,0.011136452,0,0,0,0,0.132677507,0.2346655,0,0,0,0,0.529026382,0,0,0,0,0.020370445,0.049131289,0.778566401,3.174383869,0,0,0,0,0,0,0,0,0.395764665,0
k__Bacteria|p__Firmicutes|c__CFGB2982|o__OFGB2982|f__FGB2982|g__GGB9342|s__GGB9342_SGB14306|t__SGB14306,0,0,0,0.176721844,0,0.263039818,0,0,0,0,0,0,0,0,0,0,0,0,0.101303969,0,0,0,0,0,0,0,0,0,0,0,0,0,0,0,0,0,0,0,0,0,0,0
k__Bacteria|p__Firmicutes|c__Bacilli|o__Lactobacillales|f__Lactobacillaceae|g__Lacticaseibacillus|s__Lacticaseibacillus_paracasei|t__SGB7142,0,0,0,0.172638089,0,0,0,0,0,0,0,0,0,0,0,0,0,0,0,0,0,0,0,0,0,0,0,0,0,0,0,0,0,0,0,0,0,0,0,0,0,0
k__Bacteria|p__Firmicutes|c__Clostridia|o__Eubacteriales|f__Clostridiaceae|g__Butyricicoccus|s__Butyricicoccus_sp_AM29_23AC|t__SGB14991,0,0,0,0.140146666,0.28139881,0.731845179,0.363227612,0,0,0,0.570693006,0.136010343,0.180741168,0,0,0,0,0,0.080830667,0.964880912,0,0,0,0,0,0,0,0,0,0,0,0,0,0,0,0,0,0,0,0,0,0
k__Bacteria|p__Firmicutes|c__CFGB2875|o__OFGB2875|f__FGB2875|g__GGB9176|s__GGB9176_SGB14114|t__SGB14114,0,0,0,0.123836003,0,0,0,0,0,0,0,0,0,0,0,0,0,0.23442994,0,0,0,0,0,0,0,0,0,0,0,0,0,0,0,0,0,0,0,0,0,0,0,0
k__Bacteria|p__Verrucomicrobia|c__Verrucomicrobiae|o__Verrucomicrobiales|f__Akkermansiaceae|g__Akkermansia|s__Akkermansia_muciniphila|t__SGB9226,0,0,0,0.082584398,0,1.36162695,0.047074457,0,0,0.06349498,0,0,0,0,0,0,0,3.011462998,0.770331724,0,0,0,0,0,0,0,0,3.003283973,4.369565947,2.338151863,0,0,0,0.76048506,1.070109954,1.769215711,0,0,0,0,0,0
k__Bacteria|p__Firmicutes|c__Clostridia|o__Eubacteriales|f__Oscillospiraceae|g__Faecalibacterium|s__Faecalibacterium_prausnitzii|t__SGB15322,0,0,0,0,5.160663298,0.550952573,0.219752056,0,0,0,0.02915721,0.039803904,0,0,8.785288959,5.980495085,11.84343728,0,0.240038662,0,0,0,0,0,0,0,0,0,0,0,0,0,0,6.518439702,11.76220702,19.81452489,0,0,0,0,0,0
k__Bacteria|p__Firmicutes|c__Clostridia|o__Eubacteriales|f__Oscillospiraceae|g__Ruminococcus|s__Ruminococcus_callidus|t__SGB4422,0,0,0,0,1.861014997,0.629019195,0.094561179,0,0,0,0,0.530954852,1.984591481,0,0,0.036512341,0,0,0,0,0,0,0,3.501435234,0,0,0,0,0,0,0,0,0,0,0,0,0,0,0,0,0,0
k__Bacteria|p__Firmicutes|c__Clostridia|o__Eubacteriales|f__Clostridiaceae|g__Clostridium|s__Clostridium_sp_AF36_4|t__SGB4644,0,0,0,0,0.193095523,0.352009646,0.133008627,0,0,0,0,0,0,0,0,0.815595989,0.050994837,0,0,0,0,0,0,0,0,0,0,0,0,0,0.032627126,0.19288949,0,0.124289399,0.110371686,0,0,0,0,0,0,0
k__Bacteria|p__Firmicutes|c__Clostridia|o__Eubacteriales|f__Lachnospiraceae|g__Coprococcus|s__Coprococcus_eutactus|t__SGB5118,0,0,0,0,0.170606297,0.327639685,0.116426447,0,0,0,0,0,0,0,0,0,0,0,0,0,0,0,0,0,0,0,0,0,0,0,1.044668267,0.069933827,0,0,0,0,0,0,0,0,0,0
k__Bacteria|p__Firmicutes|c__Clostridia|o__Eubacteriales|f__Lachnospiraceae|g__Blautia|s__Blautia_faecicola|t__SGB4867,0,0,0,0,0.145613017,0.173518341,0.089614009,0,0,0,0,0,0,0,0,0,0,0,0,0,0,0,0,0,10.78822386,6.375091461,4.44549624,0,0,0,0,0,0,0,0,0,0,0,0,0,0,0
k__Bacteria|p__Firmicutes|c__Clostridia|o__Eubacteriales|f__Oscillospiraceae|g__Faecalibacterium|s__Faecalibacterium_SGB15315|t__SGB15315,0,0,0,0,0.142392396,0,0.018735115,0,0,0,2.80840164,3.377716956,0.077642622,0,0.717908185,0.224355969,0.040589879,0.618493442,1.439048492,0,0.077646081,0.349234843,0,0.205671925,0,0,0,0,0,0,1.332584432,1.991326611,0,0,0.018805935,0.032055026,0,0,0,5.062641938,2.648038593,0.029831838
k__Bacteria|p__Firmicutes|c__Clostridia|o__Eubacteriales|f__Lachnospiraceae|g__Lachnospiraceae_unclassified|s__Lachnospiraceae_bacterium|t__SGB4922,0,0,0,0,0.074389259,0.074805396,0.02845386,0,0,0,0,0,0,0,0,0,0,0,0.108603522,0,0,0,0,0.033758839,0,0,0,0,0,0,0,0,0,0,0,0,0,0,0,0,0,0
k__Bacteria|p__Firmicutes|c__CFGB2942|o__OFGB2942|f__FGB2942|g__GGB9278|s__GGB9278_SGB14230|t__SGB14230,0,0,0,0,0.059703542,1.186307634,0.916867816,0,0,0,0,0,0,0,0,0,0,0,0,0,0,0,0,0,0,0,0,0,0,0,0,0,0,0,0,0,0,0,0,0,0,0
k__Bacteria|p__Firmicutes|c__Clostridia|o__Eubacteriales|f__Oscillospiraceae|g__Oscillospiraceae_unclassified|s__Clostridium_leptum|t__SGB14853,0,0,0,0,0.05941219,0,0,0,0.025462382,0,0,0,0,0.055424594,0,0,0,0.005032068,0,0,0,0,0.035560494,0,0,0,0.084050221,0,0,0.003245828,0.073468913,0,0,0.133525505,0.084069496,0,0,0,0,0.08410217,0,0
k__Bacteria|p__Firmicutes|c__CFGB2949|o__OFGB2949|f__FGB2949|g__GGB9290|s__GGB9290_SGB14247|t__SGB14247,0,0,0,0,0.046151736,0.584895288,0.424693142,0,0.516899446,0.052947952,0,0,0,0,0,0,0,0,0,0,0,0,0,0,0,0,0,0,0.002566611,0,0,0,0,0,0,0,0,0,0,0,0,0
k__Bacteria|p__Firmicutes|c__Clostridia|o__Eubacteriales|f__Lachnospiraceae|g__GGB3746|s__GGB3746_SGB5089|t__SGB5089,0,0,0,0,0.044419372,0,0,0,0,0,0,0,0,0,0,0,0,0,0,0,0.305904189,0.019498119,0,0,0,0,0,0,0,0,0,0.801875795,0.033594645,0,0,0,0.794302291,0,0,0,0,0
k__Bacteria|p__Bacteroidetes|c__Bacteroidia|o__Bacteroidales|f__Bacteroidaceae|g__Bacteroides|s__Bacteroides_cellulosilyticus|t__SGB1844,0,0,0,0,0.02263884,0.229413491,0.001061198,0,0,0.046878516,0.021595795,0,0.268451011,0,0,0.145680468,0.122978006,0.03914546,0,0,0,0,0,0,0,0,0,0,0,0,1.969872377,0.130861675,0.008009211,0.036619149,0.032431532,0.116957939,0,0,0,0,0,0
k__Bacteria|p__Firmicutes|c__Clostridia|o__Eubacteriales|f__Clostridiaceae|g__Clostridiaceae_unclassified|s__Clostridiaceae_bacterium_AF18_31LB|t__SGB4767,0,0,0,0,0.01305572,0.026617124,0,0,0,0.006290762,0.067145689,0,0,0,0,0,0,0,0,0,0.153181686,0.171196846,0,0,0,0,0.016861166,0.068989682,0.026324008,0,0.020065039,0.128532839,0,0,0,0,0,0,0,0,0,0
k__Bacteria|p__Firmicutes|c__Clostridia|o__Eubacteriales|f__Lachnospiraceae|g__GGB3653|s__GGB3653_SGB4964|t__SGB4964,0,0,0,0,0.012087172,1.925616316,0.08314757,0,0,0,0,0,0,0,0,0,0,0,0,0,0,0,0,0,0,0,0,0,0.656345795,0.479938625,0,0,0,0,0,0,0,0,0,0,0,0
k__Bacteria|p__Proteobacteria|c__CFGB2403|o__OFGB2403|f__FGB2403|g__GGB6601|s__GGB6601_SGB9333|t__SGB9333,0,0,0,0,0.012079297,0.042558194,0.005229647,0,0,0,0,0,0,0,0.015653216,0,0,0,0,0,1.640351828,0.139478786,0,0,0,0,0,0,0,0,0,0,0,0,0,0,0,0,0,0,0,0
k__Bacteria|p__Firmicutes|c__CFGB3054|o__OFGB3054|f__FGB3054|g__GGB9677|s__GGB9677_SGB15180|t__SGB15180,0,0,0,0,0,2.290654643,0,0,0,0.01438618,0,0,0,0,0,0,0,1.488203801,0.599910926,0.150535664,0,0,0,0,0,0,0,0,0,0,0,0,0,0,0,0,0,0,0,0,0,0
k__Bacteria|p__Firmicutes|c__Clostridia|o__Eubacteriales|f__Eubacteriaceae|g__GGB3278|s__GGB3278_SGB4328|t__SGB4328,0,0,0,0,0,0.127301407,0,0,0,0,0,0,0,0,0,0.451160067,0,0,0,0,0,0,0,0,0,0,0,0,0,0,0,0,0,0,0,0,0,0,0,0,0,0
k__Bacteria|p__Firmicutes|c__Clostridia|o__Eubacteriales|f__Oscillospiraceae|g__Monoglobus|s__Monoglobus_pectinilyticus|t__SGB4166,0,0,0,0,0,0.124316006,0,0,0,0,0,0,0,0,0,0,0,0,0,0,0,0,0,0,0,0,0,0,0,0,0,0,0,0,0.01805718,0,0,0,0,0,0,0
k__Bacteria|p__Firmicutes|c__CFGB1474|o__OFGB1474|f__FGB1474|g__GGB51269|s__GGB51269_SGB5062|t__SGB5062,0,0,0,0,0,0.121679442,0.022010324,0,0,0,0,0,0,0,0,0,0,0,0,0,0,0,0,0,0,0,0,0,0,0,0,0,0,0,0,0,0,0,0,0,0,0
k__Bacteria|p__Firmicutes|c__CFGB2932|o__OFGB2932|f__FGB2932|g__GGB9261|s__GGB9261_SGB14209|t__SGB14209,0,0,0,0,0,0.107109386,0.189763657,0,0,0,0,0,0,0,0,0,0,0,0,0,0,0,0,0,0,0,0,0,0,0,0,0,0,0,0,0,0,0,0,0,0,0
k__Bacteria|p__Bacteroidetes|c__Bacteroidia|o__Bacteroidales|f__Bacteroidaceae|g__Bacteroides|s__Bacteroides_xylanisolvens|t__SGB1867,0,0,0,0,0,0.026243949,0,0,0,0.053637467,0,0,0,0,0,0,0,0.005265556,0,0,0.047022106,0.027961311,0,0,0,0,0,0,0,0,0.028245402,0,0,0.118297486,0,0,0,0,0,0.023651041,0.189782295,0
k__Bacteria|p__Firmicutes|c__Clostridia|o__Eubacteriales|f__Lachnospiraceae|g__Blautia|s__Blautia_SGB101324|t__SGB101324,0,0,0,0,0,0.012825868,0.009840898,0,0,0,0,0,0,0,0,0,0,0,0,0,0.305868867,0.203898217,0.221933111,0,0,0,0,0,0,0.096468588,0,0,0,0,0,0,0,0,0,0,0,0
k__Bacteria|p__Firmicutes|c__Clostridia|o__Eubacteriales|f__Eubacteriaceae|g__GGB3277|s__GGB3277_SGB4327|t__SGB4327,0,0,0,0,0,0,0.115273635,0,0,0,0,0,0,0.117860835,0,0,0.0628839,0,0,0,0,0,0,0,0,0,0,0.359731914,0.816019866,0.729109073,0,0,0,0,0,0,0,0,0,0,0,0
k__Bacteria|p__Firmicutes|c__Clostridia|o__Eubacteriales|f__Oscillospiraceae|g__GGB9715|s__GGB9715_SGB15265|t__SGB15265,0,0,0,0,0,0,0.11215875,0,0,0,0,0,0,0.015977643,0.349869705,0.056407584,0,0.132814379,0.074101257,0.16854361,0.172758777,2.242216447,1.223779488,0,0,0,0,0,0,0,0,0,0,0,0,0.032373982,0,0,0,0,0,0
k__Bacteria|p__Firmicutes|c__Clostridia|o__Eubacteriales|f__Lachnospiraceae|g__Butyrivibrio|s__Butyrivibrio_crossotus|t__SGB5065,0,0,0,0,0,0,0.101684187,0,0,0,0,0,0,0,0,0,0,0,0,0,0,0,0,0,0,0,0,0,0,0,0.241046291,0.171122178,0,0,0,0,0,0,0,0,0,0
k__Bacteria|p__Firmicutes|c__Clostridia|o__Eubacteriales|f__Clostridiaceae|g__Clostridium|s__Clostridium_sp_1001270H_150608_G6|t__SGB5111,0,0,0,0,0,0,0.030026572,0,0,0,0,0,0,0,0,0.0769987,0,0,0,0,0,0,0,4.085066119,0,0,0,0.226492358,1.557396835,2.327702332,0,0,0,0,0,0,0,0,0,0,0,0
k__Bacteria|p__Firmicutes|c__Negativicutes|o__Veillonellales|f__Veillonellaceae|g__Dialister|s__Dialister_hominis|t__SGB5803_group,0,0,0,0,0,0,0,1.528030916,0.035318122,0,0,0,0,0,0,0,0,0,0,0,0,0,0,0,0,0,0,0,0,0,0,0,0,0,0,0,0,0,0,0,0,0
k__Bacteria|p__Firmicutes|c__Clostridia|o__Eubacteriales|f__Lachnospiraceae|g__Mediterraneibacter|s__Ruminococcus_torques|t__SGB4608,0,0,0,0,0,0,0,1.181314122,0.25163473,0.237269818,0,0,0,0,0,0.02784328,0.110942965,0.034201957,0,0,0,0,0,0,0,0,0,0,0,0.678951326,0.266273362,0.215765362,0,0.249511824,0.118399034,0,0.905751273,0.420389667,0.022155124000000002,0.823682199,0.465078589,0
k__Bacteria|p__Firmicutes|c__Clostridia|o__Eubacteriales|f__Oscillospiraceae|g__Ruminococcus|s__Ruminococcus_sp_BSD2780120874_150323_B10|t__SGB4290,0,0,0,0,0,0,0,0.655612358,0,0,0,0,0,0,0,0,0,0,0,0,0,0,0,0,0,0,0,1.18358122,3.734922635,1.162302231,0,0,0,0,0,0,0,0,0,0,0,0
k__Bacteria|p__Bacteroidetes|c__Bacteroidia|o__Bacteroidales|f__Bacteroidaceae|g__Phocaeicola|s__Phocaeicola_dorei|t__SGB1815,0,0,0,0,0,0,0,0.634284648,0.081628389,4.064964104,0.234931577,0.002207185,0.202915374,0.132509866,0,0,0,1.584690678,0.9536412,0,1.994002219,0.872935829,0.04080737,0,0.004581456,0.033401213,0.093891226,0,0,0,0.283594464,0.007957572,0.00924077,0.385297137,0.067248631,0.009158579,0,0.495361673,0.05161717,0,0,0
k__Bacteria|p__Firmicutes|c__Clostridia|o__Clostridiales|f__Clostridiales_unclassified|g__Lawsonibacter|s__Lawsonibacter_asaccharolyticus|t__SGB15154,0,0,0,0,0,0,0,0.489638423,0.238762349,0.244948122,0,0,0,0.171416799,0.152820179,0.018721483,0.046145137,0,0.033042354,0.020001795,0,0,0,0.063722493,0,0.14523831,0.186431368,0.044844077,0,0.126929433,0.178072937,0,0,0.294853487,0.14336043,0.733316636,0,0,0,0,0,0
k__Bacteria|p__Firmicutes|c__Clostridia|o__Eubacteriales|f__Oscillospiraceae|g__Flavonifractor|s__Flavonifractor_plautii|t__SGB15132,0,0,0,0,0,0,0,0.370801192,0.682277515,0.256286816,0,0,0,0.021943545,0,0,0,0.058202907,0.159985461,0,0,0.02705364,0,0,0.097944105,1.195042132,0.979864723,0,0,0,0,0,0.069040707,0.103720017,0.028992483,0.121263839,0.048045803,0.247002573,0.026959446,0.12702411,0.052274106,0
k__Bacteria|p__Actinobacteria|c__Coriobacteriia|o__Eggerthellales|f__Eggerthellaceae|g__Ellagibacter|s__Ellagibacter_isourolithinifaciens|t__SGB14816_group,0,0,0,0,0,0,0,0.33154835,0.514757492,0,0,0,0,0,0.046890624,0.051863454,0.107179988,0,0,0,0,0,0,0,0,0,0,0,0,0,0,0,0,0,0,0,0,0,0,0,0,0
k__Bacteria|p__Firmicutes|c__Clostridia|o__Eubacteriales|f__Oscillospiraceae|g__Anaeromassilibacillus|s__Anaeromassilibacillus_sp_An250|t__SGB14894,0,0,0,0,0,0,0,0.1995203,0.500666058,0.021400507,0,0,0,0,0,0,0,0,0,0,0,0,0,0,0,0,0,0,0,0,0,0,0,0,0.001880594,0,0,0,0,0,0,0
k__Bacteria|p__Firmicutes|c__Clostridia|o__Eubacteriales|f__Clostridiaceae|g__Clostridiaceae_unclassified|s__Clostridiaceae_bacterium|t__SGB4721,0,0,0,0,0,0,0,0.18583008,0.200558445,0.055935851,0,0,0,0,0,0.51575044,0,0.346343123,0.187870616,0,0.005130487,0.087691109,0,0,0,0,0,0,0,0.692563458,0.133012346,0.126229784,0.692160618,0,0,0,0,0,0,0,0,0
k__Bacteria|p__Bacteroidetes|c__Bacteroidia|o__Bacteroidales|f__Bacteroidaceae|g__Phocaeicola|s__Phocaeicola_plebeius|t__SGB1903,0,0,0,0,0,0,0,0.150159601,0,0.494246149,0,0,0,0,0,0,0,0,0,0,0,0,0,0,0,0,0,0,0,0,0,0,0,0,0,0,0,0,0,0,0,0
k__Bacteria|p__Firmicutes|c__Clostridia|o__Eubacteriales|f__Oscillospiraceae|g__Dysosmobacter|s__Dysosmobacter_welbionis|t__SGB15078,0,0,0,0,0,0,0,0.052283854,0.973225007,0.384485555,0,0,0,0.087971327,0,0,0,0.067131807,0.050595834,0,0,0,0,0,0.244612616,0.3037206,0.090623063,0.045055605,0,0.08185774,0.948896291,0.026932,0,0.142590414,0.12248236,0.147744738,0,0.037151648,0,0,0,0
k__Bacteria|p__Firmicutes|c__Erysipelotrichia|o__Erysipelotrichales|f__Erysipelotrichaceae|g__Holdemanella|s__Holdemanella_biformis|t__SGB6806,0,0,0,0,0,0,0,0.042369098,0,0.012189947,0,0,0,0,0.034473889,0.094026614,0.146496617,0,0,0,0.592981874,0.482923023,1.054502255,0.047642688,0,0,0,0,0,0,0,0,0.112602009,0,0,0,0.031765415,0.055254598,0.073680226,0.061425452,0.807519467,0.207034785
k__Bacteria|p__Firmicutes|c__Clostridia|o__Eubacteriales|f__Clostridiaceae|g__Clostridium|s__Clostridium_sp_AM22_11AC|t__SGB4749,0,0,0,0,0,0,0,0.015394838,0,0.117115422,0.046869225,0,0,0,0,0,0,0,0,0,0,0.098835293,0,0,2.019122055,0.5416582,0.091627247,0.017979936,0,0,0,0,0,0,0,0,0,0,0,0,0.004714816,0.029540755
k__Bacteria|p__Firmicutes|c__Clostridia|o__Eubacteriales|f__Oscillospiraceae|g__Ruthenibacterium|s__Ruthenibacterium_lactatiformans|t__SGB15271,0,0,0,0,0,0,0,0.014928732,0.665183214,0.013824353,0,0,0,0.045489997,0,0.048350556,0,0.086640127,0.071673832,0,0.017740359,0.008648088,0,0,0.34167227,0.541067104,0.074592631,0.063450765,0,0.18205302,0.052580693,0,0,0.111047271,0.332142418,0,0,0,0,0,0,0
k__Bacteria|p__Firmicutes|c__Clostridia|o__Eubacteriales|f__Lachnospiraceae|g__Mediterraneibacter|s__Ruminococcus_gnavus|t__SGB4584,0,0,0,0,0,0,0,0.014269523,0.013409591,0,0,0,0,0.054567424,0,0,0,0,0,0,0,0,0,0,0.100632836,0.102996355,0,0,0,0,0,0,0,0,0,0,2.132161395,2.932945387,1.046095155,0,0,0
k__Bacteria|p__Actinobacteria|c__Coriobacteriia|o__Coriobacteriales|f__Coriobacteriaceae|g__Senegalimassilia|s__Senegalimassilia_anaerobia|t__SGB14824_group,0,0,0,0,0,0,0,0,0.197996366,0,0,0,0,0,0.149737086,0,0.085210361,0,0,0,0,0,0,0,0.042099868,0,0,0.142186434,0,0.077742659,0.030749244,0,0,0.033674552,0.07255086,0.075478538,0,0,0,0.106934089,0.036030295,0
k__Bacteria|p__Proteobacteria|c__Betaproteobacteria|o__Burkholderiales|f__Sutterellaceae|g__Dakarella|s__Dakarella_massiliensis|t__SGB9271,0,0,0,0,0,0,0,0,0.186281053,0.234222332,0,0,0,0,0,0,0,0,0,0,0,0,0,0,0,0,0,0,0,0,0,0,0,0,0,0,0,0,0,0,0,0
k__Bacteria|p__Firmicutes|c__CFGB74461|o__OFGB74461|f__FGB74461|g__GGB9524|s__GGB9524_SGB14924|t__SGB14924,0,0,0,0,0,0,0,0,0.070677567,0.010172476,0,0,0,0,0,0,0,0,0,0.34209558,0,0,0,0,0,0,0,0.192592931,0.403372164,0.993805859,0,0,0,0,0,0,0,0,0,0,0,0
k__Bacteria|p__Firmicutes|c__Clostridia|o__Eubacteriales|f__Lachnospiraceae|g__Lachnospira|s__Lachnospira_pectinoschiza|t__SGB5075,0,0,0,0,0,0,0,0,0,0.176566949,0,0,0,0,0,0,0,0,0,0,0,0,0,0,0,0,0,0,0,0,0,0.200357233,0,0.200626373,0,0,0,0,0.840848478,0,0.053533723,0
k__Bacteria|p__Bacteroidetes|c__Bacteroidia|o__Bacteroidales|f__Bacteroidaceae|g__Bacteroides|s__Bacteroides_faecis|t__SGB1860,0,0,0,0,0,0,0,0,0,0.156971099,0,0,0.04846084,0,0.280277699,0.294555241,0.576311399,0.302705033,0.264166059,0,0,0,0,0,0,0.123676152,0.273740624,0.069036688,0.025852921,0.010532757,0,0,0,0,0,0,0,0,0,0.199667208,0,0.768675064
k__Bacteria|p__Bacteroidetes|c__Bacteroidia|o__Bacteroidales|f__Bacteroidaceae|g__Bacteroides|s__Bacteroides_salyersiae|t__SGB1857,0,0,0,0,0,0,0,0,0,0.154945116,0,0,0,0,0,0,0,0,0,0,0.1548683,0.024389457,0,0,0,0,0,0,0,0,0,0,0,0,0,0,0,0,0,0,0,0
k__Bacteria|p__Firmicutes|c__Negativicutes|o__Acidaminococcales|f__Acidaminococcaceae|g__Phascolarctobacterium|s__Phascolarctobacterium_faecium|t__SGB5792,0,0,0,0,0,0,0,0,0,0.149003369,0,0,0,0.055836035,0,0,0,0,0,0,0.018287846,0.096431645,0,0,0.828093791,0.511880663,0.382722,0.60581026,1.355406171,0.036332926,0,0,0,0.993459204,0.380802776,0.237591461,0,0,0,0,0,0
k__Bacteria|p__Firmicutes|c__Clostridia|o__Eubacteriales|f__Lachnospiraceae|g__Lachnospira|s__Lachnospira_sp_NSJ_43|t__SGB5087,0,0,0,0,0,0,0,0,0,0.084205971,0,0,0,0,0,0,0,0,0,0,0.074458291,0.118526712,0,0,0,0,0,0,0,0,0,0.029681917,0,0,0,0,0,0,0,0,0,0
k__Bacteria|p__Firmicutes|c__Clostridia|o__Eubacteriales|f__Clostridiaceae|g__GGB3478|s__GGB3478_SGB4643|t__SGB4643,0,0,0,0,0,0,0,0,0,0,3.393071306,0,0,0,0,0,0,0,0,0,0,0,0,0,0,0,0,0,0,0,0,0,0,0,0,0,0,0,0,0,0,0
k__Bacteria|p__Firmicutes|c__Clostridia|o__Eubacteriales|f__Lachnospiraceae|g__GGB3740|s__GGB3740_SGB5077|t__SGB5077,0,0,0,0,0,0,0,0,0,0,2.039099882,0,0,0,0,0,0,0.00455704,0,0,0,0,0,0,0,0,0,0,0,0,0,0,0,0,0,0,0,0,0,0,0,0
k__Bacteria|p__Firmicutes|c__Negativicutes|o__Veillonellales|f__Veillonellaceae|g__GGB4266|s__GGB4266_SGB5809|t__SGB5809,0,0,0,0,0,0,0,0,0,0,0.986892382,0.554779032,0.306499186,0,0,0,0,0,0,0,0,0,0,0,0,0,0,0,0,0,0,0,0,0,0,0,0,0,0,0,0,0
k__Bacteria|p__Firmicutes|c__Bacilli|o__Lactobacillales|f__Streptococcaceae|g__Streptococcus|s__Streptococcus_parasanguinis|t__SGB8071,0,0,0,0,0,0,0,0,0,0,0.232226949,0,0.444109219,0,0,0,0.089086877,0,0,0,0,0.223732511,0,0,0,0.090968834,0,0,0,0,0.120544583,0.237120186,0.148798425,0,0,0,0.035113794,0,0.099911491,0,0,0
k__Bacteria|p__Firmicutes|c__Clostridia|o__Eubacteriales|f__Lachnospiraceae|g__Dorea|s__Dorea_longicatena|t__SGB4582,0,0,0,0,0,0,0,0,0,0,0.201453559,0.034472358,0.095753751,0.078508174,0.191642609,0.379250458,0.065211432,0,0,0,1.925071785,0.462550851,4.26478181,0.645563198,0,0,0,0,0,0.013769337,0.044031614,0.11930343,0.247836973,0,0,0,0,0,0,0.648347196,2.218054333,0.062998654
k__Bacteria|p__Firmicutes|c__Negativicutes|o__Veillonellales|f__Veillonellaceae|g__Veillonella|s__Veillonella_dispar|t__SGB6952,0,0,0,0,0,0,0,0,0,0,0.111887493,0,0,0,0,0,0,0,0,0,0,0,0,0,0,0,0,0,0,0,0,0,0,0,0,0,0.149665672,0.093447524,0.144297068,0,0,0
k__Bacteria|p__Firmicutes|c__Negativicutes|o__Veillonellales|f__Veillonellaceae|g__Veillonella|s__Veillonella_atypica|t__SGB6936,0,0,0,0,0,0,0,0,0,0,0.091421375,0,0,0,0,0,0,0,0,0,0,0,0,0,0,0,0,0,0,0,0,0,0,0,0,0,0,0.088661467,0.133424569,0,0,0
k__Bacteria|p__Bacteroidetes|c__Bacteroidia|o__Bacteroidales|f__Prevotellaceae|g__Prevotella|s__Prevotella_marseillensis|t__SGB1588,0,0,0,0,0,0,0,0,0,0,0.079027912,0.186387859,2.983064087,0,0,0,0,0,0,0,0,0,0,0,0,0,0,0,0,0,0,0,0,0,0,0,0,0,0,0,0,0
k__Bacteria|p__Firmicutes|c__Clostridia|o__Eubacteriales|f__Lachnospiraceae|g__Lachnospira|s__Lachnospira_eligens|t__SGB5082,0,0,0,0,0,0,0,0,0,0,0.078269297,0,0,0,0,0,0,0.054418792,0,0,0.471545629,0.096414837,0,0.075259216,0,0,0,0.08914758,0,0,0,0.100810238,0,0.060920637,0,0,0,0,0.001975296,0,0,0
k__Bacteria|p__Firmicutes|c__Clostridia|o__Eubacteriales|f__Clostridiaceae|g__Clostridium|s__Clostridium_sp_AM33_3|t__SGB4711,0,0,0,0,0,0,0,0,0,0,0.034096454,0,0,0,0,0,0,0,0,0,0,0,0,0,0.034980037,0.119075883,0.070155963,0,0,0,0,0,0,0,0,0,0.169883597,0.181163242,0.088059713,0,0,0
k__Bacteria|p__Firmicutes|c__Bacilli|o__Lactobacillales|f__Lactobacillaceae|g__Weissella|s__Weissella_confusa|t__SGB7115,0,0,0,0,0,0,0,0,0,0,0.028332628,0,0,0,0,0,0,0,0,0,0,0.17523094,0,0,0,0,0,0,0,0,0,0,0,0,0,0,0,0,0,0,0,0
k__Bacteria|p__Bacteroidetes|c__Bacteroidia|o__Bacteroidales|f__Bacteroidaceae|g__Phocaeicola|s__Phocaeicola_massiliensis|t__SGB1812,0,0,0,0,0,0,0,0,0,0,0.003133411,0,0,0.098565945,0,0,0.42326201,0,0,0,1.416712041,1.047864212,0,0,1.024052757,2.526276234,1.992429336,0,0,0,2.944904668,0.418881106,0.139125385,0,0,0,0,6.001037178,0.075320726,0,0,0
k__Bacteria|p__Firmicutes|c__Erysipelotrichia|o__Erysipelotrichales|f__Erysipelotrichaceae|g__Catenibacterium|s__Candidatus_Catenibacterium_tridentinum|t__SGB6783,0,0,0,0,0,0,0,0,0,0,0.001987242,0,0,0,0,0,0,0,0,0,0,0,0,0.067987103,0.45098157,0,0,0,0,0,0.022054394,0.04443694,0.028888622,0,0,0,0,0,0,0,0,0
k__Bacteria|p__Firmicutes|c__Bacilli|o__Lactobacillales|f__Lactobacillaceae|g__Limosilactobacillus|s__Limosilactobacillus_fermentum|t__SGB7106,0,0,0,0,0,0,0,0,0,0,0,0,0.939426379,0,0,0,0,0,0,0,0,0,0,0,0,0,0,0,0,0,0,0,0,0,0,0,0,0,0,0,0,0
k__Bacteria|p__Firmicutes|c__Bacilli|o__Lactobacillales|f__Lactobacillaceae|g__Lactobacillus|s__Lactobacillus_acidophilus|t__SGB7044,0,0,0,0,0,0,0,0,0,0,0,0,0.228535794,0,0,0,0,0,0,0,0,0,0,0,0,0,0,0,0,0,0,0,0,0,0,0,0,0,0,0,0,0
k__Bacteria|p__Firmicutes|c__Clostridia|o__Eubacteriales|f__Oscillospiraceae|g__GGB3341|s__GGB3341_SGB4420|t__SGB4420,0,0,0,0,0,0,0,0,0,0,0,0,0,0.258779536,0,0,0.993904613,0,0,0,0,0,0,0,0,0,0,0,0,0,0,0,0,0,0,0,0,0,0,0,0,0
k__Bacteria|p__Actinobacteria|c__CFGB12107|o__OFGB12107|f__FGB12107|g__GGB9359|s__GGB9359_SGB14334|t__SGB14334,0,0,0,0,0,0,0,0,0,0,0,0,0,0.195357549,0,0,0,0,0,0,0,0,0,0,0.020881888,0.294956958,0.214329432,0,0,0,0,0,0,0,0,0,0,0,0,0,0,0
k__Bacteria|p__Firmicutes|c__Clostridia|o__Eubacteriales|f__Oscillospiraceae|g__GGB32900|s__GGB32900_SGB53446|t__SGB53446,0,0,0,0,0,0,0,0,0,0,0,0,0,0.194183226,0,0,0,0,0,0,0,0,0,0,0,0,0,0,0,0,0,0,0,0,0,0,0,0,0,0,0,0
k__Bacteria|p__Actinobacteria|c__Coriobacteriia|o__Eggerthellales|f__Eggerthellaceae|g__Gordonibacter|s__Gordonibacter_pamelaeae|t__SGB14807,0,0,0,0,0,0,0,0,0,0,0,0,0,0.183957192,0,0,0,0.042301573,0,0,0,0,0,0,0,0,0,0,0.00798411,0.008609304,0,0,0,0.028898141,0.126269666,0.120906912,0,0,0,0.347919484,0.045809821,0
k__Bacteria|p__Bacteroidetes|c__Bacteroidia|o__Bacteroidales|f__Rikenellaceae|g__GGB1689|s__GGB1689_SGB2321|t__SGB2321,0,0,0,0,0,0,0,0,0,0,0,0,0,0.148633228,0,0,0,0.359756603,0.099109784,0.326896431,0,0,0,0,0,0,0,0,0,0,0,0,0,0,0,0,0,0,0,0,0,0
k__Bacteria|p__Bacteroidetes|c__Bacteroidia|o__Bacteroidales|f__Prevotellaceae|g__Paraprevotella|s__Paraprevotella_clara|t__SGB1798,0,0,0,0,0,0,0,0,0,0,0,0,0,0.085545537,0,0,0,0,0,0,0.603569575,0.493974759,0.152234243,0.105063744,0.039145802,1.239562806,1.306854498,0,0,0,0,0,0,0,0,0,0,0,0,0,0,0
k__Bacteria|p__Actinobacteria|c__Coriobacteriia|o__Eggerthellales|f__Eggerthellaceae|g__Eggerthella|s__Eggerthella_lenta|t__SGB14809,0,0,0,0,0,0,0,0,0,0,0,0,0,0.026923701,0,0,0,0,0,0,0,0,0,0,0,0.005268465,0,0,0,0,0,0,0,0,0,0,0.216996568,0.323235576,0,0,0,0
k__Bacteria|p__Bacteroidetes|c__Bacteroidia|o__Bacteroidales|f__Bacteroidaceae|g__Bacteroides|s__Bacteroides_clarus|t__SGB1832,0,0,0,0,0,0,0,0,0,0,0,0,0,0.006428773,0,0,0,0,0,0,0,0,0,0,0,0,0,0,0,0,0,0,0,0,0,0,0,0,0,0.055657116,0.808639127,0
k__Bacteria|p__Firmicutes|c__Clostridia|o__Eubacteriales|f__Oscillospiraceae|g__Oscillospiraceae_unclassified|s__Oscillospiraceae_bacterium|t__SGB4247,0,0,0,0,0,0,0,0,0,0,0,0,0,0,1.82406368,0.262427735,0,0,0,0,0,0,0,0,0,0,0,0,0,0,0,0,0,0,0,0,0,0,0,0,0,0
k__Bacteria|p__Bacteroidetes|c__CFGB1670|o__OFGB1670|f__FGB1670|g__GGB47687|s__GGB47687_SGB2286|t__SGB2286,0,0,0,0,0,0,0,0,0,0,0,0,0,0,0.594944924,0.590921428,0.028181784,0,0,0,0,0,0,0,0,0,0,0.195256626,0.127794488,0.110977716,0,0,0,0,0,0,0,0,0,0,0,0
k__Bacteria|p__Firmicutes|c__Clostridia|o__Eubacteriales|f__Oscillospiraceae|g__Ruminococcus|s__Ruminococcus_bovis|t__SGB4272,0,0,0,0,0,0,0,0,0,0,0,0,0,0,0.290401289,2.281111647,0,0,0,0,0,0,0,0,0,0,0,0,0,0,0,0,0,0,0.5041819,0,0,0,0,0,0,2.384659155
k__Bacteria|p__Firmicutes|c__Negativicutes|o__Acidaminococcales|f__Acidaminococcaceae|g__Phascolarctobacterium|s__Phascolarctobacterium_succinatutens|t__SGB5763_group,0,0,0,0,0,0,0,0,0,0,0,0,0,0,0.198084893,0.087260722,0.185975444,0,0,0,0,0,0,0.29770315,0,0,0,0,0,0,0.793032094,0.278901738,0.256678098,0,0,0,0,0,0,0,0,0
k__Bacteria|p__Proteobacteria|c__Gammaproteobacteria|o__Enterobacterales|f__Enterobacteriaceae|g__Escherichia|s__Escherichia_coli|t__SGB10068,0,0,0,0,0,0,0,0,0,0,0,0,0,0,0,1.900486212,0,0,0,0,0,0,0,0,0,0,0,0,0,0,0,0,0,0,0,0,0,0,0.019585565,0,0,0
k__Bacteria|p__Firmicutes|c__Clostridia|o__Eubacteriales|f__Clostridiaceae|g__Clostridium|s__Clostridium_SGB4909|t__SGB4909,0,0,0,0,0,0,0,0,0,0,0,0,0,0,0,1.399734757,0.005214644,0,0,0,0.122425255,0,0.327162534,0,0,0,0,0,0,0,0,0,0,0,0,0,0,0,0,0,0,0
k__Bacteria|p__Firmicutes|c__CFGB72924|o__OFGB72924|f__FGB72924|g__GGB3612|s__GGB3612_SGB4882|t__SGB4882,0,0,0,0,0,0,0,0,0,0,0,0,0,0,0,0.17800919,0,0,0,0,0,0,0,0,0,0,0,0,0,0,0,0,0,0,0,0,0,0,0,0,0,0
k__Bacteria|p__Firmicutes|c__Clostridia|o__Eubacteriales|f__Lachnospiraceae|g__Blautia|s__Blautia_sp_Marseille_P3087|t__SGB4813,0,0,0,0,0,0,0,0,0,0,0,0,0,0,0,0.070543017,0,0,0,0,0,0,0,0,0,0,0,0,0,0.025911137,0,0.129280473,0.250944416,0,0,0,0.134190465,0.100507196,0,0.03050579,0.115324935,0.127594106
k__Bacteria|p__Bacteroidetes|c__Bacteroidia|o__Bacteroidales|f__Prevotellaceae|g__Prevotella|s__Prevotella_copri_clade_A|t__SGB1626,0,0,0,0,0,0,0,0,0,0,0,0,0,0,0,0.001651649,0,0,0,0,0,0,0,1.156504771,0,0,0,8.920641663,2.496224166,0.676842925,0,0,0,0,0,0,0,0,0,0,0,0
k__Bacteria|p__Firmicutes|c__Clostridia|o__Eubacteriales|f__Clostridiaceae|g__Clostridium|s__Clostridium_sp_AF34_13|t__SGB4659,0,0,0,0,0,0,0,0,0,0,0,0,0,0,0,0,0.154687582,0,0,0,0,0,0,0,0,0,0,0,0,0,0,0,0,0,0,0,0,0,0,0,0,0
k__Bacteria|p__Bacteroidetes|c__Bacteroidia|o__Bacteroidales|f__Bacteroidaceae|g__Bacteroides|s__Bacteroides_ovatus|t__SGB1871,0,0,0,0,0,0,0,0,0,0,0,0,0,0,0,0,0.020672048,0,0,0,0.033193633,0,0,0,0.482229224,0.402013887,0.482638332,0,0,0,0,0,0,0.107075488,0,0.102612537,0,0.481557577,0.038016084,0.010260568,0.101696578,0
k__Bacteria|p__Bacteroidetes|c__Bacteroidia|o__Bacteroidales|f__Rikenellaceae|g__Alistipes|s__Alistipes_SGB2313|t__SGB2313,0,0,0,0,0,0,0,0,0,0,0,0,0,0,0,0,0,4.140022914,0.406658509,0.703401745,0,0,0,0,0,0,0,0,0,0,0,0,0,0,0,0,0,0,0,0,0,0
k__Bacteria|p__Bacteroidetes|c__Bacteroidia|o__Bacteroidales|f__Bacteroidaceae|g__Bacteroides|s__Bacteroides_eggerthii|t__SGB1829,0,0,0,0,0,0,0,0,0,0,0,0,0,0,0,0,0,2.833521036,3.533614088,0.045842722,6.23789522,1.044880664,0.497921766,0,0,0,0,0,0,0,0,0,0,0,0,0,0,0,0,0,0,0
k__Bacteria|p__Firmicutes|c__Negativicutes|o__Acidaminococcales|f__Acidaminococcaceae|g__GGB15850|s__GGB15850_SGB5785|t__SGB5785,0,0,0,0,0,0,0,0,0,0,0,0,0,0,0,0,0,0.583124045,0.64793248,0.036601387,0.601300151,0.845823358,0,0,0,0,0,0,0,0,0,0,0,0,0,0,0,0,0,0,0,0
k__Bacteria|p__Proteobacteria|c__CFGB2404|o__OFGB2404|f__FGB2404|g__GGB6608|s__GGB6608_SGB9342|t__SGB9342,0,0,0,0,0,0,0,0,0,0,0,0,0,0,0,0,0,0.478014217,0.221785461,0,0,0,0,0,0,0,0,0,0,0,0,0,0,0,0,0,0,0,0,0,0,0
k__Bacteria|p__Firmicutes|c__Clostridia|o__Eubacteriales|f__Lachnospiraceae|g__Sellimonas|s__Sellimonas_intestinalis|t__SGB4617,0,0,0,0,0,0,0,0,0,0,0,0,0,0,0,0,0,0.442282511,0.390314422,0,0,0,0,0,0,0,0,0,0,0.040374028,0,0,1.21480652,0,0,0,0,0,0,0,0,0
k__Bacteria|p__Actinobacteria|c__Coriobacteriia|o__Eggerthellales|f__Eggerthellaceae|g__Slackia|s__Slackia_isoflavoniconvertens|t__SGB14773,0,0,0,0,0,0,0,0,0,0,0,0,0,0,0,0,0,0.20414897,0,0.619762909,0.04430233,0.019397267,0,0.13366686,0,0,0,0,0,0,0,0.309185199,0,0,0,0,0,0,0,0,0,0
k__Bacteria|p__Bacteroidetes|c__CFGB602|o__OFGB602|f__FGB602|g__GGB1420|s__GGB1420_SGB1957|t__SGB1957,0,0,0,0,0,0,0,0,0,0,0,0,0,0,0,0,0,0.119634388,0,0,0,0,0,0,0,0,0,0.066333822,0,0,0,0,0,0,0,0,0,0,0,0,0,0
k__Bacteria|p__Bacteroidetes|c__Bacteroidia|o__Bacteroidales|f__Bacteroidaceae|g__Bacteroides|s__Bacteroides_fragilis|t__SGB1855,0,0,0,0,0,0,0,0,0,0,0,0,0,0,0,0,0,0.102758846,0.022598378,0,0,0,0,0,0,0,0,0,0,0,0,0,0,0,0,0,0,0,0,0,0.057216353,0
k__Bacteria|p__Actinobacteria|c__Actinomycetia|o__Bifidobacteriales|f__Bifidobacteriaceae|g__Bifidobacterium|s__Bifidobacterium_pseudocatenulatum|t__SGB17237,0,0,0,0,0,0,0,0,0,0,0,0,0,0,0,0,0,0,0,1.678671248,0,0,0,0,2.352507018,2.252898567,6.210779101,0,0,0,0.450520157,0.708069252,0.573996203,0,0,0,0,0,0,0,0,0
k__Bacteria|p__Firmicutes|c__Clostridia|o__Eubacteriales|f__Lachnospiraceae|g__Roseburia|s__Roseburia_sp_AM16_25|t__SGB4957,0,0,0,0,0,0,0,0,0,0,0,0,0,0,0,0,0,0,0,0,1.486048676,0.289429406,0,0,0,0,0,0,0.013856451,0,0,0,0,0,0,0,0,0,0,0,0,0
k__Bacteria|p__Bacteroidetes|c__Bacteroidia|o__Bacteroidales|f__Bacteroidaceae|g__Bacteroides|s__Bacteroides_finegoldii|t__SGB1862,0,0,0,0,0,0,0,0,0,0,0,0,0,0,0,0,0,0,0,0,0.716563917,0.089691347,0,0,0,0,0,0,0,0,0,0,0,0.100681261,0.015706439,0,0,0,0,0,0,0
k__Bacteria|p__Proteobacteria|c__Deltaproteobacteria|o__Desulfovibrionales|f__Desulfovibrionaceae|g__Desulfovibrio|s__Desulfovibrio_piger|t__SGB15465,0,0,0,0,0,0,0,0,0,0,0,0,0,0,0,0,0,0,0,0,0.221485159,0.205671538,0,0,0,0,0,0,0,0,0,0,0,0,0,0,0,0,0,0,0,0
k__Bacteria|p__Firmicutes|c__Clostridia|o__Eubacteriales|f__Lachnospiraceae|g__Blautia|s__Blautia_obeum|t__SGB4810,0,0,0,0,0,0,0,0,0,0,0,0,0,0,0,0,0,0,0,0,0.20655288,2.936492357,0.276011109,1.130805726,0,0,0,0,0.019306438,0,0,0,3.832269008,0,0,0,0,0,0,0.41384579,0.623195512,0.266523811
k__Bacteria|p__Bacteroidetes|c__Bacteroidia|o__Bacteroidales|f__Bacteroidaceae|g__Bacteroides|s__Bacteroides_thetaiotaomicron|t__SGB1861,0,0,0,0,0,0,0,0,0,0,0,0,0,0,0,0,0,0,0,0,0,0.095347483,0,0,0,0.019189207,0,0,0,0,0.156232913,0,0,0.091941628,0.063513564,0,0,0.017930996,0,0,0,0
k__Bacteria|p__Firmicutes|c__Clostridia|o__Eubacteriales|f__Clostridiaceae|g__Clostridium|s__Clostridium_sp_D5|t__SGB4615,0,0,0,0,0,0,0,0,0,0,0,0,0,0,0,0,0,0,0,0,0,0,0.41275921,0,0,0,0,0,0,0,0,0,0,0,0,0,0,0,0,0,0,0
k__Bacteria|p__Firmicutes|c__Clostridia|o__Eubacteriales|f__Lachnospiraceae|g__Blautia|s__Blautia_hydrogenotrophica|t__SGB4677,0,0,0,0,0,0,0,0,0,0,0,0,0,0,0,0,0,0,0,0,0,0,0.115970174,0,0,0,0,0,0,0,0,0,0,0,0,0,0,0,0,0,0,0
k__Bacteria|p__Bacteroidetes|c__CFGB629|o__OFGB629|f__FGB629|g__GGB1495|s__GGB1495_SGB2071|t__SGB2071,0,0,0,0,0,0,0,0,0,0,0,0,0,0,0,0,0,0,0,0,0,0,0,0.706922652,0,0,0,0,0,0,0,0,0,0,0,0,0,0,0,0,0,0
k__Bacteria|p__Firmicutes|c__Clostridia|o__Eubacteriales|f__Lachnospiraceae|g__GGB3433|s__GGB3433_SGB4573|t__SGB4573,0,0,0,0,0,0,0,0,0,0,0,0,0,0,0,0,0,0,0,0,0,0,0,0,2.078521785,1.032550669,1.589906648,0,0,0,0,0,0,0,0,0,0,0,0,0,0,0
k__Bacteria|p__Firmicutes|c__Clostridia|o__Eubacteriales|f__Clostridiaceae|g__Clostridium|s__Clostridium_sp_AT4|t__SGB4753,0,0,0,0,0,0,0,0,0,0,0,0,0,0,0,0,0,0,0,0,0,0,0,0,0.433708242,0.282852338,0.108661864,0,0,0,0,0,0,0,0,0,0,0,0,0,0,0
k__Bacteria|p__Firmicutes|c__Clostridia|o__Eubacteriales|f__Lachnospiraceae|g__Blautia|s__Blautia_caecimuris|t__SGB4862,0,0,0,0,0,0,0,0,0,0,0,0,0,0,0,0,0,0,0,0,0,0,0,0,0.310645728,0.059812073,0.064149115,0,0,0,0,0,0,0,0,0,0,0,0,0,0,0
k__Bacteria|p__Firmicutes|c__Clostridia|o__Eubacteriales|f__Lachnospiraceae|g__Lachnoclostridium|s__Clostridium_symbiosum|t__SGB4699,0,0,0,0,0,0,0,0,0,0,0,0,0,0,0,0,0,0,0,0,0,0,0,0,0.280600927,0.07948101,0.079713971,0,0,0,0,0,0,0,0,0,0,0,0,0,0,0
k__Bacteria|p__Firmicutes|c__Clostridia|o__Eubacteriales|f__Lachnospiraceae|g__Lachnospiraceae_unclassified|s__Lachnospiraceae_bacterium_2_1_46FAA|t__SGB4549,0,0,0,0,0,0,0,0,0,0,0,0,0,0,0,0,0,0,0,0,0,0,0,0,0.240349562,0,0,0,0,0,0,0,0,0,0,0,0,0,0,0,0,0
k__Bacteria|p__Firmicutes|c__Clostridia|o__Eubacteriales|f__Lachnospiraceae|g__Mediterraneibacter|s__Mediterraneibacter_glycyrrhizinilyticus|t__SGB4606,0,0,0,0,0,0,0,0,0,0,0,0,0,0,0,0,0,0,0,0,0,0,0,0,0.160342124,0.150035612,0.053833404,0,0,0,0,0,0,0,0,0,0,0,0,0,0,0
k__Bacteria|p__Firmicutes|c__Clostridia|o__Eubacteriales|f__Lachnospiraceae|g__Lacrimispora|s__Lacrimispora_saccharolytica|t__SGB4701,0,0,0,0,0,0,0,0,0,0,0,0,0,0,0,0,0,0,0,0,0,0,0,0,0.097546102,0.116257468,0.169597589,0,0,0,0,0,0,0,0,0,0,0,0,0,0,0
k__Bacteria|p__Firmicutes|c__Clostridia|o__Eubacteriales|f__Oscillospiraceae|g__Phocea|s__Phocea_massiliensis|t__SGB14837,0,0,0,0,0,0,0,0,0,0,0,0,0,0,0,0,0,0,0,0,0,0,0,0,0.079547524,0.069072579,0.189854724,0,0,0,0,0,0,0,0,0,0,0,0,0,0,0
k__Bacteria|p__Bacteroidetes|c__Bacteroidia|o__Bacteroidales|f__Bacteroidaceae|g__GGB1387|s__GGB1387_SGB1895|t__SGB1895,0,0,0,0,0,0,0,0,0,0,0,0,0,0,0,0,0,0,0,0,0,0,0,0,0,0,0,0.350189621,0.210535205,0.10793533,0,0,0,6.909215159,2.204168793,2.153306465,0,0,0,0,0,0
k__Bacteria|p__Firmicutes|c__CFGB4529|o__OFGB4529|f__FGB4529|g__GGB3654|s__GGB3654_SGB4965|t__SGB4965,0,0,0,0,0,0,0,0,0,0,0,0,0,0,0,0,0,0,0,0,0,0,0,0,0,0,0,0.231545543,0,0.397368837,0,0,0,0,0,0,0,0,0,0,0,0
k__Bacteria|p__Firmicutes|c__Clostridia|o__Eubacteriales|f__Eubacteriaceae|g__Eubacteriaceae_unclassified|s__Eubacteriaceae_bacterium|t__SGB4546,0,0,0,0,0,0,0,0,0,0,0,0,0,0,0,0,0,0,0,0,0,0,0,0,0,0,0,0.005217707,0,1.103951312,0,0,0,0,0,0,0,0,0,0,0,0
k__Bacteria|p__Actinobacteria|c__Coriobacteriia|o__Coriobacteriales|f__Coriobacteriaceae|g__Enorma|s__Enorma_massiliensis|t__SGB14749,0,0,0,0,0,0,0,0,0,0,0,0,0,0,0,0,0,0,0,0,0,0,0,0,0,0,0,0,0,0.42653505,0,0,0,0,0,0,0,0,0,0,0,0
k__Bacteria|p__Firmicutes|c__Clostridia|o__Eubacteriales|f__Oscillospiraceae|g__Neglectibacter|s__Neglectibacter_timonensis|t__SGB14851,0,0,0,0,0,0,0,0,0,0,0,0,0,0,0,0,0,0,0,0,0,0,0,0,0,0,0,0,0,0.202203044,0,0,0,0,0,0,0,0,0,0,0,0
k__Bacteria|p__Firmicutes|c__CFGB1354|o__OFGB1354|f__FGB1354|g__GGB3304|s__GGB3304_SGB4365|t__SGB4365,0,0,0,0,0,0,0,0,0,0,0,0,0,0,0,0,0,0,0,0,0,0,0,0,0,0,0,0,0,0,0.577212874,0.127896921,0.230741955,0,0,0,0,0,0,0,0,0
k__Bacteria|p__Proteobacteria|c__Deltaproteobacteria|o__Desulfovibrionales|f__Desulfovibrionaceae|g__Desulfovibrio|s__Desulfovibrio_fairfieldensis|t__SGB15470,0,0,0,0,0,0,0,0,0,0,0,0,0,0,0,0,0,0,0,0,0,0,0,0,0,0,0,0,0,0,0.146088921,0,0,0,0,0,0,0,0,0,0,0
k__Bacteria|p__Bacteroidetes|c__Bacteroidia|o__Bacteroidales|f__Tannerellaceae|g__Parabacteroides|s__Parabacteroides_johnsonii|t__SGB1948,0,0,0,0,0,0,0,0,0,0,0,0,0,0,0,0,0,0,0,0,0,0,0,0,0,0,0,0,0,0,0.030320504,0,0,0,0,0,0,0,0,0,0.260032185,0.031902685
k__Bacteria|p__Firmicutes|c__CFGB9583|o__OFGB9583|f__FGB9583|g__GGB3490|s__GGB3490_SGB4664|t__SGB4664,0,0,0,0,0,0,0,0,0,0,0,0,0,0,0,0,0,0,0,0,0,0,0,0,0,0,0,0,0,0,0,1.01119604,0,0,0,0,0,0,0,0,0,0
k__Bacteria|p__Actinobacteria|c__Actinomycetia|o__Bifidobacteriales|f__Bifidobacteriaceae|g__Bifidobacterium|s__Bifidobacterium_angulatum|t__SGB17231,0,0,0,0,0,0,0,0,0,0,0,0,0,0,0,0,0,0,0,0,0,0,0,0,0,0,0,0,0,0,0,0,0,1.687862021,5.211368434,1.792021028,0,0,0,0,0,0
k__Bacteria|p__Firmicutes|c__Clostridia|o__Eubacteriales|f__Lachnospiraceae|g__Lachnospiraceae_unclassified|s__Lachnospiraceae_bacterium|t__SGB4967,0,0,0,0,0,0,0,0,0,0,0,0,0,0,0,0,0,0,0,0,0,0,0,0,0,0,0,0,0,0,0,0,0,0.015056822,0.104904034,0,0,0,0,0,0,0
k__Bacteria|p__Proteobacteria|c__Gammaproteobacteria|o__Pasteurellales|f__Pasteurellaceae|g__Haemophilus|s__Haemophilus_pittmaniae|t__SGB9656,0,0,0,0,0,0,0,0,0,0,0,0,0,0,0,0,0,0,0,0,0,0,0,0,0,0,0,0,0,0,0,0,0,0,0,0,0,0,0.102732147,0,0,0
k__Bacteria|p__Bacteroidetes|c__Bacteroidia|o__Bacteroidales|f__Prevotellaceae|g__Paraprevotella|s__Paraprevotella_xylaniphila|t__SGB1797,0,0,0,0,0,0,0,0,0,0,0,0,0,0,0,0,0,0,0,0,0,0,0,0,0,0,0,0,0,0,0,0,0,0,0,0,0,0,0,2.681586559,1.280540641,0.24346173
k__Bacteria|p__Firmicutes|c__Clostridia|o__Eubacteriales|f__Eubacteriaceae|g__Eubacterium|s__Eubacterium_SGB4961|t__SGB4961,0,0,0,0,0,0,0,0,0,0,0,0,0,0,0,0,0,0,0,0,0,0,0,0,0,0,0,0,0,0,0,0,0,0,0,0,0,0,0,0,0.459182882,0.023685831
